<?xml version="1.0" encoding="UTF-8" standalone="yes"?>
<addon id="weather.noaa" name="NOAA (weather.gov)" version="1.0.9" provider-name="randall">
	<requires>
		<import addon="xbmc.python" version="2.26.0"/>
		<import addon="script.module.dateutil" version="2.7.3"/>
		<import addon="script.module.future" version="0.17.1"/>
	</requires>
	<extension point="xbmc.python.weather" library="default.py"/>
	<extension point="xbmc.addon.metadata">
		<summary lang="en_GB">Weather forecast from weather.gov (NOAA)</summary>
		<summary lang="en_NZ">Weather forecast from weather.gov (NOAA)</summary>
		<summary lang="en_US">Weather forecast from weather.gov (NOAA)</summary>
		<description lang="en_GB">Weather forecast provided by NOAA (http://weather.gov/)</description>
		<description lang="en_NZ">Weather forecast provided by NOAA (http://weather.gov/)</description>
		<description lang="en_US">Weather forecast provided by NOAA (http://weather.gov/)</description>
		<language>en_US</language>
		<platform>all</platform>
		<license>GNU GENERAL PUBLIC LICENSE Version 2</license>
		<forum></forum>
		<website>https://github.com/randallspicher/weather.noaa</website>
		<email></email>
		<source>https://github.com/randallspicher/weather.noaa</source>
	</extension>
</addon>

