<colors>
	<color name="TitleTextColor">FFE8E8E8</color>
	<color name="NormalTextColor">FFE8E8E8</color>	
	<color name="AltTextColor">FFFF7870</color>	
	<color name="LabelTextColor">FFEF6860</color>	
	<color name="FocusColor">FFFF2222</color>	
	<color name="SelectedColor">FFAF2820</color>	
	<color name="DisabledColor">FF606060</color>
	<color name="black">FF000000</color>
	<color name="invalid">FFFF6666</color>
	<color name="shadow">AA000000</color>
	<color name="ItemDiffuse">FF050505</color>
    <color name="BackgroundColor">D0220000</color>
    <color name="BorderDiffuse">CCDD1111</color>
	<color name="dialog">FF373737</color>
	<color name="white11">11FFFFFF</color>
	<color name="blue">FF6DB9E5</color>
</colors>