<?xml version="1.0" encoding="UTF-8"?>
<includes>
    <include name="View_59_Fanart">
        <control type="image">
            <top>-15</top>
            <visible>$EXP[isInfoDialog]</visible>
            <include>FullscreenDimensions</include>
            <texture>background.png</texture>
            <colordiffuse>BackgroundColor</colordiffuse>
        </control>
        <control type="group">
            <visible>Control.IsVisible(59) + !$EXP[isInfoDialog]</visible>
            <include>WindowSlideAnimation</include>
            <top>715</top>
            <control type="image">
                <width>FullscreenWidth</width>
                <height>370</height>
                <texture>background.png</texture>
                <colordiffuse>ItemDiffuse</colordiffuse>
            </control>
            <control type="fixedlist" id="59">
                <width>FullscreenWidth</width>
                <height>370</height>
                <onleft>59</onleft>
                <onright>59</onright>
                <onup>SetProperty(MediaMenu,True,home)</onup>
                <onup>SetFocus(9050)</onup>
                <preloaditems>2</preloaditems>
                <focusposition>0</focusposition>
                <viewtype label="20445">list</viewtype>
                <visible>Container.Content(favourites) | Container.Content(movies) | Container.Content(tvshows) | [Container.Content(artists) + !Window.IsActive(videos)]</visible>
                <scrolltime tween="quadratic" easing="out">300</scrolltime>
                <orientation>horizontal</orientation>
                <itemlayout width="1920" height="370" condition="[Container.Content(movies) | Container.Content(tvshows)] + ![String.IsEqual(Control.GetLabel(10102),fanart) | String.IsEqual(Control.GetLabel(10102),landscape) | String.IsEqual(Control.GetLabel(10102),logo)]">
                    <control type="image">
                        <left>30</left>
                        <top>30</top>
                        <width>194</width>
                        <height>290</height>
                        <aspectratio aligny="center" align="center" scalediffuse="false">scale</aspectratio>
                        <texture background="true" fallback="DefaultFallback.png" diffuse="diffuse/fanart-poster.png">$VAR[Art1Image]</texture>
                    </control>
                    <include content="OverlayIcons">
                        <param name="OverlayLeft" value="164" />
                        <param name="OverlayTop" value="30" />
                    </include>
                    <control type="label">
                        <top>20</top>
                        <left>257</left>
                        <width>1233</width>
                        <height>70</height>
                        <font>font36</font>
                        <label>$INFO[ListItem.Label]</label>
                        <scroll>true</scroll>
                    </control>
                    <control type="label">
                        <top>75</top>
                        <left>257</left>
                        <width>1633</width>
                        <height>65</height>
                        <font>font16</font>
                        <textcolor>AltTextColor</textcolor>
                        <label>$VAR[FloorSubLabelVar]</label>
                    </control>
                    <control type="textbox">
                        <top>145</top>
                        <left>257</left>
                        <width>1633</width>
                        <height>170</height>
                        <font>font15_textbox</font>
                        <aligny>top</aligny>
                        <include>AutoscrollDefault</include>
                        <label>$VAR[VideoPlotVar]</label>
                    </control>
                    <control type="image">
                        <left>1585</left>
                        <top>25</top>
                        <width>400</width>
                        <height>50</height>
                        <aspectratio>keep</aspectratio>
                        <texture colordiffuse="FocusColor">$VAR[StarRatingVar]</texture>
                    </control>
                </itemlayout>
                <focusedlayout width="1920" height="370" condition="[Container.Content(movies) | Container.Content(tvshows)] + ![String.IsEqual(Control.GetLabel(10102),fanart) | String.IsEqual(Control.GetLabel(10102),landscape) | String.IsEqual(Control.GetLabel(10102),logo)]">
                    <control type="image">
                        <left>30</left>
                        <top>30</top>
                        <width>194</width>
                        <height>290</height>
                        <aspectratio aligny="center" align="center" scalediffuse="false">scale</aspectratio>
                        <texture background="true" fallback="DefaultFallback.png" diffuse="diffuse/fanart-poster.png">$VAR[Art1Image]</texture>
                    </control>
                    <include content="OverlayIcons">
                        <param name="OverlayLeft" value="164" />
                        <param name="OverlayTop" value="30" />
                    </include>
                    <control type="label">
                        <top>20</top>
                        <left>257</left>
                        <width>1233</width>
                        <height>70</height>
                        <font>font36</font>
                        <label>$INFO[ListItem.Label]</label>
                        <scroll>true</scroll>
                    </control>
                    <control type="label">
                        <top>75</top>
                        <left>257</left>
                        <width>1633</width>
                        <height>65</height>
                        <font>font16</font>
                        <textcolor>AltTextColor</textcolor>
                        <label>$VAR[FloorSubLabelVar]</label>
                    </control>
                    <control type="textbox">
                        <top>145</top>
                        <left>257</left>
                        <width>1633</width>
                        <height>170</height>
                        <font>font15_textbox</font>
                        <aligny>top</aligny>
                        <include>AutoscrollDefault</include>
                        <label>$VAR[VideoPlotVar]</label>
                    </control>
                    <control type="image">
                        <left>1585</left>
                        <top>25</top>
                        <width>400</width>
                        <height>50</height>
                        <aspectratio>keep</aspectratio>
                        <texture colordiffuse="FocusColor">$VAR[StarRatingVar]</texture>
                    </control>
                </focusedlayout>
                <itemlayout width="1920" height="370" condition="[Container.Content(movies) | Container.Content(tvshows)] + [String.IsEqual(Control.GetLabel(10102),fanart) | String.IsEqual(Control.GetLabel(10102),landscape) | String.IsEqual(Control.GetLabel(10102),logo)]">
                    <control type="image">
                        <left>30</left>
                        <top>30</top>
                        <width>515</width>
                        <height>290</height>
                        <aspectratio aligny="center" align="center" scalediffuse="false">keep</aspectratio>
                        <texture background="true" diffuse="diffuse/fanart-landscape.png">$VAR[ArtFanart]</texture>
                    </control>
                    <control type="image">
                        <left>30</left>
                        <top>160</top>
                        <width>515</width>
                        <height>140</height>
                        <aspectratio aligny="center" align="center">keep</aspectratio>
                        <texture background="true">$INFO[ListItem.Art(clearlogo)]</texture>
                        <visible>String.IsEqual(Control.GetLabel(10102),landscape) + String.IsEmpty(ListItem.Art(landscape))</visible>
                    </control>
                    <include content="OverlayIcons" condition="!String.IsEqual(Control.GetLabel(10102),logo)">
                        <param name="OverlayLeft" value="485" />
                        <param name="OverlayTop" value="30" />
                    </include>
                    <control type="label">
                        <top>20</top>
                        <left>575</left>
                        <width>915</width>
                        <height>70</height>
                        <font>font36</font>
                        <label>$INFO[ListItem.Label]</label>
                        <scroll>true</scroll>
                    </control>
                    <control type="label">
                        <top>75</top>
                        <left>575</left>
                        <width>1315</width>
                        <height>65</height>
                        <font>font16</font>
                        <textcolor>AltTextColor</textcolor>
                        <label>$VAR[FloorSubLabelVar]</label>
                    </control>
                    <control type="textbox">
                        <top>145</top>
                        <left>575</left>
                        <width>1315</width>
                        <height>170</height>
                        <font>font15_textbox</font>
                        <aligny>top</aligny>
                        <include>AutoscrollDefault</include>
                        <label>$VAR[VideoPlotVar]</label>
                    </control>
                    <control type="image">
                        <left>1585</left>
                        <top>25</top>
                        <width>400</width>
                        <height>50</height>
                        <aspectratio>keep</aspectratio>
                        <texture colordiffuse="FocusColor">$VAR[StarRatingVar]</texture>
                    </control>
                </itemlayout>
                <focusedlayout width="1920" height="370" condition="[Container.Content(movies) | Container.Content(tvshows)] + [String.IsEqual(Control.GetLabel(10102),fanart) | String.IsEqual(Control.GetLabel(10102),landscape) | String.IsEqual(Control.GetLabel(10102),logo)]">
                    <control type="image">
                        <left>30</left>
                        <top>30</top>
                        <width>515</width>
                        <height>290</height>
                        <aspectratio aligny="center" align="center" scalediffuse="false">keep</aspectratio>
                        <texture background="true" diffuse="diffuse/fanart-landscape.png">$VAR[ArtFanart]</texture>
                    </control>
                    <control type="image">
                        <left>30</left>
                        <top>160</top>
                        <width>515</width>
                        <height>140</height>
                        <aspectratio aligny="center" align="center">keep</aspectratio>
                        <texture background="true">$INFO[ListItem.Art(clearlogo)]</texture>
                        <visible>String.IsEqual(Control.GetLabel(10102),landscape) + String.IsEmpty(ListItem.Art(landscape))</visible>
                    </control>
                    <include content="OverlayIcons" condition="!String.IsEqual(Control.GetLabel(10102),logo)">
                        <param name="OverlayLeft" value="485" />
                        <param name="OverlayTop" value="30" />
                    </include>
                    <control type="label">
                        <top>20</top>
                        <left>575</left>
                        <width>915</width>
                        <height>70</height>
                        <font>font36</font>
                        <label>$INFO[ListItem.Label]</label>
                        <scroll>true</scroll>
                    </control>
                    <control type="label">
                        <top>75</top>
                        <left>575</left>
                        <width>1315</width>
                        <height>65</height>
                        <font>font16</font>
                        <textcolor>AltTextColor</textcolor>
                        <label>$VAR[FloorSubLabelVar]</label>
                    </control>
                    <control type="textbox">
                        <top>145</top>
                        <left>575</left>
                        <width>1315</width>
                        <height>170</height>
                        <font>font15_textbox</font>
                        <aligny>top</aligny>
                        <include>AutoscrollDefault</include>
                        <label>$VAR[VideoPlotVar]</label>
                    </control>
                    <control type="image">
                        <left>1585</left>
                        <top>25</top>
                        <width>400</width>
                        <height>50</height>
                        <aspectratio>keep</aspectratio>
                        <texture colordiffuse="FocusColor">$VAR[StarRatingVar]</texture>
                    </control>
                </focusedlayout>
                <itemlayout width="1920" height="370" condition="Container.Content(artists) + !Window.IsActive(videos)">
                    <control type="image">
                        <left>30</left>
                        <top>30</top>
                        <width>290</width>
                        <height>290</height>
                        <aspectratio aligny="center" align="center" scalediffuse="false">scale</aspectratio>
                        <texture background="true" fallback="DefaultFallback.png" diffuse="diffuse/fanart-square.png">$VAR[Art1Image]</texture>
                    </control>
                    <control type="label">
                        <top>20</top>
                        <left>353</left>
                        <width>1250</width>
                        <height>70</height>
                        <font>font36</font>
                        <label>$INFO[ListItem.Label]</label>
                        <scroll>true</scroll>
                    </control>
                    <control type="label">
                        <top>75</top>
                        <left>353</left>
                        <width>1250</width>
                        <height>65</height>
                        <font>font16</font>
                        <textcolor>AltTextColor</textcolor>
                        <label>$INFO[ListItem.Property(Artist_Genre)]</label>
                    </control>
                    <control type="textbox">
                        <top>145</top>
                        <left>353</left>
                        <width>1537</width>
                        <height>170</height>
                        <font>font15_textbox</font>
                        <aligny>top</aligny>
                        <include>AutoscrollDefault</include>
                        <include>InfoPanelButtonsValues</include>
                        <label>$INFO[ListItem.Property(Artist_Description)]</label>
                    </control>
                </itemlayout>
                <focusedlayout width="1920" height="370" condition="Container.Content(artists) + !Window.IsActive(videos)">
                    <control type="image">
                        <left>30</left>
                        <top>30</top>
                        <width>290</width>
                        <height>290</height>
                        <aspectratio aligny="center" align="center" scalediffuse="false">scale</aspectratio>
                        <texture background="true" fallback="DefaultFallback.png" diffuse="diffuse/fanart-square.png">$VAR[Art1Image]</texture>
                    </control>
                    <control type="label">
                        <top>20</top>
                        <left>353</left>
                        <width>1250</width>
                        <height>70</height>
                        <font>font36</font>
                        <label>$INFO[ListItem.Label]</label>
                        <scroll>true</scroll>
                    </control>
                    <control type="label">
                        <top>75</top>
                        <left>353</left>
                        <width>1250</width>
                        <height>65</height>
                        <font>font16</font>
                        <textcolor>AltTextColor</textcolor>
                        <label>$INFO[ListItem.Property(Artist_Genre)]</label>
                    </control>
                    <control type="textbox">
                        <top>145</top>
                        <left>353</left>
                        <width>1537</width>
                        <height>170</height>
                        <font>font15_textbox</font>
                        <aligny>top</aligny>
                        <include>AutoscrollDefault</include>
                        <include>InfoPanelButtonsValues</include>
                        <label>$INFO[ListItem.Property(Artist_Description)]</label>
                    </control>
                </focusedlayout>
            </control>
        </control>
    </include>
</includes>