<colors>
	<color name="TitleTextColor">FFE8E8E8</color>
	<color name="NormalTextColor">FFE8E8E8</color>	
	<color name="AltTextColor">FF8A4E5C</color>	
	<color name="LabelTextColor">FF8A4E5C</color>	
	<color name="FocusColor">FF8A4E5C</color>	
	<color name="SelectedColor">FF8A4E5C</color>	
	<color name="DisabledColor">FF606060</color>
	<color name="black">FF000000</color>
	<color name="invalid">FFFF6666</color>
	<color name="shadow">AA000000</color>
	<color name="background">FF321C21</color>
	<color name="dialog">FFE07F96</color>
	<color name="white11">11FFFFFF</color>
	<color name="blue">FF6DB9E5</color>
</colors>