<?xml version="1.0" encoding="UTF-8"?>
<window>
    <defaultcontrol always="true">450</defaultcontrol>
    <allowoverlay>no</allowoverlay>
    <coordinates>
        <system>1</system>
        <left>294</left>
        <top>155</top>
    </coordinates>
    <include>Animation.Dialog</include>
    <controls>
        <control type="group">
            <include content="DialogBackgroundCommons">
                <param name="DialogBackgroundWidth" value="1332" />
                <param name="DialogBackgroundHeight" value="770" />
                <param name="DialogHeaderLabel" value="" />
                <param name="DialogHeaderId" value="411" />
            </include>
            <control type="group">
                <left>32</left>
                <top>88</top>
                <control type="group">
                    <visible>Integer.IsGreater(Container(450).NumItems,0)</visible>
                    <control type="image">
                        <width>942</width>
                        <height>120</height>
                        <visible>Control.HasFocus(450)</visible>
                        <animation effect="fade" time="320" delay="200">Visible</animation>
                        <animation effect="fade" time="50">Hidden</animation>
                        <texture colordiffuse="highlight" border="5">listselect_fo.png</texture>
                        <animation effect="slide" end="0,120" time="300" tween="cubic" easing="inout" condition="Integer.IsGreater(Container(450).Row,3)">Conditional</animation>
                        <animation effect="slide" end="0,120" time="300" tween="cubic" easing="inout" condition="Integer.IsGreater(Container(450).Row,2)">Conditional</animation>
                        <animation effect="slide" end="0,120" time="300" tween="cubic" easing="inout" condition="Integer.IsGreater(Container(450).Row,1)">Conditional</animation>
                        <animation effect="slide" end="0,120" time="300" tween="cubic" easing="inout" condition="Integer.IsGreater(Container(450).Row,0)">Conditional</animation>
                    </control>
                </control>
                <control type="panel" id="450">
                    <width>942</width>
                    <height>600</height>
                    <onleft>9000</onleft>
                    <onright>60</onright>
                    <onup>450</onup>
                    <ondown>450</ondown>
                    <pagecontrol>60</pagecontrol>
                    <scrolltime tween="quadratic" easing="out">200</scrolltime>
                    <itemlayout height="120" width="942">
                        <control type="image">
                            <left>10</left>
                            <top>10</top>
                            <width>100</width>
                            <height>100</height>
                            <aspectratio aligny="center" align="center" scalediffuse="false">keep</aspectratio>
                            <texture background="true" diffuse="diffuse/list-icon.png">$INFO[ListItem.Icon]</texture>
                        </control>
                        <control type="label">
                            <left>120</left>
                            <top>3</top>
                            <width>822</width>
                            <height>70</height>
                            <font>font30</font>
                            <textoffsetx>15</textoffsetx>
                            <selectedcolor>highlight</selectedcolor>
                            <label>$INFO[ListItem.Label]</label>
                        </control>
                    </itemlayout>
                    <focusedlayout height="120" width="942">
                        <control type="image">
                            <left>10</left>
                            <top>10</top>
                            <width>100</width>
                            <height>100</height>
                            <aspectratio aligny="center" align="center" scalediffuse="false">keep</aspectratio>
                            <texture background="true" diffuse="diffuse/list-icon.png">$INFO[ListItem.Icon]</texture>
                        </control>
                        <control type="label">
                            <left>120</left>
                            <top>3</top>
                            <width>822</width>
                            <height>70</height>
                            <font>font30</font>
                            <textoffsetx>15</textoffsetx>
                            <label>$INFO[ListItem.Label]</label>
                        </control>
                    </focusedlayout>
                </control>
                <control type="group">
                    <visible>Integer.IsGreater(Container(451).NumItems,0)</visible>
                    <control type="image">
                        <width>942</width>
                        <height>120</height>
                        <visible>Control.HasFocus(451)</visible>
                        <animation effect="fade" time="320" delay="200">Visible</animation>
                        <animation effect="fade" time="50">Hidden</animation>
                        <texture colordiffuse="highlight" border="5">listselect_fo.png</texture>
                        <animation effect="slide" end="0,120" time="300" tween="cubic" easing="inout" condition="Integer.IsGreater(Container(451).Row,3)">Conditional</animation>
                        <animation effect="slide" end="0,120" time="300" tween="cubic" easing="inout" condition="Integer.IsGreater(Container(451).Row,2)">Conditional</animation>
                        <animation effect="slide" end="0,120" time="300" tween="cubic" easing="inout" condition="Integer.IsGreater(Container(451).Row,1)">Conditional</animation>
                        <animation effect="slide" end="0,120" time="300" tween="cubic" easing="inout" condition="Integer.IsGreater(Container(451).Row,0)">Conditional</animation>
                    </control>
                </control>
                <control type="panel" id="451">
                    <width>942</width>
                    <height>600</height>
                    <onleft>9000</onleft>
                    <onright>60</onright>
                    <onup>451</onup>
                    <ondown>451</ondown>
                    <pagecontrol>60</pagecontrol>
                    <scrolltime tween="quadratic" easing="out">200</scrolltime>
                    <itemlayout height="120" width="942">
                        <control type="image">
                            <left>10</left>
                            <top>10</top>
                            <width>100</width>
                            <height>100</height>
                            <aspectratio aligny="center" align="center" scalediffuse="false">keep</aspectratio>
                            <texture background="true" diffuse="diffuse/list-icon.png">$INFO[ListItem.Icon]</texture>
                        </control>
                        <control type="label">
                            <left>120</left>
                            <top>3</top>
                            <width>822</width>
                            <height>70</height>
                            <font>font30</font>
                            <textoffsetx>15</textoffsetx>
                            <selectedcolor>highlight</selectedcolor>
                            <label>$INFO[ListItem.Label]</label>
                        </control>
                        <control type="label">
                            <left>120</left>
                            <top>52</top>
                            <width>822</width>
                            <height>60</height>
                            <textoffsetx>15</textoffsetx>
                            <selectedcolor>highlight</selectedcolor>
                            <label>$INFO[ListItem.Size]</label>
                            <visible>!String.StartsWith(ListItem.Size,0)</visible>
                        </control>
                    </itemlayout>
                    <focusedlayout height="120" width="942">
                        <control type="image">
                            <left>10</left>
                            <top>10</top>
                            <width>100</width>
                            <height>100</height>
                            <aspectratio aligny="center" align="center" scalediffuse="false">keep</aspectratio>
                            <texture background="true" diffuse="diffuse/list-icon.png">$INFO[ListItem.Icon]</texture>
                        </control>
                        <control type="label">
                            <left>120</left>
                            <top>3</top>
                            <width>822</width>
                            <height>70</height>
                            <font>font30</font>
                            <textoffsetx>15</textoffsetx>
                            <label>$INFO[ListItem.Label]</label>
                        </control>
                        <control type="label">
                            <left>120</left>
                            <top>52</top>
                            <width>822</width>
                            <height>60</height>
                            <font>font13</font>
                            <textoffsetx>15</textoffsetx>
                            <label>$INFO[ListItem.Size]</label>
                            <visible>!String.StartsWith(ListItem.Size,0)</visible>
                        </control>
                    </focusedlayout>
                </control>
                <control type="scrollbar" id="60">
                    <left>950</left>
                    <width>10</width>
                    <height>600</height>
                    <onleft>450</onleft>
                    <onright>9000</onright>
                    <orientation>vertical</orientation>
                </control>
            </control>
            <control type="label" id="412">
                <top>690</top>
                <left>32</left>
                <width>942</width>
                <height>60</height>
                <textcolor>highlight</textcolor>
            </control>
            <control type="group">
                <left>1000</left>
                <top>88</top>
                <control type="grouplist" id="9000">
                    <width>300</width>
                    <height>240</height>
                    <orientation>vertical</orientation>
                    <onleft>60</onleft>
                    <onright>450</onright>
                    <onup>9000</onup>
                    <ondown>9000</ondown>
                    <control type="button" id="413">
                        <description>OK button</description>
                        <width>300</width>
                        <label>186</label>
                    </control>
                    <control type="button" id="414">
                        <description>Cancel button</description>
                        <label>222</label>
                        <width>300</width>
                    </control>
                    <control type="button" id="415">
                        <description>Create folder button</description>
                        <label>119</label>
                        <width>300</width>
                    </control>
                    <control type="radiobutton" id="416">
                        <description>Flip Image button</description>
                        <radioposx>460</radioposx>
                        <width>300</width>
                        <label>749</label>
                    </control>
                </control>
                <control type="image">
                    <top>350</top>
                    <width>300</width>
                    <height>300</height>
                    <aspectratio align="center" aligny="bottom">keep</aspectratio>
                    <texture background="true">$INFO[ListItem.Icon]</texture>
                    <visible>!String.Contains(Control.GetLabel(416),*)</visible>
                </control>
                <control type="image">
                    <top>350</top>
                    <width>300</width>
                    <height>300</height>
                    <aspectratio align="center" aligny="bottom">keep</aspectratio>
                    <texture background="true" flipx="true">$INFO[ListItem.Icon]</texture>
                    <visible>String.Contains(Control.GetLabel(416),*)</visible>
                </control>
            </control>
        </control>
    </controls>
</window>