<?xml version="1.0" encoding="UTF-8"?>
<includes>

	<!-- Container.Content (video) genres movies sets tvshows seasons episodes years actors directors studios tags musicvideos albums artists albums -->
	<!-- ListItem.DBTYPE (video) movie set tag genre tvshow season episode musicvideo album actor -->
	<variable name="Art2Setting">
		<!-- genre and tags are special -->
		<value condition="String.IsEqual(ListItem.DBTYPE,tag) | String.IsEqual(ListItem.DBTYPE,source)
		| String.IsEqual(ListItem.DBTYPE,genre)">genreicon</value>
		<value condition="String.IsEqual(Container.Viewmode,InfoWall) 
		+ String.IsEqual(ListItem.DBTYPE,movie)">$INFO[Skin.String(InfoWall.movie.Art2)]</value>
		<value condition="String.IsEqual(Container.Viewmode,InfoWall) 
		+ String.IsEqual(ListItem.DBTYPE,set)">$INFO[Skin.String(InfoWall.set.Art2)]</value>
		<value condition="String.IsEqual(Container.Viewmode,InfoWall) 
		+ String.IsEqual(ListItem.DBTYPE,tvshow)">$INFO[Skin.String(InfoWall.tvshow.Art2)]</value>
		<value condition="String.IsEqual(Container.Viewmode,InfoWall) 
		+ String.IsEqual(ListItem.DBTYPE,season)">$INFO[Skin.String(InfoWall.season.Art2)]</value>
		<value condition="String.IsEqual(Container.Viewmode,InfoWall) 
		+ String.IsEqual(ListItem.DBTYPE,episode)">$INFO[Skin.String(InfoWall.episode.Art2)]</value>
		<value condition="String.IsEqual(Container.Viewmode,InfoWall) 
		+ String.IsEqual(ListItem.DBTYPE,musicvideo)">$INFO[Skin.String(InfoWall.musicvideo.Art2)]</value>
		<value condition="String.IsEqual(Container.Viewmode,InfoWall) 
		+ String.IsEqual(ListItem.DBTYPE,album)">$INFO[Skin.String(InfoWall.album.Art2)]</value>
		<value condition="String.IsEqual(Container.Viewmode,InfoWall) 
		+ String.IsEqual(ListItem.DBTYPE,actor)">$INFO[Skin.String(InfoWall.actor.Art2)]</value>

		<value condition="String.IsEqual(Container.Viewmode,List) 
		+ String.IsEqual(ListItem.DBTYPE,movie)">$INFO[Skin.String(List.movie.Art2)]</value>
		<value condition="String.IsEqual(Container.Viewmode,List) 
		+ String.IsEqual(ListItem.DBTYPE,set)">$INFO[Skin.String(List.set.Art2)]</value>
		<value condition="String.IsEqual(Container.Viewmode,List) 
		+ String.IsEqual(ListItem.DBTYPE,tvshow)">$INFO[Skin.String(List.tvshow.Art2)]</value>
		<value condition="String.IsEqual(Container.Viewmode,List) 
		+ String.IsEqual(ListItem.DBTYPE,season)">$INFO[Skin.String(List.season.Art2)]</value>
		<value condition="String.IsEqual(Container.Viewmode,List) 
		+ String.IsEqual(ListItem.DBTYPE,episode)">$INFO[Skin.String(List.episode.Art2)]</value>
		<value condition="String.IsEqual(Container.Viewmode,List) 
		+ String.IsEqual(ListItem.DBTYPE,musicvideo)">$INFO[Skin.String(List.musicvideo.Art2)]</value>
		<value condition="String.IsEqual(Container.Viewmode,List) 
		+ String.IsEqual(ListItem.DBTYPE,album)">$INFO[Skin.String(List.album.Art2)]</value>
		<value condition="String.IsEqual(Container.Viewmode,List) 
		+ String.IsEqual(ListItem.DBTYPE,actor)">$INFO[Skin.String(List.actor.Art2)]</value>
		<!-- default to fanart if no property set -->
		<value>thumb</value>
	</variable>

	<variable name="Art2LabelVar">
		<value condition="String.IsEqual(Control.GetLabel(360),poster)">$LOCALIZE[31016]</value>
		<value condition="String.IsEqual(Control.GetLabel(360),banner)">$LOCALIZE[31085]</value>
		<value condition="String.IsEqual(Control.GetLabel(360),logo)">$LOCALIZE[31088]</value>
		<value condition="String.IsEqual(Control.GetLabel(360),fanart)">$LOCALIZE[20445]</value>
		<value condition="String.IsEqual(Control.GetLabel(360),landscape)">$LOCALIZE[31100]</value>
		<value condition="String.IsEqual(Control.GetLabel(360),thumb)">$LOCALIZE[21371]</value>
		<!-- <value>$LOCALIZE[20445]</value> -->
	</variable>

	<variable name="Art2Image">
		<value condition="String.IsEqual(Control.GetLabel(360),poster)
		+ !String.IsEmpty(ListItem.Art(poster))">$INFO[ListItem.Art(poster)]</value>
		<value condition="String.IsEqual(Control.GetLabel(360),banner)
		+ !String.IsEmpty(ListItem.Art(banner))">$INFO[ListItem.Art(banner)]</value>
		<value condition="String.IsEqual(Control.GetLabel(360),logo)
		+ !String.IsEmpty(ListItem.Art(logo))">$INFO[ListItem.Art(logo)]</value>
		<value condition="String.IsEqual(Control.GetLabel(360),fanart)
		!String.IsEmpty(ListItem.Art(fanart))">$INFO[ListItem.Art(fanart)]</value>
		<value condition="String.IsEqual(Control.GetLabel(360),landscape)
		+ !String.IsEmpty(ListItem.Art(landscape))">$INFO[ListItem.Art(landscape)]</value>
		<value condition="String.IsEqual(Control.GetLabel(360),thumb)
		+ !String.IsEmpty(ListItem.Art(thumb))">$INFO[ListItem.Art(thumb)]</value>
		<!-- Try to default to thumb for episodes, otheriwise fanart if it's populated -->
		<value condition="String.IsEqual(ListItem.DBTYPE,episode)
		+!String.IsEmpty(ListItem.Art(thumb))">$INFO[ListItem.Art(thumb)]</value>
		<value condition="
		!String.IsEmpty(ListItem.Art(fanart))">$INFO[ListItem.Art(fanart)]</value>
		<value condition="
		!String.IsEmpty(ListItem.Art(thumb))">$INFO[ListItem.Art(thumb)]</value>
		<value>$INFO[ListItem.Icon]</value>
	</variable>

	<include name="MusicInfoSide">
		<control type="grouplist">
			<animation effect="slide" time="300" tween="sine" easing="inout" start="0" end="-25" condition="Skin.HasSetting(InfoWall.Banners)">Conditional</animation>
			<itemgap>15</itemgap>


			<control type="group">
				<description>call genre icon include if we want a genre icon</description>
				<width>680</width>
				<height>680</height>
				<visible>String.IsEqual(Control.GetLabel(360),genreicon)</visible>
				<include content="external-genre-icon">
					<param name="width" value="680" />
					<param name="height" value="680" />
				</include>
			</control>

			<control type="group">
				<height>384</height>
				<visible>!String.IsEmpty(ListItem.Art(fanart))</visible>

				<control type="image">
					<width>680</width>
					<height>384</height>
					<aspectratio scalediffuse="false">scale</aspectratio>
					<texture background="true" diffuse="diffuse/infowall-fanart.png">$INFO[ListItem.Art(fanart)]</texture>
					<fadetime>400</fadetime>
					<visible>!String.IsEmpty(ListItem.Art(fanart))</visible>
				</control>
				<control type="image">
					<visible>$EXP[isSong] | $EXP[isAlbum]</visible>
					<left>5</left>
					<top>5</top>
					<width>130</width>
					<height>50</height>
					<aspectratio align="center" aligny="center">keep</aspectratio>
					<texture>$VAR[AudioSourceFlagVar,flags/source/,.png]</texture>
				</control>
			</control>

			<control type="label" id="360">
				<description>Hidden object to store Art2Setting so that other objects can access it for comparisons</description>
				<label>$VAR[Art2Setting]</label>
				<visible>false</visible>
				<width>680</width>
				<height>40</height>
				<font>font30</font>
			</control>

			<control type="image">
				<visible>String.IsEmpty(ListItem.Art(fanart)) +[$EXP[isSong] | $EXP[isAlbum]]</visible>
				<width>130</width>
				<height>50</height>
				<aspectratio align="center" aligny="center">keep</aspectratio>
				<texture>$VAR[AudioSourceFlagVar,flags/source/,.png]</texture>
			</control>

			<control type="image">
				<visible>$EXP[isSong]</visible>
				<width>130</width>
				<height>50</height>
				<texture background="true" colordiffuse="maintext">$INFO[ListItem.FileExtension,flags/audiocodec/,.png]</texture>
			</control>


			<control type="label">
				<visible>Container.Content(albums)</visible>
				<width>680</width>
				<height>40</height>
				<font>font30</font>
				<aligny>bottom</aligny>
				<scroll>true</scroll>
				<label>$INFO[ListItem.Album]$INFO[ListItem.Year, (,)]</label>
			</control>
			<control type="label">
				<visible>Container.Content(artists)</visible>
				<width>680</width>
				<height>40</height>
				<font>font30</font>
				<aligny>bottom</aligny>
				<scroll>true</scroll>
				<label>$VAR[FloorLabelVar]</label>
			</control>
			<control type="label">
				<label>$INFO[ListItem.Artist]</label>
				<width>680</width>
				<height>42</height>
				<aligny>top</aligny>
				<font>font14</font>
				<textcolor>highlight</textcolor>
				<visible>Container.Content(albums)</visible>
			</control>

			<control type="label">
				<label>$INFO[ListItem.Property(Artist_Genre)]</label>
				<width>680</width>
				<height>42</height>
				<font>font14</font>
				<aligny>top</aligny>
				<textcolor>highlight</textcolor>
				<visible>Container.Content(artists)</visible>
			</control>
			<control type="textbox">
				<label>$VAR[MusicPlotVar]</label>
				<width>680</width>
				<height>270</height>
				<font>font14_textbox</font>
				<autoscroll delay="5000" time="3000" repeat="5000">true</autoscroll>
			</control>
		</control>
	</include>

	<include name="VideoInfoSide">
		<control type="grouplist">
			<animation effect="slide" time="300" tween="sine" easing="inout" start="0" end="-25" condition="Skin.HasSetting(InfoWall.Banners)">Conditional</animation>
			<itemgap>15</itemgap>

			<control type="multiimage">
				<description>Image when landscape or fanart (scaled landscape)</description>
				<visible>
					String.IsEqual(Control.GetLabel(360),landscape)
					| String.IsEqual(Control.GetLabel(360),fanart)
					| String.IsEmpty(Control.GetLabel(360))
				</visible>
				<width>680</width>
				<height>384</height>
				<aspectratio scalediffuse="false">scale</aspectratio>
				<imagepath background="true" diffuse="diffuse/infowall-fanart.png">$VAR[Art2Image]</imagepath>
			</control>

			<control type="multiimage">
				<description>Image when Banner</description>
				<visible>
					String.IsEqual(Control.GetLabel(360),banner)
				</visible>
				<width>680</width>
				<height>130</height>
				<aspectratio scalediffuse="false">Keep</aspectratio>
				<imagepath background="true" diffuse="diffuse/infowall-fanart.png">$VAR[Art2Image]</imagepath>
			</control>


			<control type="multiimage">
				<description>Image when Thumb or Logo view (landscape shrink to fit)</description>
				<visible>
					String.IsEqual(Control.GetLabel(360),thumb)
					| String.IsEqual(Control.GetLabel(360),logo)
				</visible>

				<width>680</width>
				<height>384</height>
				<aspectratio scalediffuse="false">Keep</aspectratio>
				<imagepath background="true" diffuse="diffuse/infowall-fanart.png">$VAR[Art2Image]</imagepath>
			</control>

			<control type="multiimage">
				<description>Image when Poster View (Tall shrink to fit)</description>
				<visible>
					String.IsEqual(Control.GetLabel(360),poster)
				</visible>
				<width>680</width>
				<height>680</height>
				<aspectratio scalediffuse="false">keep</aspectratio>
				<imagepath background="true" diffuse="diffuse/infowall-fanart.png">$VAR[Art2Image]</imagepath>
			</control>

			<control type="group">
				<description>call genre icon include if we want a genre icon</description>
				<width>680</width>
				<height>680</height>
				<visible>String.IsEqual(Control.GetLabel(360),genreicon)</visible>
				<include content="external-genre-icon">
					<param name="width" value="680" />
					<param name="height" value="680" />
				</include>
			</control>

			<control type="label" id="360">
				<description>Hidden object to store Art2Setting so that other objects can access it for comparisons</description>
				<label>$VAR[Art2Setting]</label>
				<visible>false</visible>
				<width>680</width>
				<height>40</height>
				<font>font30</font>
			</control>

			<control type="label">
				<width>680</width>
				<height>40</height>
				<font>font30</font>
				<scroll>true</scroll>
				<aligny>bottom</aligny>
				<label>$VAR[FloorLabelVar]</label>
			</control>
			<control type="label">
				<label>$VAR[InfoWallSubLabelVar]</label>
				<width>680</width>
				<height>42</height>
				<font>font14</font>
				<aligny>top</aligny>
				<textcolor>highlight</textcolor>
			</control>
			<control type="textbox">
				<visible>!String.IsEmpty(ListItem.AddonDescription)</visible>
				<description>Description</description>
				<width>680</width>
				<height>275</height>
				<font>font14_textbox</font>
				<label>$INFO[ListItem.AddonDescription]</label>
				<include>AutoscrollDefault</include>
			</control>
			<control type="textbox">
				<visible>
					!String.IsEqual(Control.GetLabel(360),poster)
					+ !String.IsEqual(Control.GetLabel(360),genreicon)
				</visible>

				<label>$VAR[VideoPlotVar]</label>
				<width>680</width>
				<height>300</height>
				<font>font14_textbox</font>
				<autoscroll delay="5000" time="3000" repeat="5000">true</autoscroll>
			</control>

			<!-- <control type="group"> -->
			<!-- <width>560</width> -->
			<!-- <height>560</height> -->
			<!-- <visible>!$EXP[externalGenreIcon]+!Container.Content(addons) + !String.IsEqual(Container.Content,sources)</visible> -->
			<!-- <control type="image"> -->
			<!-- <width>560</width> -->
			<!-- <height>560</height> -->
			<!-- <aspectratio align="center" aligny="center" scalediffuse="false">keep</aspectratio> -->
			<!-- <texture background="true" diffuse="diffuse/list-square.png" fallback="DefaultFolder.png">$VAR[ThumbViewImage]</texture> -->
			<!-- <fadetime>IconCrossfadeTime</fadetime> -->
			<!-- </control> -->


		</control>
	</include>

</includes>