<?xml version="1.0" encoding="UTF-8"?>
<window>
    <defaultcontrol>3</defaultcontrol>
    <menucontrol>9051</menucontrol>
    <onload>SetProperty(Window.HasSettings,True,home)</onload>
    <onload>ClearProperty(MediaMenu,Home)</onload>
    <onunload>ClearProperty(Window.HasSettings,Home)</onunload>
    <allowoverlay>no</allowoverlay>
    <controls>
        <include>CommonBackground</include>
        <control type="group">
            <left>0</left>
            <top>180</top>
            <include>Animation.Common</include>
            <control type="grouplist" id="3">
                <description>button area</description>
                <left>82</left>
                <top>0</top>
                <width>356</width>
                <height>840</height>
                <itemgap>0</itemgap>
                <onleft>SetProperty(MediaMenu,True,home)</onleft>
                <onleft>9050</onleft>
                <onright>5</onright>
                <onup>3</onup>
                <ondown>3</ondown>
            </control>
            <control type="textbox" id="6">
                <description>description area</description>
                <left>552</left>
                <top>742</top>
                <width>1256</width>
                <height>120</height>
                <font>font15_textbox</font>
                <textcolor>NormalTextColor</textcolor>
                <autoscroll time="3000" delay="4000" repeat="5000">true</autoscroll>
                <animation effect="fade" start="0" end="100" time="300" tween="sine" easing="inout">Visible</animation>
                <animation effect="fade" start="100" end="0" time="0" tween="sine" easing="inout">Hidden</animation>
                <visible>ControlGroup(5).HasFocus()</visible>
            </control>
            <control type="grouplist" id="5">
                <description>control area</description>
                <left>522</left>
                <top>0</top>
                <width>1316</width>
                <height>720</height>
                <itemgap>0</itemgap>
                <pagecontrol>60</pagecontrol>
                <onleft>3</onleft>
                <onright condition="Container(5).HasNext | Container(5).HasPrevious">60</onright>
                <onright condition="!Container(5).HasNext + !Container(5).HasPrevious">3</onright>
                <onup>5</onup>
                <ondown>5</ondown>
            </control>
        </control>
        <control type="button" id="10">
            <description>Default Category Button</description>
            <height>90</height>
            <width>356</width>
            <textoffsetx>15</textoffsetx>
            <align>right</align>
            <font>font15</font>
        </control>
        <control type="button" id="7">
            <description>Default Button</description>
            <width>1136</width>
            <height>90</height>
            <font>font15</font>
            <textoffsetx>30</textoffsetx>
        </control>
        <control type="radiobutton" id="8">
            <description>Default RadioButton</description>
            <width>1316</width>
            <height>90</height>
            <font>font15</font>
            <textoffsetx>30</textoffsetx>
        </control>
        <control type="spincontrolex" id="9">
            <description>Default SpinControlex</description>
            <width>1316</width>
            <height>90</height>
            <font>font15</font>
            <textoffsetx>30</textoffsetx>
        </control>
        <control type="sliderex" id="13">
            <description>Default Slider</description>
            <width>1316</width>
            <height>90</height>
            <font>font15</font>
            <textoffsetx>30</textoffsetx>
        </control>
        <control type="label" id="14">
            <description>Default Label</description>
            <width>1136</width>
            <height>88</height>
            <font>font15_title</font>
            <align>center</align>
            <textcolor>NormalTextColor</textcolor>
            <textoffsetx>30</textoffsetx>
        </control>
        <control type="label" id="2">
            <description>Fake Label so we can pass it value down to the one below</description>
            <width>0</width>
            <height>0</height>
            <font />
            <visible>false</visible>
        </control>
        <control type="scrollbar" id="60">
            <visible allowhiddenfocus="true">Control.HasFocus(60) | ControlGroup(5).HasFocus</visible>
            <animation effect="fade" time="300" tween="sine" easing="inout" start="0" end="100">Visible</animation>
            <left>1910</left>
            <top>120</top>
            <width>10</width>
            <height>960</height>
            <onleft>5</onleft>
            <onright>3</onright>
            <ondown>60</ondown>
            <onup>60</onup>
        </control>
        <include>Topbar</include>
        <include>SettingsMediaMenu</include>
    </controls>
</window>