<?xml version="1.0" encoding="UTF-8"?>
<includes>
	<!-- poster_icon -->
	<include name="Coverflow_Poster_Icon">
		<param name="bordertexture" default="" />
		<param name="colordiffuse" default="33787878" />
		<param name="diffuse" default="false" />
		<param name="flipy" default="false" />
		<param name="texture" default="$INFO[ListItem.Icon]" />
		<param name="top" default="0" />
		<definition>
			<left>0</left>
			<top>$PARAM[top]</top>
			<width>450</width>
			<height>660</height>
			<texture background="true" diffuse="$PARAM[diffuse]" flipy="$PARAM[flipy]">$PARAM[texture]</texture>
			<bordersize>10</bordersize>
			<bordertexture border="5" colordiffuse="$PARAM[colordiffuse]" diffuse="$PARAM[diffuse]">$PARAM[bordertexture]</bordertexture>
		</definition>
	</include>
	<!-- poster_onnext -->
	<include name="Coverflow_Poster_OnNext">
		<control type="group">
			<description>L5</description>
			<left>-165</left>
			<visible>Container.OnNext</visible>
			<animation type="Hidden" reversible="false">
				<effect type="fade" start="100" end="0" time="250" />
			</animation>
			<animation type="Conditional" condition="true" reversible="false">
				<effect type="rotatey" center="-195" end="-60" time="0" />
			</animation>			
			<control type="image">
				<include content="Coverflow_Poster_Icon">
					<param name="diffuse">diffuse/generic-diffuse.png</param>
					<param name="flipy">true</param>
					<param name="texture">$INFO[ListItem(-5).Icon]</param>
					<param name="top">660</param>
				</include>
			</control>
			<control type="image">
				<include content="Coverflow_Poster_Icon">
					<param name="diffuse">diffuse/generic-diffuse.png</param>
					<param name="flipy">true</param>
					<param name="texture">overlays/icon-overlay.png</param>
					<param name="top">660</param>
				</include>
				<visible>$EXP[CoverflowBrightIcons]</visible>
			</control>
			<control type="image">
				<include content="Coverflow_Poster_Icon">
					<param name="bordertexture">listselect_fo.png</param>
					<param name="texture">$INFO[ListItem(-5).Icon]</param>
				</include>
			</control>
			<control type="image">
				<include content="Coverflow_Poster_Icon">
					<param name="texture">overlays/icon-overlay.png</param>
				</include>
				<visible>$EXP[CoverflowBrightIcons]</visible>
			</control>
		</control>
		<control type="group">
			<description>L4</description>
			<left>60</left>
			<animation type="Conditional" condition="true" reversible="false">
				<effect type="rotatey" center="30" end="-60" time="0" />
			</animation>			
			<control type="image">
				<include content="Coverflow_Poster_Icon">
					<param name="diffuse">diffuse/generic-diffuse.png</param>
					<param name="flipy">true</param>
					<param name="texture">$INFO[ListItem(-4).Icon]</param>
					<param name="top">660</param>
				</include>
			</control>
			<control type="image">
				<include content="Coverflow_Poster_Icon">
					<param name="diffuse">diffuse/generic-diffuse.png</param>
					<param name="flipy">true</param>
					<param name="texture">overlays/icon-overlay.png</param>
					<param name="top">660</param>
				</include>
				<visible>$EXP[CoverflowBrightIcons]</visible>
			</control>
			<control type="image">
				<include content="Coverflow_Poster_Icon">
					<param name="bordertexture">listselect_fo.png</param>
					<param name="texture">$INFO[ListItem(-4).Icon]</param>
				</include>
			</control>
			<control type="image">
				<include content="Coverflow_Poster_Icon">
					<param name="texture">overlays/icon-overlay.png</param>
				</include>
				<visible>$EXP[CoverflowBrightIcons]</visible>
			</control>
		</control>
		<control type="group">
			<description>L3</description>
			<left>285</left>
			<animation type="Conditional" condition="true" reversible="false">
				<effect type="rotatey" center="255" end="-60" time="0" />
			</animation>			
			<control type="image">
				<include content="Coverflow_Poster_Icon">
					<param name="diffuse">diffuse/generic-diffuse.png</param>
					<param name="flipy">true</param>
					<param name="texture">$INFO[ListItem(-3).Icon]</param>
					<param name="top">660</param>
				</include>
			</control>
			<control type="image">
				<include content="Coverflow_Poster_Icon">
					<param name="diffuse">diffuse/generic-diffuse.png</param>
					<param name="flipy">true</param>
					<param name="texture">overlays/icon-overlay.png</param>
					<param name="top">660</param>
				</include>
				<visible>$EXP[CoverflowBrightIcons]</visible>
			</control>
			<control type="image">
				<include content="Coverflow_Poster_Icon">
					<param name="bordertexture">listselect_fo.png</param>
					<param name="texture">$INFO[ListItem(-3).Icon]</param>
				</include>
			</control>
			<control type="image">
				<include content="Coverflow_Poster_Icon">
					<param name="texture">overlays/icon-overlay.png</param>
				</include>
				<visible>$EXP[CoverflowBrightIcons]</visible>
			</control>
		</control>
		<control type="group">
			<description>L2</description>
			<left>510</left>
			<animation type="Conditional" condition="true" reversible="false">
				<effect type="rotatey" center="480" end="-60" time="0" />
			</animation>			
			<control type="image">
				<include content="Coverflow_Poster_Icon">
					<param name="diffuse">diffuse/generic-diffuse.png</param>
					<param name="flipy">true</param>
					<param name="texture">$INFO[ListItem(-2).Icon]</param>
					<param name="top">660</param>
				</include>
			</control>
			<control type="image">
				<include content="Coverflow_Poster_Icon">
					<param name="diffuse">diffuse/generic-diffuse.png</param>
					<param name="flipy">true</param>
					<param name="texture">overlays/icon-overlay.png</param>
					<param name="top">660</param>
				</include>
				<visible>$EXP[CoverflowBrightIcons]</visible>
			</control>
			<control type="image">
				<include content="Coverflow_Poster_Icon">
					<param name="bordertexture">listselect_fo.png</param>
					<param name="texture">$INFO[ListItem(-2).Icon]</param>
				</include>
			</control>
			<control type="image">
				<include content="Coverflow_Poster_Icon">
					<param name="texture">overlays/icon-overlay.png</param>
				</include>
				<visible>$EXP[CoverflowBrightIcons]</visible>
			</control>
		</control>
		<control type="group">
			<description>R4</description>
			<left>1860</left>
			<animation type="Conditional" condition="Container.OnNext" reversible="false">
				<effect type="fade" start="0" end="100" time="250" />
			</animation>
			<animation type="Conditional" condition="!Container.OnNext" reversible="false">
				<effect type="fade" start="0" end="100" time="250" />
			</animation>
			<animation type="Conditional" condition="true" reversible="false">
				<effect type="rotatey" center="2340" end="60" time="0" />
			</animation>
			<control type="image">
				<include content="Coverflow_Poster_Icon">
					<param name="diffuse">diffuse/generic-diffuse.png</param>
					<param name="flipy">true</param>
					<param name="texture">$INFO[ListItem(4).Icon]</param>
					<param name="top">660</param>
				</include>
			</control>
			<control type="image">
				<include content="Coverflow_Poster_Icon">
					<param name="diffuse">diffuse/generic-diffuse.png</param>
					<param name="flipy">true</param>
					<param name="texture">overlays/icon-overlay.png</param>
					<param name="top">660</param>
				</include>
				<visible>$EXP[CoverflowBrightIcons]</visible>
			</control>
			<control type="image">
				<include content="Coverflow_Poster_Icon">
					<param name="bordertexture">listselect_fo.png</param>
					<param name="texture">$INFO[ListItem(4).Icon]</param>
				</include>
			</control>
			<control type="image">
				<include content="Coverflow_Poster_Icon">
					<param name="texture">overlays/icon-overlay.png</param>
				</include>
				<visible>$EXP[CoverflowBrightIcons]</visible>
			</control>
		</control>
		<control type="group">
			<description>R3</description>
			<left>1635</left>
			<animation type="Conditional" condition="true" reversible="false">
				<effect type="rotatey" center="2115" end="60" time="0" />
			</animation>
			<control type="image">
				<include content="Coverflow_Poster_Icon">
					<param name="diffuse">diffuse/generic-diffuse.png</param>
					<param name="flipy">true</param>
					<param name="texture">$INFO[ListItem(3).Icon]</param>
					<param name="top">660</param>
				</include>
			</control>
			<control type="image">
				<include content="Coverflow_Poster_Icon">
					<param name="diffuse">diffuse/generic-diffuse.png</param>
					<param name="flipy">true</param>
					<param name="texture">overlays/icon-overlay.png</param>
					<param name="top">660</param>
				</include>
				<visible>$EXP[CoverflowBrightIcons]</visible>
			</control>
			<control type="image">
				<include content="Coverflow_Poster_Icon">
					<param name="bordertexture">listselect_fo.png</param>
					<param name="texture">$INFO[ListItem(3).Icon]</param>
				</include>
			</control>
			<control type="image">
				<include content="Coverflow_Poster_Icon">
					<param name="texture">overlays/icon-overlay.png</param>
				</include>
				<visible>$EXP[CoverflowBrightIcons]</visible>
			</control>
		</control>
		<control type="group">
			<description>R2</description>
			<left>1410</left>
			<animation type="Conditional" condition="true" reversible="false">
				<effect type="rotatey" center="1890" end="60" time="0" />
			</animation>
			<control type="image">
				<include content="Coverflow_Poster_Icon">
					<param name="diffuse">diffuse/generic-diffuse.png</param>
					<param name="flipy">true</param>
					<param name="texture">$INFO[ListItem(2).Icon]</param>
					<param name="top">660</param>
				</include>
			</control>
			<control type="image">
				<include content="Coverflow_Poster_Icon">
					<param name="diffuse">diffuse/generic-diffuse.png</param>
					<param name="flipy">true</param>
					<param name="texture">overlays/icon-overlay.png</param>
					<param name="top">660</param>
				</include>
				<visible>$EXP[CoverflowBrightIcons]</visible>
			</control>
			<control type="image">
				<include content="Coverflow_Poster_Icon">
					<param name="bordertexture">listselect_fo.png</param>
					<param name="texture">$INFO[ListItem(2).Icon]</param>
				</include>
			</control>
			<control type="image">
				<include content="Coverflow_Poster_Icon">
					<param name="texture">overlays/icon-overlay.png</param>
				</include>
				<visible>$EXP[CoverflowBrightIcons]</visible>
			</control>
		</control>
		<control type="group">
			<description>R1</description>
			<left>1185</left>
			<animation type="Conditional" condition="true" reversible="false">
				<effect type="rotatey" center="1665" end="60" time="0" />
			</animation>
			<control type="image">
				<include content="Coverflow_Poster_Icon">
					<param name="diffuse">diffuse/generic-diffuse.png</param>
					<param name="flipy">true</param>
					<param name="texture">$INFO[ListItem(1).Icon]</param>
					<param name="top">660</param>
				</include>
			</control>
			<control type="image">
				<include content="Coverflow_Poster_Icon">
					<param name="diffuse">diffuse/generic-diffuse.png</param>
					<param name="flipy">true</param>
					<param name="texture">overlays/icon-overlay.png</param>
					<param name="top">660</param>
				</include>
				<visible>$EXP[CoverflowBrightIcons]</visible>
			</control>
			<control type="image">
				<include content="Coverflow_Poster_Icon">
					<param name="bordertexture">listselect_fo.png</param>
					<param name="texture">$INFO[ListItem(1).Icon]</param>
				</include>
			</control>
			<control type="image">
				<include content="Coverflow_Poster_Icon">
					<param name="texture">overlays/icon-overlay.png</param>
				</include>
				<visible>$EXP[CoverflowBrightIcons]</visible>
			</control>
		</control>
		<control type="group">
			<description>Arriving</description>
			<left>960</left>
			<visible>Container.OnNext</visible>
			<animation type="Hidden" reversible="false">
				<effect type="rotatey" center="1440" start="0" end="-60" time="250" tween="quadratic" easing="in" />
				</animation>
			<animation type="Conditional" condition="true" reversible="false">
				<effect type="rotatey" center="1440" end="60" time="0" />
			</animation>
			<control type="image">
				<include content="Coverflow_Poster_Icon">
					<param name="bordertexture">listselect_fo.png</param>
					<param name="colordiffuse">FF32C4FF</param>
					<param name="texture">black.png</param>
				</include>
				<animation type="Conditional" condition="Container.OnNext" reversible="false">
					<effect type="fade" start="0" end="100" time="250" />
				</animation>				
				<animation type="Conditional" condition="!Container.OnNext" reversible="false">
					<effect type="fade" start="0" end="100" time="250" />
				</animation>
			</control>
			<control type="image">
				<include content="Coverflow_Poster_Icon">
					<param name="diffuse">diffuse/generic-diffuse.png</param>
					<param name="flipy">true</param>
					<param name="texture">$INFO[ListItem(0).Icon]</param>
					<param name="top">660</param>
				</include>
			</control>
			<control type="image">
				<include content="Coverflow_Poster_Icon">
					<param name="diffuse">diffuse/generic-diffuse.png</param>
					<param name="flipy">true</param>
					<param name="texture">overlays/icon-overlay.png</param>
					<param name="top">660</param>
				</include>
				<animation type="Conditional" condition="Container.OnNext" reversible="false">
					<effect type="fade" start="100" end="0" time="250" />
				</animation>				
				<animation type="Conditional" condition="!Container.OnNext" reversible="false">
					<effect type="fade" start="100" end="0" time="250" />
				</animation>
				<visible>$EXP[CoverflowBrightIcons]</visible>
			</control>
			<control type="image">
				<include content="Coverflow_Poster_Icon">
					<param name="bordertexture">listselect_fo.png</param>
					<param name="texture">$INFO[ListItem(0).Icon]</param>
				</include>
			</control>
			<control type="image">
				<include content="Coverflow_Poster_Icon">
					<param name="texture">overlays/icon-overlay.png</param>
				</include>
				<animation type="Conditional" condition="Container.OnNext" reversible="false">
					<effect type="fade" start="100" end="0" time="250" />
				</animation>				
				<animation type="Conditional" condition="!Container.OnNext" reversible="false">
					<effect type="fade" start="100" end="0" time="250" />
				</animation>
				<visible>$EXP[CoverflowBrightIcons]</visible>
			</control>
		</control>
		<control type="group">
			<description>Leaving</description>
			<left>735</left>
			<visible>Container.OnNext</visible>
			<animation type="Hidden" reversible="false">
				<effect type="rotatey" center="705" start="0" end="-60" time="250" tween="quadratic" easing="in" />
			</animation>
			<control type="image">
				<include content="Coverflow_Poster_Icon">
					<param name="bordertexture">listselect_fo.png</param>
					<param name="colordiffuse">FF32C4FF</param>
					<param name="texture">black.png</param>
				</include>
				<animation type="Conditional" condition="Container.OnNext" reversible="false">
					<effect type="fade" start="100" end="0" time="250" />
				</animation>				
				<animation type="Conditional" condition="!Container.OnNext" reversible="false">
					<effect type="fade" start="100" end="0" time="250" />
				</animation>
			</control>
			<control type="image">
				<include content="Coverflow_Poster_Icon">
					<param name="diffuse">diffuse/generic-diffuse.png</param>
					<param name="flipy">true</param>
					<param name="texture">$INFO[ListItem(-1).Icon]</param>
					<param name="top">660</param>
				</include>
			</control>
			<control type="image">
				<include content="Coverflow_Poster_Icon">
					<param name="diffuse">diffuse/generic-diffuse.png</param>
					<param name="flipy">true</param>
					<param name="texture">overlays/icon-overlay.png</param>
					<param name="top">660</param>
				</include>
				<animation type="Conditional" condition="Container.OnNext" reversible="false">
					<effect type="fade" start="0" end="100" time="250" />
				</animation>
				<animation type="Conditional" condition="!Container.OnNext" reversible="false">
					<effect type="fade" start="0" end="100" time="250" />
				</animation>
				<visible>$EXP[CoverflowBrightIcons]</visible>
			</control>
			<control type="image">
				<include content="Coverflow_Poster_Icon">
					<param name="bordertexture">listselect_fo.png</param>
					<param name="texture">$INFO[ListItem(-1).Icon]</param>
				</include>
			</control>
			<control type="image">
				<include content="Coverflow_Poster_Icon">
					<param name="texture">overlays/icon-overlay.png</param>
				</include>
				<animation type="Conditional" condition="Container.OnNext" reversible="false">
					<effect type="fade" start="0" end="100" time="250" />
				</animation>
				<animation type="Conditional" condition="!Container.OnNext" reversible="false">
					<effect type="fade" start="0" end="100" time="250" />
				</animation>				
				<visible>$EXP[CoverflowBrightIcons]</visible>
			</control>
		</control>
	</include>
	<!-- poster_onprevious -->
	<include name="Coverflow_Poster_OnPrevious">
		<control type="group">
			<description>L4</description>
			<left>-390</left>
			<animation type="Conditional" condition="Container.OnPrevious" reversible="false">
				<effect type="fade" start="0" end="100" time="250" />
			</animation>
			<animation type="Conditional" condition="!Container.OnPrevious" reversible="false">
				<effect type="fade" start="0" end="100" time="250" />
			</animation>
			<animation type="Conditional" condition="true" reversible="false">
				<effect type="rotatey" center="-420" end="-60" time="0" />
			</animation>			
			<control type="image">
				<include content="Coverflow_Poster_Icon">
					<param name="diffuse">diffuse/generic-diffuse.png</param>
					<param name="flipy">true</param>
					<param name="texture">$INFO[ListItem(-4).Icon]</param>
					<param name="top">660</param>
				</include>
			</control>
			<control type="image">
				<include content="Coverflow_Poster_Icon">
					<param name="diffuse">diffuse/generic-diffuse.png</param>
					<param name="flipy">true</param>
					<param name="texture">overlays/icon-overlay.png</param>
					<param name="top">660</param>
				</include>
				<visible>$EXP[CoverflowBrightIcons]</visible>
			</control>
			<control type="image">
				<include content="Coverflow_Poster_Icon">
					<param name="bordertexture">listselect_fo.png</param>
					<param name="texture">$INFO[ListItem(-4).Icon]</param>
				</include>
			</control>
			<control type="image">
				<include content="Coverflow_Poster_Icon">
					<param name="texture">overlays/icon-overlay.png</param>
				</include>
				<visible>$EXP[CoverflowBrightIcons]</visible>
			</control>
		</control>
		<control type="group">
			<description>L3</description>
			<left>-165</left>
			<animation type="Conditional" condition="true" reversible="false">
				<effect type="rotatey" center="-195" end="-60" time="0" />
			</animation>			
			<control type="image">
				<include content="Coverflow_Poster_Icon">
					<param name="diffuse">diffuse/generic-diffuse.png</param>
					<param name="flipy">true</param>
					<param name="texture">$INFO[ListItem(-3).Icon]</param>
					<param name="top">660</param>
				</include>
			</control>
			<control type="image">
				<include content="Coverflow_Poster_Icon">
					<param name="diffuse">diffuse/generic-diffuse.png</param>
					<param name="flipy">true</param>
					<param name="texture">overlays/icon-overlay.png</param>
					<param name="top">660</param>
				</include>
				<visible>$EXP[CoverflowBrightIcons]</visible>
			</control>
			<control type="image">
				<include content="Coverflow_Poster_Icon">
					<param name="bordertexture">listselect_fo.png</param>
					<param name="texture">$INFO[ListItem(-3).Icon]</param>
				</include>
			</control>
			<control type="image">
				<include content="Coverflow_Poster_Icon">
					<param name="texture">overlays/icon-overlay.png</param>
				</include>
				<visible>$EXP[CoverflowBrightIcons]</visible>
			</control>
		</control>
		<control type="group">
			<description>L2</description>
			<left>60</left>
			<animation type="Conditional" condition="true" reversible="false">
				<effect type="rotatey" center="30" end="-60" time="0" />
			</animation>			
			<control type="image">
				<include content="Coverflow_Poster_Icon">
					<param name="diffuse">diffuse/generic-diffuse.png</param>
					<param name="flipy">true</param>
					<param name="texture">$INFO[ListItem(-2).Icon]</param>
					<param name="top">660</param>
				</include>
			</control>
			<control type="image">
				<include content="Coverflow_Poster_Icon">
					<param name="diffuse">diffuse/generic-diffuse.png</param>
					<param name="flipy">true</param>
					<param name="texture">overlays/icon-overlay.png</param>
					<param name="top">660</param>
				</include>
				<visible>$EXP[CoverflowBrightIcons]</visible>
			</control>
			<control type="image">
				<include content="Coverflow_Poster_Icon">
					<param name="bordertexture">listselect_fo.png</param>
					<param name="texture">$INFO[ListItem(-2).Icon]</param>
				</include>
			</control>
			<control type="image">
				<include content="Coverflow_Poster_Icon">
					<param name="texture">overlays/icon-overlay.png</param>
				</include>
				<visible>$EXP[CoverflowBrightIcons]</visible>
			</control>
		</control>
		<control type="group">
			<description>L1</description>
			<left>285</left>
			<animation type="Conditional" condition="true" reversible="false">
				<effect type="rotatey" center="255" end="-60" time="0" />
			</animation>			
			<control type="image">
				<include content="Coverflow_Poster_Icon">
					<param name="diffuse">diffuse/generic-diffuse.png</param>
					<param name="flipy">true</param>
					<param name="texture">$INFO[ListItem(-1).Icon]</param>
					<param name="top">660</param>
				</include>
			</control>
			<control type="image">
				<include content="Coverflow_Poster_Icon">
					<param name="diffuse">diffuse/generic-diffuse.png</param>
					<param name="flipy">true</param>
					<param name="texture">overlays/icon-overlay.png</param>
					<param name="top">660</param>
				</include>
				<visible>$EXP[CoverflowBrightIcons]</visible>
			</control>
			<control type="image">
				<include content="Coverflow_Poster_Icon">
					<param name="bordertexture">listselect_fo.png</param>
					<param name="texture">$INFO[ListItem(-1).Icon]</param>
				</include>
			</control>
			<control type="image">
				<include content="Coverflow_Poster_Icon">
					<param name="texture">overlays/icon-overlay.png</param>
				</include>
				<visible>$EXP[CoverflowBrightIcons]</visible>
			</control>
		</control>
		<control type="group">
			<description>R4</description>
			<left>1635</left>
			<visible>Container.OnPrevious</visible>
			<animation type="Hidden" reversible="false">
				<effect type="fade" start="100" end="0" time="250" />
			</animation>
			<animation type="Conditional" condition="true" reversible="false">
				<effect type="rotatey" center="2115" end="60" time="0" />
			</animation>
			<control type="image">
				<include content="Coverflow_Poster_Icon">
					<param name="diffuse">diffuse/generic-diffuse.png</param>
					<param name="flipy">true</param>
					<param name="texture">$INFO[ListItem(5).Icon]</param>
					<param name="top">660</param>
				</include>
			</control>
			<control type="image">
				<include content="Coverflow_Poster_Icon">
					<param name="diffuse">diffuse/generic-diffuse.png</param>
					<param name="flipy">true</param>
					<param name="texture">overlays/icon-overlay.png</param>
					<param name="top">660</param>
				</include>
				<visible>$EXP[CoverflowBrightIcons]</visible>
			</control>
			<control type="image">
				<include content="Coverflow_Poster_Icon">
					<param name="bordertexture">listselect_fo.png</param>
					<param name="texture">$INFO[ListItem(5).Icon]</param>
				</include>
			</control>
			<control type="image">
				<include content="Coverflow_Poster_Icon">
					<param name="texture">overlays/icon-overlay.png</param>
				</include>
				<visible>$EXP[CoverflowBrightIcons]</visible>
			</control>
		</control>
		<control type="group">
			<description>R4</description>
			<left>1410</left>
			<animation type="Conditional" condition="true" reversible="false">
				<effect type="rotatey" center="1890" end="60" time="0" />
			</animation>
			<control type="image">
				<include content="Coverflow_Poster_Icon">
					<param name="diffuse">diffuse/generic-diffuse.png</param>
					<param name="flipy">true</param>
					<param name="texture">$INFO[ListItem(4).Icon]</param>
					<param name="top">660</param>
				</include>
			</control>
			<control type="image">
				<include content="Coverflow_Poster_Icon">
					<param name="diffuse">diffuse/generic-diffuse.png</param>
					<param name="flipy">true</param>
					<param name="texture">overlays/icon-overlay.png</param>
					<param name="top">660</param>
				</include>
				<visible>$EXP[CoverflowBrightIcons]</visible>
			</control>
			<control type="image">
				<include content="Coverflow_Poster_Icon">
					<param name="bordertexture">listselect_fo.png</param>
					<param name="texture">$INFO[ListItem(4).Icon]</param>
				</include>
			</control>
			<control type="image">
				<include content="Coverflow_Poster_Icon">
					<param name="texture">overlays/icon-overlay.png</param>
				</include>
				<visible>$EXP[CoverflowBrightIcons]</visible>
			</control>
		</control>
		<control type="group">
			<description>R3</description>
			<left>1185</left>
			<animation type="Conditional" condition="true" reversible="false">
				<effect type="rotatey" center="1665" end="60" time="0" />
			</animation>
			<control type="image">
				<include content="Coverflow_Poster_Icon">
					<param name="diffuse">diffuse/generic-diffuse.png</param>
					<param name="flipy">true</param>
					<param name="texture">$INFO[ListItem(3).Icon]</param>
					<param name="top">660</param>
				</include>
			</control>
			<control type="image">
				<include content="Coverflow_Poster_Icon">
					<param name="diffuse">diffuse/generic-diffuse.png</param>
					<param name="flipy">true</param>
					<param name="texture">overlays/icon-overlay.png</param>
					<param name="top">660</param>
				</include>
				<visible>$EXP[CoverflowBrightIcons]</visible>
			</control>
			<control type="image">
				<include content="Coverflow_Poster_Icon">
					<param name="bordertexture">listselect_fo.png</param>
					<param name="texture">$INFO[ListItem(3).Icon]</param>
				</include>
			</control>
			<control type="image">
				<include content="Coverflow_Poster_Icon">
					<param name="texture">overlays/icon-overlay.png</param>
				</include>
				<visible>$EXP[CoverflowBrightIcons]</visible>
			</control>
		</control>
		<control type="group">
			<description>R2</description>
			<left>960</left>
			<animation type="Conditional" condition="true" reversible="false">
				<effect type="rotatey" center="1440" end="60" time="0" />
			</animation>
			<control type="image">
				<include content="Coverflow_Poster_Icon">
					<param name="diffuse">diffuse/generic-diffuse.png</param>
					<param name="flipy">true</param>
					<param name="texture">$INFO[ListItem(2).Icon]</param>
					<param name="top">660</param>
				</include>
			</control>
			<control type="image">
				<include content="Coverflow_Poster_Icon">
					<param name="diffuse">diffuse/generic-diffuse.png</param>
					<param name="flipy">true</param>
					<param name="texture">overlays/icon-overlay.png</param>
					<param name="top">660</param>
				</include>
				<visible>$EXP[CoverflowBrightIcons]</visible>
			</control>
			<control type="image">
				<include content="Coverflow_Poster_Icon">
					<param name="bordertexture">listselect_fo.png</param>
					<param name="texture">$INFO[ListItem(2).Icon]</param>
				</include>
			</control>
			<control type="image">
				<include content="Coverflow_Poster_Icon">
					<param name="texture">overlays/icon-overlay.png</param>
				</include>
				<visible>$EXP[CoverflowBrightIcons]</visible>
			</control>
		</control>
		<control type="group">
			<description>Arriving</description>
			<left>510</left>
			<visible>Container.OnPrevious</visible>
			<animation type="Hidden" reversible="false">
				<effect type="rotatey" center="480" start="0" end="60" time="250" tween="quadratic" easing="in" />
				</animation>			
			<animation type="Conditional" condition="true" reversible="false">
				<effect type="rotatey" center="480" end="-60" time="0" />
			</animation>
			<control type="image">
				<include content="Coverflow_Poster_Icon">
					<param name="bordertexture">listselect_fo.png</param>
					<param name="colordiffuse">FF32C4FF</param>
					<param name="texture">black.png</param>
				</include>
				<animation type="Conditional" condition="Container.OnPrevious" reversible="false">
					<effect type="fade" start="0" end="100" time="250" />
				</animation>				
				<animation type="Conditional" condition="!Container.OnPrevious" reversible="false">
					<effect type="fade" start="0" end="100" time="250" />
				</animation>
			</control>			
			<control type="image">
				<include content="Coverflow_Poster_Icon">
					<param name="diffuse">diffuse/generic-diffuse.png</param>
					<param name="flipy">true</param>
					<param name="texture">$INFO[ListItem(0).Icon]</param>
					<param name="top">660</param>
				</include>
			</control>
			<control type="image">
				<include content="Coverflow_Poster_Icon">
					<param name="diffuse">diffuse/generic-diffuse.png</param>
					<param name="flipy">true</param>
					<param name="texture">overlays/icon-overlay.png</param>
					<param name="top">660</param>
				</include>
				<animation type="Conditional" condition="Container.OnPrevious" reversible="false">
					<effect type="fade" start="100" end="0" time="250" />
				</animation>				
				<animation type="Conditional" condition="!Container.OnPrevious" reversible="false">
					<effect type="fade" start="100" end="0" time="250" />
				</animation>
				<visible>$EXP[CoverflowBrightIcons]</visible>
			</control>
			<control type="image">
				<include content="Coverflow_Poster_Icon">
					<param name="bordertexture">listselect_fo.png</param>
					<param name="texture">$INFO[ListItem(0).Icon]</param>
				</include>
			</control>
			<control type="image">
				<include content="Coverflow_Poster_Icon">
					<param name="texture">overlays/icon-overlay.png</param>
				</include>
				<animation type="Conditional" condition="Container.OnPrevious" reversible="false">
					<effect type="fade" start="100" end="0" time="250" />
				</animation>				
				<animation type="Conditional" condition="!Container.OnPrevious" reversible="false">
					<effect type="fade" start="100" end="0" time="250" />
				</animation>
				<visible>$EXP[CoverflowBrightIcons]</visible>
			</control>
		</control>
		<control type="group">
			<description>Leaving</description>
			<left>735</left>
			<visible>Container.OnPrevious</visible>
			<animation type="Hidden" reversible="false">
				<effect type="rotatey" center="1215" start="0" end="60" time="250" tween="quadratic" easing="in" />
			</animation>
			<control type="image">
				<include content="Coverflow_Poster_Icon">
					<param name="bordertexture">listselect_fo.png</param>
					<param name="colordiffuse">FF32C4FF</param>
					<param name="texture">black.png</param>
				</include>
				<animation type="Conditional" condition="Container.OnPrevious" reversible="false">
					<effect type="fade" start="100" end="0" time="250" />
				</animation>				
				<animation type="Conditional" condition="!Container.OnPrevious" reversible="false">
					<effect type="fade" start="100" end="0" time="250" />
				</animation>
			</control>
			<control type="image">
				<include content="Coverflow_Poster_Icon">
					<param name="diffuse">diffuse/generic-diffuse.png</param>
					<param name="flipy">true</param>
					<param name="texture">$INFO[ListItem(1).Icon]</param>
					<param name="top">660</param>
				</include>
			</control>
			<control type="image">
				<include content="Coverflow_Poster_Icon">
					<param name="diffuse">diffuse/generic-diffuse.png</param>
					<param name="flipy">true</param>
					<param name="texture">overlays/icon-overlay.png</param>
					<param name="top">660</param>
				</include>
				<animation type="Conditional" condition="Container.OnPrevious" reversible="false">
					<effect type="fade" start="0" end="100" time="250" />
				</animation>
				<animation type="Conditional" condition="!Container.OnPrevious" reversible="false">
					<effect type="fade" start="0" end="100" time="250" />
				</animation>
				<visible>$EXP[CoverflowBrightIcons]</visible>
			</control>
			<control type="image">
				<include content="Coverflow_Poster_Icon">
					<param name="bordertexture">listselect_fo.png</param>
					<param name="texture">$INFO[ListItem(1).Icon]</param>
				</include>
			</control>
			<control type="image">
				<include content="Coverflow_Poster_Icon">
					<param name="texture">overlays/icon-overlay.png</param>
				</include>
				<animation type="Conditional" condition="Container.OnPrevious" reversible="false">
					<effect type="fade" start="0" end="100" time="250" />
				</animation>
				<animation type="Conditional" condition="!Container.OnPrevious" reversible="false">
					<effect type="fade" start="0" end="100" time="250" />
				</animation>				
				<visible>$EXP[CoverflowBrightIcons]</visible>
			</control>
		</control>
	</include>
	<!-- poster_focus -->
	<include name="Coverflow_Poster_Focus">
		<control type="group">
			<description>L4</description>
			<left>-165</left>
			<animation type="Conditional" condition="true" reversible="false">
				<effect type="rotatey" center="-195" end="-60" time="0" />
			</animation>			
			<control type="image">
				<include content="Coverflow_Poster_Icon">
					<param name="diffuse">diffuse/generic-diffuse.png</param>
					<param name="flipy">true</param>
					<param name="texture">$INFO[ListItem(-4).Icon]</param>
					<param name="top">660</param>
				</include>
			</control>
			<control type="image">
				<include content="Coverflow_Poster_Icon">
					<param name="diffuse">diffuse/generic-diffuse.png</param>
					<param name="flipy">true</param>
					<param name="texture">overlays/icon-overlay.png</param>
					<param name="top">660</param>
				</include>
				<visible>$EXP[CoverflowBrightIcons]</visible>
			</control>
			<control type="image">
				<include content="Coverflow_Poster_Icon">
					<param name="bordertexture">listselect_fo.png</param>
					<param name="texture">$INFO[ListItem(-4).Icon]</param>
				</include>
			</control>
			<control type="image">
				<include content="Coverflow_Poster_Icon">
					<param name="texture">overlays/icon-overlay.png</param>
				</include>
				<visible>$EXP[CoverflowBrightIcons]</visible>
			</control>
		</control>
		<control type="group">
			<description>L3</description>
			<left>60</left>
			<animation type="Conditional" condition="true" reversible="false">
				<effect type="rotatey" center="30" end="-60" time="0" />
			</animation>			
			<control type="image">
				<include content="Coverflow_Poster_Icon">
					<param name="diffuse">diffuse/generic-diffuse.png</param>
					<param name="flipy">true</param>
					<param name="texture">$INFO[ListItem(-3).Icon]</param>
					<param name="top">660</param>
				</include>
			</control>
			<control type="image">
				<include content="Coverflow_Poster_Icon">
					<param name="diffuse">diffuse/generic-diffuse.png</param>
					<param name="flipy">true</param>
					<param name="texture">overlays/icon-overlay.png</param>
					<param name="top">660</param>
				</include>
				<visible>$EXP[CoverflowBrightIcons]</visible>
			</control>
			<control type="image">
				<include content="Coverflow_Poster_Icon">
					<param name="bordertexture">listselect_fo.png</param>
					<param name="texture">$INFO[ListItem(-3).Icon]</param>
				</include>
			</control>
			<control type="image">
				<include content="Coverflow_Poster_Icon">
					<param name="texture">overlays/icon-overlay.png</param>
				</include>
				<visible>$EXP[CoverflowBrightIcons]</visible>
			</control>
		</control>
		<control type="group">
			<description>L2</description>
			<left>285</left>
			<animation type="Conditional" condition="true" reversible="false">
				<effect type="rotatey" center="255" end="-60" time="0" />
			</animation>			
			<control type="image">
				<include content="Coverflow_Poster_Icon">
					<param name="diffuse">diffuse/generic-diffuse.png</param>
					<param name="flipy">true</param>
					<param name="texture">$INFO[ListItem(-2).Icon]</param>
					<param name="top">660</param>
				</include>
			</control>
			<control type="image">
				<include content="Coverflow_Poster_Icon">
					<param name="diffuse">diffuse/generic-diffuse.png</param>
					<param name="flipy">true</param>
					<param name="texture">overlays/icon-overlay.png</param>
					<param name="top">660</param>
				</include>
				<visible>$EXP[CoverflowBrightIcons]</visible>
			</control>
			<control type="image">
				<include content="Coverflow_Poster_Icon">
					<param name="bordertexture">listselect_fo.png</param>
					<param name="texture">$INFO[ListItem(-2).Icon]</param>
				</include>
			</control>
			<control type="image">
				<include content="Coverflow_Poster_Icon">
					<param name="texture">overlays/icon-overlay.png</param>
				</include>
				<visible>$EXP[CoverflowBrightIcons]</visible>
			</control>
		</control>	
		<control type="group">
			<description>L1</description>
			<left>510</left>
			<animation type="Conditional" condition="true" reversible="false">
				<effect type="rotatey" center="480" end="-60" time="0" />
			</animation>			
			<control type="image">
				<include content="Coverflow_Poster_Icon">
					<param name="diffuse">diffuse/generic-diffuse.png</param>
					<param name="flipy">true</param>
					<param name="texture">$INFO[ListItem(-1).Icon]</param>
					<param name="top">660</param>
				</include>
			</control>
			<control type="image">
				<include content="Coverflow_Poster_Icon">
					<param name="diffuse">diffuse/generic-diffuse.png</param>
					<param name="flipy">true</param>
					<param name="texture">overlays/icon-overlay.png</param>
					<param name="top">660</param>
				</include>
				<visible>$EXP[CoverflowBrightIcons]</visible>
			</control>
			<control type="image">
				<include content="Coverflow_Poster_Icon">
					<param name="bordertexture">listselect_fo.png</param>
					<param name="texture">$INFO[ListItem(-1).Icon]</param>
				</include>
			</control>
			<control type="image">
				<include content="Coverflow_Poster_Icon">
					<param name="texture">overlays/icon-overlay.png</param>
				</include>
				<visible>$EXP[CoverflowBrightIcons]</visible>
			</control>
		</control>
		<control type="group">
			<description>R4</description>
			<left>1635</left>
			<animation type="Conditional" condition="true" reversible="false">
				<effect type="rotatey" center="2115" end="60" time="0" />
			</animation>
			<control type="image">
				<include content="Coverflow_Poster_Icon">
					<param name="diffuse">diffuse/generic-diffuse.png</param>
					<param name="flipy">true</param>
					<param name="texture">$INFO[ListItem(4).Icon]</param>
					<param name="top">660</param>
				</include>
			</control>
			<control type="image">
				<include content="Coverflow_Poster_Icon">
					<param name="diffuse">diffuse/generic-diffuse.png</param>
					<param name="flipy">true</param>
					<param name="texture">overlays/icon-overlay.png</param>
					<param name="top">660</param>
				</include>
				<visible>$EXP[CoverflowBrightIcons]</visible>
			</control>
			<control type="image">
				<include content="Coverflow_Poster_Icon">
					<param name="bordertexture">listselect_fo.png</param>
					<param name="texture">$INFO[ListItem(4).Icon]</param>
				</include>
			</control>
			<control type="image">
				<include content="Coverflow_Poster_Icon">
					<param name="texture">overlays/icon-overlay.png</param>
				</include>
				<visible>$EXP[CoverflowBrightIcons]</visible>
			</control>
		</control>
		<control type="group">
			<description>R3</description>
			<left>1410</left>
			<animation type="Conditional" condition="true" reversible="false">
				<effect type="rotatey" center="1890" end="60" time="0" />
			</animation>
			<control type="image">
				<include content="Coverflow_Poster_Icon">
					<param name="diffuse">diffuse/generic-diffuse.png</param>
					<param name="flipy">true</param>
					<param name="texture">$INFO[ListItem(3).Icon]</param>
					<param name="top">660</param>
				</include>
			</control>
			<control type="image">
				<include content="Coverflow_Poster_Icon">
					<param name="diffuse">diffuse/generic-diffuse.png</param>
					<param name="flipy">true</param>
					<param name="texture">overlays/icon-overlay.png</param>
					<param name="top">660</param>
				</include>
				<visible>$EXP[CoverflowBrightIcons]</visible>
			</control>
			<control type="image">
				<include content="Coverflow_Poster_Icon">
					<param name="bordertexture">listselect_fo.png</param>
					<param name="texture">$INFO[ListItem(3).Icon]</param>
				</include>
			</control>
			<control type="image">
				<include content="Coverflow_Poster_Icon">
					<param name="texture">overlays/icon-overlay.png</param>
				</include>
				<visible>$EXP[CoverflowBrightIcons]</visible>
			</control>
		</control>
		<control type="group">
			<description>R2</description>
			<left>1185</left>
			<animation type="Conditional" condition="true" reversible="false">
				<effect type="rotatey" center="1665" end="60" time="0" />
			</animation>
			<control type="image">
				<include content="Coverflow_Poster_Icon">
					<param name="diffuse">diffuse/generic-diffuse.png</param>
					<param name="flipy">true</param>
					<param name="texture">$INFO[ListItem(2).Icon]</param>
					<param name="top">660</param>
				</include>
			</control>
			<control type="image">
				<include content="Coverflow_Poster_Icon">
					<param name="diffuse">diffuse/generic-diffuse.png</param>
					<param name="flipy">true</param>
					<param name="texture">overlays/icon-overlay.png</param>
					<param name="top">660</param>
				</include>
				<visible>$EXP[CoverflowBrightIcons]</visible>
			</control>
			<control type="image">
				<include content="Coverflow_Poster_Icon">
					<param name="bordertexture">listselect_fo.png</param>
					<param name="texture">$INFO[ListItem(2).Icon]</param>
				</include>
			</control>
			<control type="image">
				<include content="Coverflow_Poster_Icon">
					<param name="texture">overlays/icon-overlay.png</param>
				</include>
				<visible>$EXP[CoverflowBrightIcons]</visible>
			</control>
		</control>		
		<control type="group">
			<description>R1</description>
			<left>960</left>
			<animation type="Conditional" condition="true" reversible="false">
				<effect type="rotatey" center="1440" end="60" time="0" />
			</animation>
			<control type="image">
				<include content="Coverflow_Poster_Icon">
					<param name="diffuse">diffuse/generic-diffuse.png</param>
					<param name="flipy">true</param>
					<param name="texture">$INFO[ListItem(1).Icon]</param>
					<param name="top">660</param>
				</include>
			</control>
			<control type="image">
				<include content="Coverflow_Poster_Icon">
					<param name="diffuse">diffuse/generic-diffuse.png</param>
					<param name="flipy">true</param>
					<param name="texture">overlays/icon-overlay.png</param>
					<param name="top">660</param>
				</include>
				<visible>$EXP[CoverflowBrightIcons]</visible>
			</control>
			<control type="image">
				<include content="Coverflow_Poster_Icon">
					<param name="bordertexture">listselect_fo.png</param>
					<param name="texture">$INFO[ListItem(1).Icon]</param>
				</include>
			</control>
			<control type="image">
				<include content="Coverflow_Poster_Icon">
					<param name="texture">overlays/icon-overlay.png</param>
				</include>
				<visible>$EXP[CoverflowBrightIcons]</visible>
			</control>
		</control>
		<control type="group">
			<description>Focus</description>
			<left>735</left>
			<control type="image">
				<include content="Coverflow_Poster_Icon">
					<param name="bordertexture">listselect_fo.png</param>
					<param name="colordiffuse">FF32C4FF</param>
					<param name="texture">black.png</param>
				</include>
				<animation effect="fade" time="400">VisibleChange</animation>
				<visible>Control.HasFocus(903) + Container(903).HasFocus(0)</visible>
			</control>
			<control type="image">
				<include content="Coverflow_Poster_Icon">
					<param name="diffuse">diffuse/generic-diffuse.png</param>
					<param name="flipy">true</param>
					<param name="texture">$INFO[ListItem.Icon]</param>
					<param name="top">660</param>
				</include>
			</control>
			<control type="image">
				<include content="Coverflow_Poster_Icon">
					<param name="diffuse">diffuse/generic-diffuse.png</param>
					<param name="flipy">true</param>
					<param name="texture">overlays/icon-overlay.png</param>
					<param name="top">660</param>
				</include>
				<animation type="Conditional" condition="Control.HasFocus(903) + [!Container.OnNext + !Container.OnPrevious]" reversible="false">
					<effect type="fade" start="100" end="0" time="400" />
				</animation>
				<visible>$EXP[CoverflowBrightIcons]</visible>
			</control>
			<control type="image">
				<include content="Coverflow_Poster_Icon">
					<param name="bordertexture">listselect_fo.png</param>
				</include>
			</control>
			<control type="image">
				<include content="Coverflow_Poster_Icon">
					<param name="texture">overlays/icon-overlay.png</param>
				</include>
				<animation type="Conditional" condition="Control.HasFocus(903) + [!Container.OnNext + !Container.OnPrevious]" reversible="false">
					<effect type="fade" start="100" end="0" time="400" />
				</animation>
				<visible>$EXP[CoverflowBrightIcons]</visible>
			</control>
		</control>
	</include>
</includes>