<?xml version="1.0" encoding="UTF-8"?>
<window>
	<defaultcontrol></defaultcontrol>
	<allowoverlay>true</allowoverlay>
	<backgroundcolor>background</backgroundcolor>

	<onload condition="System.HasAddon(script.artistslideshow) + !Skin.HasSetting(hide_background_fanart) +!Skin.HasSetting(HideVisualizationFanart)">RunScript(script.artistslideshow)</onload>
	<onload condition="String.IsEmpty(Skin.String(VisBackgroundMask))">Skin.SetString(VisBackgroundMask,88FFFFFF)</onload>

		<controls>
			<control type="visualisation" id="2">
				<description>visualisation</description>
				<include>FullscreenDimensions</include>
				<visible>Player.HasAudio</visible>
			</control>

<!-- 	<include file="MusicVisualisation-CoverView.xml" condition="!String.IsEmpty(Skin.String(musicvis.view)) + String.IsEqual(Skin.String(musicvis.view),CoverView)">MusicVisCoverView</include> -->
<!-- 	<include file="MusicVisualisation-CoverView2.xml" condition="!String.IsEmpty(Skin.String(musicvis.view)) + String.IsEqual(Skin.String(musicvis.view),CoverView2)">MusicVisCoverView2</include> -->
<!-- 	<include file="MusicVisualisation-StandardView.xml" condition="String.IsEmpty(Skin.String(musicvis.view)) | String.IsEqual(Skin.String(musicvis.view),StandardView)">MusicVisStandardView</include> -->

	<control type="group">
		<visible>!String.IsEmpty(Skin.String(musicvis.view)) + String.IsEqual(Skin.String(musicvis.view),CoverView)</visible>
		<include file="MusicVisualisation-CoverView.xml" >MusicVisCoverView</include>
	</control>

	<control type="group">
	<visible>!String.IsEmpty(Skin.String(musicvis.view)) + String.IsEqual(Skin.String(musicvis.view),CoverView2)</visible>
	<include file="MusicVisualisation-CoverView2.xml">MusicVisCoverView2</include>
	</control>
	
	<control type="group">
	<visible>String.IsEmpty(Skin.String(musicvis.view)) | String.IsEqual(Skin.String(musicvis.view),StandardView)</visible>
	<include file="MusicVisualisation-StandardView.xml">MusicVisStandardView</include>
	</control>

</controls>


</window>