<?xml version="1.0" encoding="UTF-8"?>
<addon id="skin.mimic.lr" name="Mimic-LR" version="7.0.6-b3" provider-name="Randall">
	<requires>
		<import addon="xbmc.gui" version="5.15.0" />
		<import addon="resource.images.studios.white" version="0.0.25" />
		<import addon="script.skinshortcuts" version="1.1.4" />
		<import addon="script.toolbox" version="2.0.0" />
		<import addon="script.image.resource.select" version="3.0.2" />
	</requires>
	<extension point="xbmc.gui.skin" debugging="false" effectslowdown="0.75">
		<res width="1920" height="1080" aspect="16:9" default="true" folder="1080i" />
	</extension>

	<extension point="xbmc.addon.metadata">
		<summary lang="en_GB">Mimic-LR</summary>
		<description lang="en_GB">Mimic reborn</description>
		<platform>all</platform>
		<license>CC BY-NC-SA 4.0</license>
		<forum>http://forum.kodi.tv/forumdisplay.php?fid=218</forum>
		<website></website>
		<email></email>
		<source>https://github.com/randallspicher/skin.mimic.lr/tree/Matrix</source>
		<assets>
			<icon>resources/icon.png</icon>
			<fanart>resources/fanart.png</fanart>
			<screenshot>resources/screenshot-01.png</screenshot>
			<screenshot>resources/screenshot-02.png</screenshot>
			<screenshot>resources/screenshot-03.png</screenshot>
			<screenshot>resources/screenshot-04.png</screenshot>
			<screenshot>resources/screenshot-05.png</screenshot>
			<screenshot>resources/screenshot-06.png</screenshot>
			<screenshot>resources/screenshot-07.png</screenshot>
			<screenshot>resources/screenshot-08.png</screenshot>
		</assets>
		<news></news>
	</extension>
</addon>