<?xml version="1.0" encoding="UTF-8"?>
<window>
	<defaultcontrol />
	<allowoverlay>true</allowoverlay>


	<onload condition="System.HasAddon(script.artistslideshow) + !Skin.HasSetting(hide_background_fanart) +!Skin.HasSetting(HideVisualizationFanart)">RunScript(script.artistslideshow)</onload>
	<onload condition="String.IsEmpty(Skin.String(VisBackgroundMask))">Skin.SetString(VisBackgroundMask,88FFFFFF)</onload>

	<include file="MusicVisualisation-CoverView.xml" condition="!String.IsEmpty(Skin.String(musicvis.view)) + String.IsEqual(Skin.String(musicvis.view),CoverView)">MusicVisCoverView</include>

	<include file="MusicVisualisation-StandardView.xml" condition="String.IsEmpty(Skin.String(musicvis.view)) | String.IsEqual(Skin.String(musicvis.view),StandardView)">MusicVisStandardView</include>

</window>