<?xml version="1.0" encoding="UTF-8"?>
<includes>
	<!-- xml -->
	<include file="coverflow/coverflow_poster.xml" />
	<include file="coverflow/coverflow_square.xml" />
	<include file="coverflow/coverflow_bluray.xml" />
	<include file="coverflow/coverflow_wide.xml" />
	<include file="coverflow/coverflow_slim.xml" />
	<include file="coverflow/coverflow_3ds.xml" />
	<!-- expressions -->
<!-- 	<expression name="CoverflowBrightIcons">$EXP[GameSupport] + !Skin.HasSetting(Games_903_BrightIcons) | Container.Content(Albums) + !Skin.HasSetting(Albums_903_BrightIcons) | Container.Content(Episodes) + !Skin.HasSetting(Episodes_903_BrightIcons) | [Container.Content(Movies)| Container.Content(sets)] + !Skin.HasSetting(Movies_903_BrightIcons) |[Container.Content(TVShows)| Container.Content(seasons)] + !Skin.HasSetting(TVShows_903_BrightIcons)</expression> -->
	<!-- view -->
	<include name="View_903_Coverflow">
		<control type="group">
			<visible>Control.IsVisible(903) + !$EXP[isInfoDialog]</visible>
			<animation type="WindowOpen" reversible="false">
				<effect type="fade" start="0" end="100" delay="300" time="300" tween="sine" easing="in" />
				<effect type="zoom" center="960,470" start="50" end="100" delay="300" time="300" tween="quadratic" easing="out" />
			</animation>
			<animation type="WindowClose" reversible="false">
				<effect type="fade" end="0" start="100" time="200" tween="sine" easing="out" />
				<effect type="zoom" end="75" start="100" time="200" center="auto" tween="quadratic" easing="in" />
			</animation>
			<animation type="Visible" reversible="false">
				<effect type="fade" start="0" end="100" delay="300" time="300" tween="sine" easing="in" />
				<effect type="zoom" center="960,470" start="50" end="100" delay="300" time="300" tween="quadratic" easing="out" />
			</animation>
			<animation type="Hidden" reversible="false">
				<effect type="fade" end="0" start="100" time="200" tween="sine" easing="out" />
				<effect type="zoom" end="75" start="100" time="200" center="auto" tween="quadratic" easing="in" />
			</animation>
			<control type="list" id="903">
				<description>Coverflow</description>
				<left>0</left>
				<top>0</top>
				<width>400</width>
				<height>600</height>
				<ondown>-</ondown>
				<onleft>903</onleft>
				<onright>903</onright>
				<onup>SetProperty(MediaMenu,True,home)</onup>
				<onup>SetFocus(9050)</onup>
				<orientation>horizontal</orientation>
				<viewtype label="$LOCALIZE[90300]">list</viewtype>
				<itemlayout height="1" width="1"></itemlayout>
				<focusedlayout height="660" width="450"></focusedlayout>
			</control>
			<control type="group">
				<description>Poster</description>
				<visible>[Container.Content(Movies)| Container.Content(sets)] | [Container.Content(TVShows)| Container.Content(seasons)] | $EXP[GameSupport] + !$EXP[KnownGameSystems]</visible>
				<control type="group" id="7001">
					<visible>Container.OnNext</visible>
					<animation effect="slide" end="-225" time="250" reversible="false">Hidden</animation>
					<top>125</top>
					<include>Coverflow_Poster_OnNext</include>
				</control>
				<control type="group" id="7002">
					<visible>Container.OnPrevious</visible>
					<animation effect="slide" end="225" time="250" reversible="false">Hidden</animation>
					<top>125</top>
					<include>Coverflow_Poster_OnPrevious</include>
				</control>
				<control type="group" id="7000">
					<visible>!Control.IsVisible(7001) + !Control.IsVisible(7002)</visible>
					<top>125</top>
					<include>Coverflow_Poster_Focus</include>
				</control>
			</control>
			<control type="group">
				<description>Square</description>
				<visible>Container.Content(Albums) | $EXP[GameSupport] + [$EXP[DetectSquare]]</visible>
				<control type="group" id="7001">
					<visible>Container.OnNext</visible>
					<animation effect="slide" end="-280" time="250" reversible="false">Hidden</animation>
					<top>170</top>
					<include>Coverflow_Square_OnNext</include>
				</control>
				<control type="group" id="7002">
					<visible>Container.OnPrevious</visible>
					<animation effect="slide" end="280" time="250" reversible="false">Hidden</animation>
					<top>170</top>
					<include>Coverflow_Square_OnPrevious</include>
				</control>
				<control type="group" id="7000">
					<visible>!Control.IsVisible(7001) + !Control.IsVisible(7002)</visible>
					<top>170</top>
					<include>Coverflow_Square_Focus</include>
				</control>
			</control>
			<control type="group">
				<description>Blu-Ray</description>
				<visible>$EXP[GameSupport] + [$EXP[DetectBluray]]</visible>
				<control type="group" id="7001">
					<visible>Container.OnNext</visible>
					<animation effect="slide" end="-225" time="250" reversible="false">Hidden</animation>
					<top>190</top>
					<include>Coverflow_Bluray_OnNext</include>
				</control>
				<control type="group" id="7002">
					<visible>Container.OnPrevious</visible>
					<animation effect="slide" end="225" time="250" reversible="false">Hidden</animation>
					<top>190</top>
					<include>Coverflow_Bluray_OnPrevious</include>
				</control>
				<control type="group" id="7000">
					<visible>!Control.IsVisible(7001) + !Control.IsVisible(7002)</visible>
					<top>190</top>
					<include>Coverflow_Bluray_Focus</include>
				</control>
			</control>
			<control type="group">
				<description>Wide</description>
				<visible>$EXP[GameSupport] + [$EXP[DetectWide]]</visible>
				<control type="group" id="7001">
					<visible>Container.OnNext</visible>
					<animation effect="slide" end="-300" time="250" reversible="false">Hidden</animation>
					<top>240</top>
					<include>Coverflow_Wide_OnNext</include>
				</control>
				<control type="group" id="7002">
					<visible>Container.OnPrevious</visible>
					<animation effect="slide" end="300" time="250" reversible="false">Hidden</animation>
					<top>240</top>
					<include>Coverflow_Wide_OnPrevious</include>
				</control>
				<control type="group" id="7000">
					<visible>!Control.IsVisible(7001) + !Control.IsVisible(7002)</visible>
					<top>240</top>
					<include>Coverflow_Wide_Focus</include>
				</control>
			</control>
			<control type="group">
				<description>Slim</description>
				<visible>$EXP[GameSupport] + [$EXP[DetectSlim]]</visible>
				<control type="group" id="7001">
					<visible>Container.OnNext</visible>
					<animation effect="slide" end="-200" time="250" reversible="false">Hidden</animation>
					<top>125</top>
					<include>Coverflow_Slim_OnNext</include>
				</control>
				<control type="group" id="7002">
					<visible>Container.OnPrevious</visible>
					<animation effect="slide" end="200" time="250" reversible="false">Hidden</animation>
					<top>125</top>
					<include>Coverflow_Slim_OnPrevious</include>
				</control>
				<control type="group" id="7000">
					<visible>!Control.IsVisible(7001) + !Control.IsVisible(7002)</visible>
					<top>125</top>
					<include>Coverflow_Slim_Focus</include>
				</control>
			</control>
			<control type="group">
				<description>3DS</description>
				<visible>$EXP[GameSupport] + [$EXP[Detect3ds]]</visible>
				<control type="group" id="7001">
					<visible>Container.OnNext</visible>
					<animation effect="slide" end="-280" time="250" reversible="false">Hidden</animation>
					<top>190</top>
					<include>Coverflow_3ds_OnNext</include>
				</control>
				<control type="group" id="7002">
					<visible>Container.OnPrevious</visible>
					<animation effect="slide" end="280" time="250" reversible="false">Hidden</animation>
					<top>190</top>
					<include>Coverflow_3ds_OnPrevious</include>
				</control>
				<control type="group" id="7000">
					<visible>!Control.IsVisible(7001) + !Control.IsVisible(7002)</visible>
					<top>190</top>
					<include>Coverflow_3ds_Focus</include>
				</control>
			</control>
		</control>
		<control type="group">
			<visible>Control.IsVisible(903) + !$EXP[isInfoDialog]</visible>
			<animation type="WindowOpen" reversible="false">
				<effect type="fade" start="0" end="100" time="300" tween="sine" easing="in" />
				<effect type="slide" center="auto" start="0,300" end="0,0" time="300" tween="quadratic" easing="out" />
			</animation>
			<animation type="WindowClose" reversible="false">
				<effect type="fade" end="0" start="100" time="200" tween="sine" easing="out" />
				<effect type="zoom" end="75" start="100" time="200" center="auto" tween="quadratic" easing="in" />
			</animation>
			<animation type="Visible" reversible="false">
				<effect type="fade" start="0" end="100" time="300" tween="sine" easing="in" />
				<effect type="slide" center="auto" start="0,300" end="0,0" time="300" tween="quadratic" easing="out" />
			</animation>
			<animation type="Hidden" reversible="false">
				<effect type="fade" end="0" start="100" time="200" tween="sine" easing="out" />
				<effect type="zoom" end="75" start="100" time="200" center="auto" tween="quadratic" easing="in" />
			</animation>
			<control type="group">
				<visible>[Container.Content(Movies)| Container.Content(sets)] + !Skin.HasSetting(CoverflowMoviesBasic) | [Container.Content(TVShows)| Container.Content(seasons)] +	!Skin.HasSetting(CoverflowTVShowsBasic)| $EXP[GameSupport] + !Skin.HasSetting(CoverflowGamesBasic)</visible>
				<include>CoverflowLayoutDefault</include>
			</control>
			<control type="group">
				<visible>Container.Content(Albums) | [Container.Content(Movies)| Container.Content(sets)] + Skin.HasSetting(CoverflowMoviesBasic) | [Container.Content(TVShows)| Container.Content(seasons)] + Skin.HasSetting(CoverflowTVShowsBasic) | $EXP[GameSupport] + Skin.HasSetting(CoverflowGamesBasic)</visible>
				<include>CoverflowLayoutSimple</include>
			</control>
		</control>
	</include>
	<!-- layout_includes -->
	<include name="CoverflowLayoutDefault">
		<control type="image">
			<left>0</left>
			<top>220r</top>
			<width>1920</width>
			<height>1050</height>
			<texture colordiffuse="99000000">background.png</texture>
			<aspectratio>stretch</aspectratio>
		</control>
		<control type="label">
			<left>30</left>
			<top>900</top>
			<width>830</width>
			<height>60</height>
			<align>left</align>
			<aligny>center</aligny>
			<font>font54</font>
			<label>$INFO[ListItem.Label]</label>
			<textcolor>TitleTextColor</textcolor>
			<shadowcolor>shadow</shadowcolor>
			<scroll>true</scroll>
		</control>
		<control type="label">
			<left>30</left>
			<top>995</top>
			<width>830</width>
			<height>45</height>
			<align>left</align>
			<aligny>center</aligny>
			<font>font30</font>
			<label>[UPPERCASE]$INFO[ListItem.Year] [COLOR=TitleTextColor]•[/COLOR] $INFO[ListItem.Genre][/UPPERCASE]</label>
			<textcolor>AltTextColor</textcolor>
			<scroll>false</scroll>
		</control>
		<control type="image">
			<left>890</left>
			<top>220r</top>
			<width>5</width>
			<height>220</height>
			<aspectratio>stretch</aspectratio>
			<texture colordiffuse="FocusColor">separator_vertical.png</texture>
		</control>
		<control type="textbox">
			<left>930</left>
			<top>900</top>
			<width>720</width>
			<height>140</height>
			<align>justify</align>
			<aligny>top</aligny>
			<font>font12</font>
			<label>$INFO[ListItem.Plot]</label>
			<textcolor>NormalTextColor</textcolor>
			<shadowcolor>black</shadowcolor>
			<autoscroll time="2000" delay="3000" repeat="5000">Control.HasFocus(903)</autoscroll>
		</control>
		<control type="image">
			<left>1685</left>
			<top>220r</top>
			<width>5</width>
			<height>220</height>
			<aspectratio>stretch</aspectratio>
			<texture colordiffuse="FocusColor">separator_vertical.png</texture>
		</control>
		<control type="image">
			<left>1720</left>
			<top>895</top>
			<width>175</width>
			<height>50</height>
			<texture background="true" colordiffuse="TitleTextColor">$VAR[StarRatingVar]</texture>
			<aspectratio align="center">keep</aspectratio>
		</control>
		<control type="image">
			<left>1710</left>
			<top>960</top>
			<width>190</width>
			<height>80</height>
			<texture>$VAR[StudioFlagVar]</texture>
			<aspectratio align="center">keep</aspectratio>
			<include>MediaFlagVars</include>
		</control>
	</include>
	<include name="CoverflowLayoutSimple">
		<control type="image">
			<left>0</left>
			<top>220r</top>
			<width>1920</width>
			<height>1050</height>
			<texture colordiffuse="99000000">background.png</texture>
			<aspectratio>stretch</aspectratio>
		</control>
		<control type="label">
			<left>0</left>
			<top>900</top>
			<width>1920</width>
			<height>60</height>
			<align>center</align>
			<aligny>center</aligny>
			<font>font54</font>
			<label>$INFO[ListItem.Label]</label>
			<textcolor>TitleTextColor</textcolor>
			<shadowcolor>black</shadowcolor>
			<scroll>true</scroll>
		</control>
		<control type="label">
			<left>0</left>
			<top>995</top>
			<width>1920</width>
			<height>45</height>
			<align>center</align>
			<aligny>center</aligny>
			<font>font30</font>
			<label>[UPPERCASE]$INFO[ListItem.Year] [COLOR=TitleTextColor]•[/COLOR] $INFO[ListItem.Genre][/UPPERCASE]</label>
			<textcolor>AltTextColor</textcolor>
			<scroll>false</scroll>
		</control>
	</include>
	<!-- options -->
	<include name="CoverflowOptions">
		<control type="button" id="90301">
			<description>Layout Selector (Movies)</description>
			<label>89010</label>
			<label2>$VAR[LayoutLabelVar]</label2>
			<include>ButtonCommonValues</include>
			<onclick>Skin.SelectBool(90301, 90901|, 90301|CoverflowMoviesBasic)</onclick>
			<visible>Control.IsVisible(903) + [Container.Content(Movies)| Container.Content(sets)]</visible>
		</control>
<!-- 		<control type="radiobutton" id="90302"> -->
<!-- 			<description>Bright Icons (Movies)</description> -->
<!-- 			<label>90945</label> -->
<!-- 			<include>ButtonCommonValues</include> -->
<!-- 			<onclick>Skin.ToggleSetting(Movies_903_BrightIcons)</onclick> -->
<!-- 			<visible>Control.IsVisible(903) + [Container.Content(Movies)| Container.Content(sets)]</visible> -->
<!-- 		</control> -->
		<control type="button" id="90311">
			<description>Choose Template (TV Shows)</description>
			<label>89010</label>
			<label2>$VAR[LayoutLabelVar]</label2>
			<include>ButtonCommonValues</include>
			<onclick>Skin.SelectBool(90301, 90901|, 90301|CoverflowTVShowsBasic)</onclick>
			<visible>Control.IsVisible(903) + [Container.Content(TVShows)| Container.Content(seasons)]</visible>
		</control>
<!-- 		<control type="radiobutton" id="90312"> -->
<!-- 			<description>Bright Icons (TV Shows)</description> -->
<!-- 			<label>90945</label> -->
<!-- 			<include>ButtonCommonValues</include> -->
<!-- 			<onclick>Skin.ToggleSetting(TVShows_903_BrightIcons)</onclick> -->
<!-- 			<visible>Control.IsVisible(903) + [Container.Content(TVShows)| Container.Content(seasons)]</visible> -->
<!-- 		</control> -->
<!-- 		<control type="radiobutton" id="90342"> -->
<!-- 			<description>Bright Icons (Albums)</description> -->
<!-- 			<label>90945</label> -->
<!-- 			<include>ButtonCommonValues</include> -->
<!-- 			<onclick>Skin.ToggleSetting(Albums_903_BrightIcons)</onclick> -->
<!-- 			<visible>Control.IsVisible(903) + Container.Content(Albums)</visible> -->
<!-- 		</control> -->
		<control type="button" id="90351">
			<description>Choose Template (Games)</description>
			<label>89010</label>
			<label2>$VAR[LayoutLabelVar]</label2>
			<include>ButtonCommonValues</include>
			<onclick>Skin.SelectBool(89010, 90901|, 90301|CoverflowGamesBasic)</onclick>
			<visible>Control.IsVisible(903) + $EXP[GameSupport]</visible>
		</control>
<!-- 		<control type="radiobutton" id="90352"> -->
<!-- 			<description>Bright Icons (Movies)</description> -->
<!-- 			<label>90945</label> -->
<!-- 			<include>ButtonCommonValues</include> -->
<!-- 			<onclick>Skin.ToggleSetting(Games_903_BrightIcons)</onclick> -->
<!-- 			<visible>Control.IsVisible(903) + $EXP[GameSupport]</visible> -->
<!-- 		</control> -->
	</include>
</includes>