<?xml version="1.0" encoding="UTF-8"?>
<includes>
	<include name="DailyForecast">
		<control type="group">
			<visible>Container(9000).HasFocus(2)</visible>
			<include>SettingsFadeEffect</include>
			<left>470</left>
			<top>0</top>
			<width>1400</width>
			<height>780</height>
			<control type="image">
				<visible>Control.HasFocus(301) + !Container(301).IsUpdating</visible>
				<animation effect="fade" time="320" delay="200">Visible</animation>
				<animation effect="fade" time="200">Hidden</animation>
				<left>10</left>
				<top>10</top>
				<width>680</width>
				<height>240</height>
				<include>FocusedBackgroundFade</include>
				<texture colordiffuse="highlight" border="5">listselect_fo.png</texture>
				<animation effect="slide" end="0,260" time="300"
					tween="cubic" easing="inout"
					condition="Integer.IsGreater(Container(301).Row,1)">Conditional</animation>
				<animation effect="slide" end="0,260" time="300"
					tween="cubic" easing="inout"
					condition="Integer.IsGreater(Container(301).Row,0)">Conditional</animation>
				<animation effect="slide" end="700,0" time="300"
					tween="cubic" easing="inout"
					condition="Integer.IsGreater(Container(301).Column,0)">Conditional</animation>
			</control>

			<control type="panel" id="301">
				<left>0</left>
				<top>0</top>
				<width>1400</width>
				<height>780</height>
				<onup>301</onup>
				<ondown>301</ondown>
				<onleft>9000</onleft>
				<orientation>vertical</orientation>
				<scrolltime tween="quadratic" easing="out">200</scrolltime>
				<itemlayout height="260" width="700">
					<control type="image">
						<left>10</left>
						<top>10</top>
						<right>10</right>
						<bottom>10</bottom>
						<texture colordiffuse="33787878" border="5">listselect_fo.png</texture>
					</control>
					<control type="image">
						<left>20</left>
						<top>20</top>
						<right>20</right>
						<height>180</height>
						<texture colordiffuse="background" border="5">thumbnail_bg.png</texture>
					</control>
					<control type="label">
						<left>20</left>
						<right>20</right>
						<top>196</top>
						<height>50</height>
						<selectedcolor>highlight</selectedcolor>
						<label>$INFO[ListItem.Label]</label>
					</control>
					<control type="image">
						<description>current weather icon</description>
						<left>30</left>
						<top>30</top>
						<width>160</width>
						<height>160</height>
						<texture>$INFO[ListItem.Icon]</texture>
						<aspectratio align="center" aligny="center">keep</aspectratio>
					</control>
					<control type="label">
						<left>200</left>
						<top>30</top>
						<width>475</width>
						<height>50</height>
						<font>font15</font>
						<selectedcolor>highlight</selectedcolor>
						<label>$INFO[ListItem.Label2]</label>
					</control>
					<control type="label">
						<left>200</left>
						<top>80</top>
						<width>475</width>
						<height>50</height>
						<font>font15</font>
						<selectedcolor>highlight</selectedcolor>
						<label>$INFO[ListItem.Property(HighTemperature),[COLOR invalid],[/COLOR]]$INFO[ListItem.Property(LowTemperature), [COLOR ff8de0ff],[/COLOR]]</label>
					</control>
					<control type="label">
						<left>200</left>
						<top>130</top>
						<width>475</width>
						<height>50</height>
						<font>font15</font>
						<selectedcolor>highlight</selectedcolor>
						<label>$INFO[ListItem.Property(WindSpeed),$LOCALIZE[383]: ]</label>
					</control>
					<control type="label">
						<left>185</left>
						<top>130</top>
						<width>475</width>
						<height>50</height>
						<font>font15</font>
						<align>right</align>
						<selectedcolor>highlight</selectedcolor>
						<label>$INFO[ListItem.Property(WindDirection)]</label>
					</control>
					<control type="image">
						<top>20</top>
						<left>20</left>
						<right>20</right>
						<height>180</height>
						<texture border="5">overlays/diffuse-overlay.png</texture>
					</control>
				</itemlayout>
				<focusedlayout height="260" width="700">
					<control type="image">
						<left>10</left>
						<top>10</top>
						<right>10</right>
						<bottom>10</bottom>
						<texture colordiffuse="33787878" border="5">listselect_fo.png</texture>
					</control>
					<control type="image">
						<left>20</left>
						<top>20</top>
						<right>20</right>
						<height>180</height>
						<texture colordiffuse="background" border="5">thumbnail_bg.png</texture>
					</control>
					<control type="label">
						<left>20</left>
						<right>20</right>
						<top>196</top>
						<height>50</height>
						<label>$INFO[ListItem.Label]</label>
					</control>
					<control type="image">
						<description>current weather icon</description>
						<left>30</left>
						<top>30</top>
						<width>160</width>
						<height>160</height>
						<texture>$INFO[ListItem.Icon]</texture>
						<aspectratio align="center" aligny="center">keep</aspectratio>
					</control>
					<control type="label">
						<left>200</left>
						<top>30</top>
						<width>475</width>
						<height>50</height>
						<font>font15</font>
						<label>$INFO[ListItem.Label2]</label>
					</control>
					<control type="label">
						<left>200</left>
						<top>80</top>
						<width>475</width>
						<height>50</height>
						<font>font15</font>
						<label>$INFO[ListItem.Property(HighTemperature),[COLOR invalid],[/COLOR]]$INFO[ListItem.Property(LowTemperature), [COLOR ff8de0ff],[/COLOR]]</label>
					</control>
					<control type="label">
						<left>200</left>
						<top>130</top>
						<width>475</width>
						<height>50</height>
						<font>font15</font>
						<label>$INFO[ListItem.Property(WindSpeed),$LOCALIZE[383]: ]</label>
					</control>
					<control type="label">
						<left>185</left>
						<top>130</top>
						<width>475</width>
						<height>50</height>
						<font>font15</font>
						<align>right</align>
						<label>$INFO[ListItem.Property(WindDirection)]</label>
					</control>
					<control type="image">
						<animation center="auto"
							condition="Control.HasFocus(301)" easing="inout" effect="fade"
							end="0" start="100" time="300" tween="sine">Focus</animation>
						<animation center="auto"
							condition="Control.HasFocus(301)" easing="inout" effect="fade"
							end="100" start="0" time="300" tween="sine">UnFocus</animation>
						<top>20</top>
						<left>20</left>
						<right>20</right>
						<height>180</height>
						<texture border="5">overlays/diffuse-overlay.png</texture>
					</control>
				</focusedlayout>
				<content>
					<item>
						<label>$LOCALIZE[31909]</label>
						<icon/>
						<visible>String.IsEmpty(Window.Property(Daily.IsFetched))</visible>
					</item>
					<include content="weather-daily-item">
						<param name="index" value="1" />
					</include>
					<include content="weather-daily-item">
						<param name="index" value="2" />
					</include>
					<include content="weather-daily-item">
						<param name="index" value="3" />
					</include>
					<include content="weather-daily-item">
						<param name="index" value="4" />
					</include>
					<include content="weather-daily-item">
						<param name="index" value="5" />
					</include>
					<include content="weather-daily-item">
						<param name="index" value="6" />
					</include>
					<include content="weather-daily-item">
						<param name="index" value="7" />
					</include>
					<include content="weather-daily-item">
						<param name="index" value="8" />
					</include>
					<include content="weather-daily-item">
						<param name="index" value="9" />
					</include>
					<include content="weather-daily-item">
						<param name="index" value="10" />
					</include>
					<include content="weather-daily-item">
						<param name="index" value="11" />
					</include>
					<include content="weather-daily-item">
						<param name="index" value="12" />
					</include>
					<include content="weather-daily-item">
						<param name="index" value="13" />
					</include>
					<include content="weather-daily-item">
						<param name="index" value="14" />
					</include>
					<include content="weather-daily-item">
						<param name="index" value="15" />
					</include>
					<include content="weather-daily-item">
						<param name="index" value="16" />
					</include>
					<include content="weather-daily-item">
						<param name="index" value="17" />
					</include>
					<include content="weather-daily-item">
						<param name="index" value="18" />
					</include>
					<include content="weather-daily-item">
						<param name="index" value="19" />
					</include>
					<include content="weather-daily-item">
						<param name="index" value="20" />
					</include>
					<include content="weather-daily-item">
						<param name="index" value="21" />
					</include>
					<include content="weather-daily-item">
						<param name="index" value="22" />
					</include>
					<include content="weather-daily-item">
						<param name="index" value="23" />
					</include>
					<include content="weather-daily-item">
						<param name="index" value="24" />
					</include>

				</content>
			</control>
		</control>
	</include>
</includes>