<?xml version="1.0" encoding="UTF-8"?>
<window>
	<defaultcontrol>100</defaultcontrol>
	<onload>SetProperty(onnext,SetFocus(100))</onload>
	<onload>SetProperty(onback_10052,SetFocus(100))</onload>
	<onload>SetProperty(onback_10053,SetFocus(100))</onload>
	<onload>SetProperty(onback_10054,SetFocus(100))</onload>
	<onload>SetProperty(onback_10055,SetFocus(100))</onload>
	<onload>SetProperty(onback_10056,SetFocus(100))</onload>
	<onload>SetProperty(onback_10057,SetFocus(100))</onload>
	<onload>SetProperty(onback_10058,SetFocus(100))</onload>
	<onload>SetProperty(onback_10059,SetFocus(100))</onload>
	<controls>
		<!-- Storage container for the item details -->
		<control type="list" id="10051">
			<top>-3000</top>
			<left>-3000</left>
			<width>1</width>
			<height>1</height>
			<itemlayout />
			<focusedlayout />
		</control>
		<!-- background -->
		<control type="group">
			<animation effect="fade" start="0" end="100" time="400">WindowOpen</animation>
			<animation effect="fade" start="100" end="0" time="300" condition="String.IsEmpty(Window(home).Property(script.embuary.info-nextcall))">WindowClose</animation>
			<animation effect="fade" start="100" end="0" time="0" condition="!String.IsEmpty(Window(home).Property(script.embuary.info-nextcall))">WindowClose</animation>
			<animation effect="fade" time="400">VisibleChange</animation>
			<control type="image">
				<width>1920</width>
				<height>1080</height>
				<aspectratio>scale</aspectratio>
				<texture>colors/black.png</texture>
			</control>
			<control type="group">
				<animation effect="fade" start="100" end="97" time="0" condition="true">Conditional</animation>
				<control type="image">
					<width>1920</width>
					<height>1080</height>
					<aspectratio>scale</aspectratio>
					<texture colordiffuse="BackgroundColor">backgrounds/primary.jpg</texture>
				</control>
			</control>
			<control type="image">
				<width>1920</width>
				<height>1080</height>
				<aspectratio>scale</aspectratio>
				<fadetime>400</fadetime>
				<animation effect="fade" time="400">VisibleChange</animation>
				<texture background="true">$INFO[Container(10051).ListItem.Art(fanart)]</texture>
			</control>

	        <control type="image">
 	           <include>FullscreenDimensions</include>
	            <texture>$VAR[CommonBackgroundOverlay]</texture>
    	        <colordiffuse>BackgroundColor</colordiffuse>
    	    </control>
		</control>
		
		
				<!-- title -->
		<control type="group">
			<control type="image">
				<left>0</left>
				<top>0</top>
				<width>110%</width>
				<height>170</height>
				<texture>frame/InfoBar.png</texture>
			</control>
			<control type="group">
				<left>35</left>
				<right>35</right>
				<height>100</height>
				<animation effect="fade" start="0" end="100" time="300">WindowOpen</animation>
				<animation effect="fade" start="100" end="0" time="200" condition="String.IsEmpty(Window(home).Property(script.embuary.info-nextcall))">WindowClose</animation>
				<animation effect="fade" start="100" end="0" time="0" condition="!String.IsEmpty(Window(home).Property(script.embuary.info-nextcall))">WindowClose</animation>
				<control type="label">
					<left>280</left>
					<right>150</right>
					<label>$INFO[Container(10051).ListItem.Label]$INFO[Container(10051).ListItem.Year, ([COLOR FFA0A0A0],[/COLOR])]</label>
					<font>font18</font>
					<aligny>center</aligny>
					<shadowcolor>50000000</shadowcolor>
					<height>100</height>
				</control>
				<control type="image">
					<top>10</top>
					<left>10</left>
					<texture>tmdb.png</texture>
					<height>65</height>
					<width>200</width>
					<aligny>center</aligny>
					<aspectratio align="right">keep</aspectratio>
				</control>
			</control>
		</control>
		
		<!-- infos -->
		<control type="grouplist" id="50">
			<animation type="WindowOpen">
				<effect type="fade" start="0" end="100" time="300" tween="sine" easing="out" />
				<effect type="slide" start="320" end="0" time="400" tween="cubic" easing="out" />
			</animation>
			<animation type="WindowCLose" condition="String.IsEmpty(Window(home).Property(script.embuary.info-nextcall))">
				<effect type="fade" start="100" end="0" time="300" tween="sine" easing="out" />
				<effect type="slide" start="0" end="320" time="300" tween="cubic" easing="out" />
			</animation>
			<animation type="WindowCLose" condition="!String.IsEmpty(Window(home).Property(script.embuary.info-nextcall))">
				<effect type="fade" start="100" end="0" time="0" tween="sine" easing="out" />
			</animation>
			<width>1920</width>
			<height>1080</height>
			<orientation>vertical</orientation>
			<scrolltime tween="cubic" easing="out">500</scrolltime>
			<itemgap>-210</itemgap>
			<usecontrolcoords>true</usecontrolcoords>
			<!-- Meta -->
			<control type="group">
				<top>110</top>
				<height>900</height>
				<!-- poster -->
				<control type="group">
					<left>103</left>
					<width>500</width>
					<height>750</height>
					<control type="image">
						<left>-20</left>
						<top>-20</top>
						<width>540</width>
						<height>790</height>
						<texture>dialogs/dialog-bg-nobo.png</texture>
						<bordertexture border="21">overlays/shadow.png</bordertexture>
						<bordersize>20</bordersize>
					</control>
					<control type="image">
						<width>500</width>
						<height>750</height>
						<!-- TODO: use art(poster) instead? -->
						<texture fallback="DefaultVideo.png" background="true">$INFO[Container(10051).ListItem.Art(thumb)]</texture>
						<aspectratio>scale</aspectratio>
					</control>
						<control type="group">
							<width>100</width>
							<height>80</height>
							<visible>!String.IsEmpty(Container(10051).ListItem.DBID)</visible>
							<control type="image">
								<top>5</top>
								<left>5</left>
								<width>80</width>
								<height>70</height>
								<texture flipx="true">overlays/overlay-bg.png</texture>
							</control>
							<control type="image">
								<top>5</top>
								<left>5</left>
								<width>100</width>
								<height>80</height>
								<texture>icons/OverlayLocal.png</texture>
							</control>
							<include content="OverlayIcons">
								<param name="OverlayLeft" value="25" />
								<param name="OverlayTop" value="8" />
							</include>
						</control>
				</control>
				<!-- meta -->
				<control type="group">
					<left>650</left>
					<right>103</right>
					<!-- plot -->
					<control type="image">
						<top>-11</top>
						<left>-21</left>
						<right>339</right>
						<height>640</height>
						<texture border="21">dialogs/dialog-bg.png</texture>
					</control>
					<control type="textbox">
						<top>20</top>
						<left>15</left>
						<right>375</right>
						<height max="580">auto</height>
						<align>justify</align>
						<aligny>top</aligny>
						<label fallback="19055">$INFO[Container(10051).ListItem.Tagline,[B],[/B][CR][CR]]$INFO[Container(10051).ListItem.Plot]</label>
						<font>font13</font>
						<shadowcolor>50000000</shadowcolor>
						<autoscroll delay="6000" time="3000" repeat="10000">true</autoscroll>
						<visible>!String.IsEqual(Container(10051).ListItem.DBType,season)</visible>
					</control>
					<control type="textbox">
						<top>20</top>
						<left>15</left>
						<right>375</right>
						<height max="580">auto</height>
						<align>justify</align>
						<aligny>top</aligny>
						<label>$INFO[Container(10051).ListItem.Season,[B]$LOCALIZE[20373] ,[/B][CR][CR]]$INFO[Container(10051).ListItem.Plot]</label>
						<font>font13</font>
						<shadowcolor>50000000</shadowcolor>
						<autoscroll delay="6000" time="3000" repeat="10000">true</autoscroll>
						<visible>String.IsEqual(Container(10051).ListItem.DBType,season) + !String.IsEmpty(Container(10051).ListItem.Plot)</visible>
					</control>
					<control type="textbox">
						<top>20</top>
						<left>15</left>
						<right>375</right>
						<height max="580">auto</height>
						<align>justify</align>
						<aligny>top</aligny>
						<label>$INFO[Container(10051).ListItem.Season,[B]$LOCALIZE[20373] ,[/B][CR][CR]]$LOCALIZE[19055]</label>
						<font>font13</font>
						<shadowcolor>50000000</shadowcolor>
						<autoscroll delay="6000" time="3000" repeat="10000">true</autoscroll>
						<visible>String.IsEqual(Container(10051).ListItem.DBType,season) + String.IsEmpty(Container(10051).ListItem.Plot)</visible>
					</control>
					<!-- facts -->
					<control type="image">
						<top>-11</top>
						<left>812</left>
						<right>-20</right>
						<height>640</height>
						<texture border="21">dialogs/dialog-bg.png</texture>
					</control>
					<control type="grouplist">
						<animation type="Conditional" reversible="false"
							condition="!String.IsEmpty(Container(10051).ListItem.Property(studio.0)) | !String.IsEmpty(Container(10051).ListItem.Property(network.0)) | !String.IsEmpty(Container(10051).ListItem.Property(Budget)) | !String.IsEmpty(Container(10051).ListItem.Property(revenue)) | !String.IsEmpty(Container(10051).ListItem.Property(awards))"
							loop="true">
							<effect type="fade" start="0" end="100" time="250" delay="0" />
							<effect type="fade" start="100" end="0" time="250" delay="7000" />
							<effect type="fade" start="100" end="0" time="250" delay="12000" />
						</animation>
						<top>20</top>
						<left>840</left>
						<width>310</width>
						<right>10</right>
						<height>640</height>
						<itemgap>5</itemgap>
						<orientation>vertical</orientation>
						<aligny>top</aligny>
						<control type="label">
							<label>[COLOR LabelTextColor]$LOCALIZE[126]:[/COLOR][CR]$INFO[Container(10051).ListItem.Status]</label>
							<height>80</height>
							<font>font15</font>
							<shadowcolor>50000000</shadowcolor>
							<scroll>false</scroll>
							<align>left</align>
							<aligny>top</aligny>
							<visible>[String.IsEmpty(Container(10051).ListItem.Premiered) | String.IsEqual(Container(10051).ListItem.DBType,tvshow)] + !String.IsEmpty(Container(10051).ListItem.Status)
							</visible>
						</control>
						<control type="label">
							<label>[COLOR LabelTextColor]$ADDON[script.embuary.info 32011]:[/COLOR][CR]$INFO[Container(10051).ListItem.Premiered]</label>
							<height>80</height>
							<font>font15</font>
							<shadowcolor>50000000</shadowcolor>
							<scroll>false</scroll>
							<align>left</align>
							<aligny>top</aligny>
							<visible>!String.IsEmpty(Container(10051).ListItem.Premiered)</visible>
						</control>
						<control type="label">
							<label>[COLOR LabelTextColor]$ADDON[script.embuary.info 32012]:[/COLOR][CR]$INFO[Container(10051).ListItem.Property(release)]</label>
							<height>80</height>
							<font>font15</font>
							<shadowcolor>50000000</shadowcolor>
							<scroll>false</scroll>
							<align>left</align>
							<aligny>top</aligny>
							<visible>!String.IsEmpty(Container(10051).ListItem.Property(release))</visible>
						</control>
						<control type="label">
							<label>[COLOR LabelTextColor]$LOCALIZE[20074]:[/COLOR][CR]$INFO[Container(10051).ListItem.MPAA]</label>
							<height>80</height>
							<font>font15</font>
							<shadowcolor>50000000</shadowcolor>
							<scroll>false</scroll>
							<align>left</align>
							<aligny>top</aligny>
							<visible>!String.IsEmpty(Container(10051).ListItem.MPAA)</visible>
						</control>
						<control type="label">
							<label>[COLOR LabelTextColor]TMDb:[/COLOR][CR]$INFO[Container(10051).ListItem.Rating] / 10$INFO[Container(10051).ListItem.Votes, (,)]</label>
							<height>80</height>
							<font>font15</font>
							<shadowcolor>50000000</shadowcolor>
							<scroll>false</scroll>
							<align>left</align>
							<aligny>top</aligny>
							<visible>!String.IsEmpty(Container(10051).ListItem.Rating)</visible>
						</control>
						<control type="label">
							<label>[COLOR LabelTextColor]IMDb:[/COLOR][CR]$INFO[Container(10051).ListItem.Property(rating.imdb)] / 10$INFO[Container(10051).ListItem.Property(votes.imdb), (,)]</label>
							<height>80</height>
							<font>font15</font>
							<shadowcolor>50000000</shadowcolor>
							<scroll>false</scroll>
							<visible>!String.IsEmpty(Container(10051).ListItem.Property(rating.imdb))</visible>
						</control>
						<control type="label">
							<label>[COLOR LabelTextColor]Rotten Tomatoes:[/COLOR][CR]$INFO[Container(10051).ListItem.Property(rating.rotten)] / 100$INFO[Container(10051).ListItem.Property(votes.rotten),(,)]</label>
							<height>80</height>
							<font>font15</font>
							<shadowcolor>50000000</shadowcolor>
							<scroll>false</scroll>
							<align>left</align>
							<aligny>top</aligny>
							<visible>!String.IsEmpty(Container(10051).ListItem.Property(rating.rotten))</visible>
						</control>
						<control type="label">
							<label>[COLOR LabelTextColor]Metacritic:[/COLOR][CR]$INFO[Container(10051).ListItem.Property(rating.metacritic)] / 100</label>
							<height>80</height>
							<font>font15</font>
							<shadowcolor>50000000</shadowcolor>
							<scroll>false</scroll>
							<align>left</align>
							<aligny>top</aligny>
							<visible>!String.IsEmpty(Container(10051).ListItem.Property(rating.metacritic))</visible>
						</control>
						<control type="label">
							<label>[COLOR LabelTextColor]$ADDON[script.embuary.info 32046]:[/COLOR][CR]$INFO[Container(10051).ListItem.Property(WatchedEpisodes)] /
								$INFO[Container(10051).ListItem.Property(TotalEpisodes)]
							</label>
							<height>80</height>
							<font>font15</font>
							<shadowcolor>50000000</shadowcolor>
							<scroll>false</scroll>
							<align>left</align>
							<aligny>top</aligny>
							<visible>!String.IsEmpty(Container(10051).ListItem.DBID) + !String.IsEmpty(Container(10051).ListItem.Property(WatchedEpisodes)) +
								!String.IsEmpty(Container(10051).ListItem.Property(TotalEpisodes))
							</visible>
						</control>
						<control type="label">
							<label>[COLOR LabelTextColor]$ADDON[script.embuary.info 32048]:[/COLOR][CR]$INFO[Container(10051).ListItem.Property(NextEpisode_date)]</label>
							<height>80</height>
							<font>font15</font>
							<shadowcolor>50000000</shadowcolor>
							<scroll>false</scroll>
							<align>left</align>
							<aligny>top</aligny>
							<visible>!String.IsEmpty(Container(10051).ListItem.Property(NextEpisode_date))</visible>
						</control>
					</control>
					<control type="grouplist">
						<visible>!String.IsEmpty(Container(10051).ListItem.Property(studio.0)) | !String.IsEmpty(Container(10051).ListItem.Property(network.0)) |
							!String.IsEmpty(Container(10051).ListItem.Property(Budget)) | !String.IsEmpty(Container(10051).ListItem.Property(revenue)) |
							!String.IsEmpty(Container(10051).ListItem.Property(awards))
						</visible>
						<animation type="Conditional" reversible="false" condition="true" loop="true">
							<effect type="fade" start="0" end="100" time="250" delay="7250" />
							<effect type="fade" start="100" end="0" time="250" delay="12000" />
						</animation>
						<top>20</top>
						<left>840</left>
						<width>310</width>
						<right>10</right>
						<height>640</height>
						<itemgap>5</itemgap>
						<orientation>vertical</orientation>
						<aligny>top</aligny>
						<control type="label">
							<label>[COLOR LabelTextColor]$LOCALIZE[572]:[/COLOR][CR]$INFO[Container(10051).ListItem.Property(studio.0)]</label>
							<height>80</height>
							<font>font15</font>
							<shadowcolor>50000000</shadowcolor>
							<scroll>false</scroll>
							<align>left</align>
							<aligny>top</aligny>
							<visible>!String.IsEmpty(Container(10051).ListItem.Property(studio.0))</visible>
						</control>
						<control type="label">
							<label>[COLOR LabelTextColor]$LOCALIZE[705]:[/COLOR][CR]$INFO[Container(10051).ListItem.Property(network.0)]</label>
							<height>80</height>
							<font>font15</font>
							<shadowcolor>50000000</shadowcolor>
							<scroll>false</scroll>
							<align>left</align>
							<aligny>top</aligny>
							<visible>!String.IsEmpty(Container(10051).ListItem.Property(network.0))</visible>
						</control>
						<control type="label">
							<label>[COLOR LabelTextColor]$ADDON[script.embuary.info 32013]:[/COLOR][CR]$INFO[Container(10051).ListItem.Property(Budget),$]</label>
							<height>80</height>
							<font>font15</font>
							<shadowcolor>50000000</shadowcolor>
							<scroll>false</scroll>
							<align>left</align>
							<aligny>top</aligny>
							<visible>!String.IsEmpty(Container(10051).ListItem.Property(Budget))</visible>
						</control>
						<control type="label">
							<label>[COLOR LabelTextColor]$ADDON[script.embuary.info 32014]:[/COLOR][CR]$INFO[Container(10051).ListItem.Property(Revenue),$]</label>
							<height>80</height>
							<font>font15</font>
							<shadowcolor>50000000</shadowcolor>
							<scroll>false</scroll>
							<visible>!String.IsEmpty(Container(10051).ListItem.Property(revenue))</visible>
						</control>
						<control type="label">
							<label>[COLOR LabelTextColor]$ADDON[script.embuary.info 32015]:[/COLOR][CR]$INFO[Container(10051).ListItem.Property(awards)]</label>
							<height>auto</height>
							<font>font15</font>
							<shadowcolor>50000000</shadowcolor>
							<wrapmultiline>true</wrapmultiline>
							<scroll>false</scroll>
							<align>left</align>
							<aligny>top</aligny>
							<visible>!String.IsEmpty(Container(10051).ListItem.Property(awards))</visible>
						</control>
					</control>
					<!-- buttons -->
					<control type="panel" id="100">
						<top>619</top>
						<height>130</height>
						<width>100%</width>
						<orientation>horizontal</orientation>
						<defaultcontrol always="true">0</defaultcontrol>
						<onright>noop</onright>
						<onleft>noop</onleft>
						<ondown>10052</ondown>
						
						<itemlayout height="130" width="180">
							<control type="group">
								<control type="group">
									<control type="image">
										<centerleft>50%</centerleft>
										<top>15</top>
										<width>180</width>
										<height>48</height>
										<texture>icons/$INFO[ListItem.Property(icon)].png</texture>
										<aspectratio>keep</aspectratio>
									</control>
									<control type="label">
										<top>52</top>
										<width>180</width>
										<align>center</align>
										<font>font15</font>
										<shadowcolor>50000000</shadowcolor>
										<label>$INFO[ListItem.Label]</label>
									</control>
								</control>
							</control>
						</itemlayout>
						<focusedlayout height="130" width="180">
							<control type="group">
								<include>PanelFocusedItemZoom</include>
								<control type="image">
									<top>-10</top>
									<left>-10</left>
									<right>-10</right>
									<bottom>-10</bottom>
									<texture colordiffuse="FocusColor" border="5">listselect_fo.png</texture>
								</control>
								<control type="group">
									<control type="image">
										<centerleft>50%</centerleft>
										<top>15</top>
										<width>180</width>
										<height>48</height>
										<texture>icons/$INFO[ListItem.Property(icon)].png</texture>
										<aspectratio>keep</aspectratio>
									</control>
									<control type="label">
										<top>52</top>
										<width>180</width>
										<align>center</align>
										<font>font15</font>
										<shadowcolor>50000000</shadowcolor>
										<label>$INFO[ListItem.Label]</label>
									</control>
								</control>
							</control>
						</focusedlayout>
						<content>
							<item>
								<property name="icon">disable</property>
								<label>$LOCALIZE[15067]</label>
								<onclick>Dialog.Close(all)</onclick>
							</item>
							<item>
								<visible>!String.IsEmpty(Container(10051).ListItem.DBID) + !String.IsEmpty(Container(10051).ListItem.Property(file)) +
									!String.IsEqual(Container(10051).ListItem.Property(call),tv)
								</visible>
								<property name="icon">play</property>
								<label>$LOCALIZE[208]</label>
								<onclick>PlayMedia($INFO[Container(10051).ListItem.Property(file)])</onclick>
								<onclick>Dialog.Close(all)</onclick>
							</item>
							<item>
								<visible>!String.IsEmpty(Container(10051).ListItem.DBID) + String.IsEqual(Container(10051).ListItem.Property(call),tv)</visible>
								<property name="icon">browse</property>
								<label>$LOCALIZE[1024]</label>
								<onclick>Dialog.Close(all)</onclick>
								<onclick condition="!Window.IsVisible(MyVideoNav.xml)">ActivateWindow(videos,videodb://tvshows/titles/$INFO[Container(10051).ListItem.DBID]/,return)</onclick>
								<onclick condition="Window.IsVisible(MyVideoNav.xml)">Container.Update(videodb://tvshows/titles/$INFO[Container(10051).ListItem.DBID]/)</onclick>
							</item>
							<item>
								<visible>!String.IsEmpty(Container(10051).ListItem.Plot)</visible>
								<property name="icon">plot</property>
								<label>$LOCALIZE[207]</label>
								<onclick>RunScript(script.embuary.info,call=textviewer,header='$ESCINFO[Container(10051).ListItem.Label]',message='$ESCINFO[Container(10051).ListItem.Plot]')</onclick>
							</item>
						</content>
					</control>
				</control>

			</control>

			<!-- cast -->
			<control type="group">
				<visible>true</visible>
				<visible>Integer.IsGreater(Container(10052).NumItems,0) | Container(10052).IsUpdating</visible>
				<top>50</top>
				<height>715</height>
				<control type="group">
					<control type="label">
						<left>55</left>
						<top>40</top>
						<width>900</width>
						<height>90</height>
						<align>left</align>
							<textcolor>LabelTextColor</textcolor>
						<label>$LOCALIZE[206]</label>
						<shadowcolor>50000000</shadowcolor>
						<font>font13</font>
					</control>

	<include content="fullwidth-posterlist">
		<param name="controlid" value="10052"/>
		<param name="upid" value="100"/>
		<param name="downid" value="10056"/>
	</include>
					

				</control>
			</control>

			<!-- crew -->
			<control type="group">
				<visible>true</visible>
				<visible>Integer.IsGreater(Container(10056).NumItems,0) | Container(10056).IsUpdating</visible>
				<top>50</top>
				<height>715</height>
				<control type="group">
					<control type="label">
						<left>55</left>
						<top>40</top>
						<width>900</width>
						<height>90</height>
						<align>left</align>
							<textcolor>LabelTextColor</textcolor>
						<label>$ADDON[script.embuary.info 32018]</label>
						<shadowcolor>50000000</shadowcolor>
						<font>font13</font>
						<visible>!String.IsEqual(Container(10051).ListItem.DBType,season)</visible>
					</control>
					<control type="label">
						<left>55</left>
						<top>80</top>
						<width>900</width>
						<height>90</height>
						<align>left</align>
							<textcolor>LabelTextColor</textcolor>
						<label>$ADDON[script.embuary.info 32039]</label>
						<shadowcolor>50000000</shadowcolor>
						<font>font13</font>
						<visible>String.IsEqual(Container(10051).ListItem.DBType,season)</visible>
					</control>

	<include content="fullwidth-posterlist">
		<param name="controlid" value="10056"/>
		<param name="upid" value="10052"/>
		<param name="downid" value="10057"/>
	</include>

				</control>
			</control>

			<!-- collection -->
			<control type="group">
				<visible>true</visible>
				<visible>Integer.IsGreater(Container(10057).NumItems,0) | Container(10057).IsUpdating</visible>
				<top>50</top>
				<height>715</height>
				<control type="group">
					<control type="label">
						<left>55</left>
						<top>40</top>
						<width>900</width>
						<height>90</height>
						<align>left</align>
							<textcolor>LabelTextColor</textcolor>
						<label>$ADDON[script.embuary.info 32037]: $INFO[Container(10051).ListItem.Property(collection)]</label>
						<shadowcolor>50000000</shadowcolor>
						<font>font13</font>
					</control>

	<include content="fullwidth-posterlist">
		<param name="controlid" value="10057"/>
		<param name="upid" value="10056"/>
		<param name="downid" value="10058"/>
	</include>

				</control>
			</control>

			<!-- seasons -->
			<control type="group">
				<visible>true</visible>
				<visible>Integer.IsGreater(Container(10058).NumItems,0) | Container(10058).IsUpdating</visible>
				<top>50</top>
				<height>715</height>
				<control type="group">
					<control type="label">
						<left>55</left>
						<top>40</top>
						<width>900</width>
						<height>90</height>
						<align>left</align>
							<textcolor>LabelTextColor</textcolor>
						<label>$LOCALIZE[33054]</label>
						<shadowcolor>50000000</shadowcolor>
						<font>font13</font>
					</control>

	<include content="fullwidth-posterlist">
		<param name="controlid" value="10058"/>
		<param name="upid" value="10057"/>
		<param name="downid" value="10053"/>
	</include>

				</control>
			</control>



			<!-- similar -->
			<control type="group">
				<visible>true</visible>
				<visible>Integer.IsGreater(Container(10053).NumItems,0) | Container(10053).IsUpdating</visible>
				<top>50</top>
				<height>715</height>
				<control type="group">
					<control type="label">
						<left>55</left>
						<top>40</top>
						<width>900</width>
						<height>90</height>
						<align>left</align>
							<textcolor>LabelTextColor</textcolor>
						<label>$ADDON[script.embuary.info 32009]</label>
						<shadowcolor>50000000</shadowcolor>
						<font>font13</font>
					</control>

	<include content="fullwidth-posterlist">
		<param name="controlid" value="10053"/>
		<param name="upid" value="10058"/>
		<param name="downid" value="10054"/>
	</include>

				</control>
			</control>

			<!-- videos -->
			<control type="group">
				<visible>true</visible>
				<visible>Integer.IsGreater(Container(10054).NumItems,0) | Container(10054).IsUpdating</visible>
				<top>50</top>
				<height>715</height>
				<control type="group">
					<control type="label">
						<left>55</left>
						<top>40</top>
						<width>900</width>
						<height>90</height>
						<align>left</align>
							<textcolor>LabelTextColor</textcolor>
						<label>$LOCALIZE[3]</label>
						<shadowcolor>50000000</shadowcolor>
						<font>font13</font>
					</control>

	<include content="fullwidth-landscapelist">
		<param name="controlid" value="10054"/>
		<param name="upid" value="10053"/>
		<param name="downid" value="10055"/>
	</include>


				</control>
			</control>

			<!-- images -->
			<control type="group">
				<visible>true</visible>
				<visible>Integer.IsGreater(Container(10055).NumItems,0) | Container(10055).IsUpdating</visible>
				<top>50</top>
				<height>715</height>
				<control type="group">
					<control type="label">
						<left>55</left>
						<top>40</top>
						<width>900</width>
						<height>90</height>
						<align>left</align>
							<textcolor>LabelTextColor</textcolor>
						<label>$ADDON[script.embuary.info 32010]</label>
						<shadowcolor>50000000</shadowcolor>
						<font>font13</font>
					</control>

	<include content="fullwidth-landscapelist">
		<param name="controlid" value="10055"/>
		<param name="upid" value="10054"/>
		<param name="downid" value="10059"/>
	</include>

				</control>
			</control>

			<!-- posters -->
			<control type="group">
				<visible>true</visible>
				<visible>Integer.IsGreater(Container(10059).NumItems,0) | Container(10059).IsUpdating</visible>
				<top>50</top>
				<height>715</height>
				<control type="group">
					<control type="label">
						<left>55</left>
						<top>40</top>
						<width>900</width>
						<height>90</height>
						<align>left</align>
							<textcolor>LabelTextColor</textcolor>
						<label>$LOCALIZE[20021]</label>
						<shadowcolor>50000000</shadowcolor>
						<font>font13</font>
					</control>

	<include content="fullwidth-posterlist">
		<param name="controlid" value="10059"/>
		<param name="upid" value="10055"/>
		<param name="downid" value="noop"/>
	</include>


				</control>
			</control>

		</control>


	</controls>
</window>