<window>
    <coordinates>
        <left>279</left>
        <top>203</top>
    </coordinates>
    <include>Animation.Dialog</include>
    <controls>
        <include content="DialogBackgroundCommons">
            <param name="DialogBackgroundWidth" value="1362" />
            <param name="DialogBackgroundHeight" value="674" />
            <param name="DialogHeaderLabel" value="-" />
            <param name="DialogHeaderId" value="2" />
        </include>
        <control type="label" id="4">
            <description>List Label</description>
            <left>32</left>
            <top>70</top>
            <width>880</width>
            <height>70</height>
            <font>font13</font>
            <textcolor>NormalTextColor</textcolor>
        </control>
        <control type="list" id="10">
            <left>32</left>
            <top>140</top>
            <width>1298</width>
            <height>420</height>
            <onup>10</onup>
            <ondown>10</ondown>
            <onleft>9001</onleft>
            <onright>9001</onright>
            <scrolltime>200</scrolltime>
            <itemlayout height="60">
                <control type="label">
                    <textoffsetx>20</textoffsetx>
                    <width>1298</width>
                    <height>60</height>
                    <aligny>center</aligny>
                    <textcolor>DisabledColor</textcolor>
                    <label>$INFO[ListItem.Label]</label>
                </control>
            </itemlayout>
            <focusedlayout height="60">
                <control type="image">
                    <width>1298</width>
                    <height>60</height>
                    <texture border="5">listselect_fo.png</texture>
                    <colordiffuse>FocusColor</colordiffuse>
                    <animation effect="fade" start="100" end="40" time="100" condition="ControlGroup(9001).HasFocus">Conditional</animation>
                </control>
                <control type="label">
                    <textoffsetx>20</textoffsetx>
                    <width>1298</width>
                    <height>60</height>
                    <aligny>center</aligny>
                    <label>$INFO[ListItem.Label]</label>
                </control>
            </focusedlayout>
        </control>
        <control type="grouplist" id="9001">
            <left>32</left>
            <top>582</top>
            <onup>10</onup>
            <ondown>10</ondown>
            <onleft>9001</onleft>
            <onright>9001</onright>
            <itemgap>12</itemgap>
            <orientation>horizontal</orientation>
            <control type="button" id="13">
                <width>250</width>
                <label>15019</label>
                <font>font12_title</font>
                <textoffsetx>10</textoffsetx>
                <align>center</align>
                <texturenofocus colordiffuse="33787878" border="5">listselect_fo.png</texturenofocus>
                <texturefocus colordiffuse="FocusColor" border="5">listselect_fo.png</texturefocus>
            </control>
            <control type="button" id="14">
                <width>250</width>
                <label>15015</label>
                <font>font12_title</font>
                <textoffsetx>10</textoffsetx>
                <align>center</align>
                <texturenofocus colordiffuse="33787878" border="5">listselect_fo.png</texturenofocus>
                <texturefocus colordiffuse="FocusColor" border="5">listselect_fo.png</texturefocus>
            </control>
            <control type="button" id="11">
                <width>250</width>
                <font>font12_title</font>
                <textoffsetx>10</textoffsetx>
                <align>center</align>
                <texturenofocus colordiffuse="33787878" border="5">listselect_fo.png</texturenofocus>
                <texturefocus colordiffuse="FocusColor" border="5">listselect_fo.png</texturefocus>
            </control>
            <control type="button" id="18">
                <width>250</width>
                <label>186</label>
                <font>font12_title</font>
                <textoffsetx>10</textoffsetx>
                <align>center</align>
                <texturenofocus colordiffuse="33787878" border="5">listselect_fo.png</texturenofocus>
                <texturefocus colordiffuse="FocusColor" border="5">listselect_fo.png</texturefocus>
            </control>
            <control type="button" id="19">
                <width>250</width>
                <label>222</label>
                <font>font12_title</font>
                <textoffsetx>10</textoffsetx>
                <align>center</align>
                <texturenofocus colordiffuse="33787878" border="5">listselect_fo.png</texturenofocus>
                <texturefocus colordiffuse="FocusColor" border="5">listselect_fo.png</texturefocus>
            </control>
        </control>
    </controls>
</window>