<?xml version="1.0" encoding="UTF-8"?>
<includes>
    <!-- Video Wall -->
    <include name="View_55_LowPanel">
        <control type="group">
            <visible>Control.IsVisible(55) + !$EXP[isInfoDialog]</visible>
            <include>Animation.Common</include>
            <control type="group">
                <visible>Integer.IsGreater(Container(55).NumItems,0)</visible>
                <animation effect="fade" time="320" delay="300">Visible</animation>
                <control type="image">
                    <visible>[Container.Content(favourites) | Container.Content(sets) | Container.Content(movies) | Container.Content(tvshows) | Container.Content(seasons)] + Control.HasFocus(55) </visible>
                    <left>37</left>
                    <top>630</top>
                    <width>274</width>
                    <height>399</height>
                    <include>FocusedBackgroundFade</include>
                    <texture colordiffuse="FocusColor" border="5">listselect_fo.png</texture>
                    <animation effect="slide" end="262,0" time="300" tween="cubic" easing="inout" condition="Integer.IsGreater(Container(55).Column,5)">Conditional</animation>
                    <animation effect="slide" end="262,0" time="300" tween="cubic" easing="inout" condition="Integer.IsGreater(Container(55).Column,4)">Conditional</animation>
                    <animation effect="slide" end="262,0" time="300" tween="cubic" easing="inout" condition="Integer.IsGreater(Container(55).Column,3)">Conditional</animation>
                    <animation effect="slide" end="262,0" time="300" tween="cubic" easing="inout" condition="Integer.IsGreater(Container(55).Column,2)">Conditional</animation>
                    <animation effect="slide" end="262,0" time="300" tween="cubic" easing="inout" condition="Integer.IsGreater(Container(55).Column,1)">Conditional</animation>
                    <animation effect="slide" end="262,0" time="300" tween="cubic" easing="inout" condition="Integer.IsGreater(Container(55).Column,0)">Conditional</animation>
                </control>
            </control>
            <control type="panel" id="55">
                <left>43</left>
                <top>636</top>
                <width>1834</width>
                <height>387</height>
                <onup>SetProperty(MediaMenu,True,home)</onup>
                <onup>SetFocus(9050)</onup>
                <onright>55</onright>
                <onleft>55</onleft>
                <ondown>60</ondown>
                <pagecontrol>60</pagecontrol>
                <preloaditems>2</preloaditems>
                <orientation>Horizontal</orientation>
                <viewtype label="31245">Icon</viewtype>
                <visible>Container.Content(movies) | Container.Content(tvshows) | Container.Content(seasons) | Container.Content(sets) | Container.Content(artists) | Container.Content(albums)</visible>
                <scrolltime tween="quadratic" easing="out">300</scrolltime>
                <itemlayout height="387" width="262">
                    <control type="group">
                        <control type="image">
                            <top>6</top>
                            <left>6</left>
                            <width>250</width>
                            <height>375</height>
                            <aspectratio scalediffuse="false">scale</aspectratio>
                            <texture fallback="DefaultFallback.png" background="true" diffuse="diffuse/lowpanel-poster.png">$VAR[Art1Image]</texture>
                        </control>
                        <control type="image">
                            <top>6</top>
                            <left>6</left>
                            <width>250</width>
                            <height>375</height>
                            <texture border="5">overlays/diffuse-overlay.png</texture>
    						<visible>Skin.HasSetting(Enable.HighlightFocused)</visible>
                        </control>
                        <include content="OverlayIcons">
                            <param name="OverlayLeft" value="197" />
                            <param name="OverlayTop" value="4" />
                        </include>
                    </control>
                </itemlayout>
                <focusedlayout height="387" width="262">
                    <control type="group">
                        <include>PanelFocusedItemZoom</include>
                        <control type="image">
                            <left>6</left>
                            <top>6</top>
                            <width>250</width>
                            <height>375</height>
                            <aspectratio scalediffuse="false">scale</aspectratio>
                            <texture fallback="DefaultFallback.png" background="true" diffuse="diffuse/lowpanel-poster.png">$VAR[Art1Image]</texture>
                        </control>
                        <include content="OverlayIcons">
                            <param name="OverlayLeft" value="197" />
                            <param name="OverlayTop" value="4" />
                        </include>
                    </control>
                </focusedlayout>
            </control>
            <control type="group">
                <left>43</left>
                <top>190</top>
                <visible>Control.IsVisible(55)</visible>
                <control type="image" id="9991">
                    <width>600</width>
                    <height>180</height>
                    <aspectratio aligny="bottom" align="left">keep</aspectratio>
                    <texture background="true">$VAR[LowPanelLogoVar]</texture>
                </control>
                <control type="label">
                    <animation effect="fade" start="0" end="100" time="300" delay="300">Visible</animation>
                    <top>25</top>
                    <width>750</width>
                    <height>130</height>
                    <font>font35_title</font>
                    <wrapmultiline>true</wrapmultiline>
                    <label>$INFO[ListItem.Label]</label>
                    <visible>String.IsEqual(Control.GetLabel(9991),blank.png)</visible>
                </control>
                <control type="textbox">
                    <visible>Control.IsVisible(55)</visible>
                    <top>200</top>
                    <left>3</left>
                    <width>750</width>
                    <height>220</height>
                    <font>font14_textbox</font>
                    <aligny>top</aligny>
                    <include>AutoscrollDefault</include>
                    <label>$VAR[VideoPlotVar]</label>
                </control>
            </control>
            <control type="group">
                <left>1550</left>
                <top>545</top>
                <width>468</width>
                <height>73</height>
                <include>VisibleFadeEffect</include>
                <visible>Control.IsVisible(55) + String.IsEqual(Container.SortMethod,$LOCALIZE[13409])</visible>
                <control type="image">
                    <height>50</height>
                    <colordiffuse>TitleTextColor</colordiffuse>
                    <texture>imdb.png</texture>
                    <aspectratio align="left" aligny="top">keep</aspectratio>
                </control>
                <control type="label">
                    <left>22</left>
                    <top>2</top>
                    <width>200</width>
                    <height>42</height>
                    <label>[UPPERCASE]$LOCALIZE[13409][/UPPERCASE] $INFO[ListItem.Top250,#]</label>
                </control>
            </control>
        </control>
        <control type="group">
            <visible>Control.IsVisible(55) + !$EXP[isInfoDialog]</visible>
            <top>-15</top>
            <include>Scrollbar_Horizontal</include>
        </control>
    </include>
    <!-- Music Wall -->
    <include name="View_55_LowPanelMusic">
        <control type="group">
            <visible>Control.IsVisible(55) + !$EXP[isInfoDialog]</visible>
            <include>Animation.Common</include>
            <control type="group">
                <visible>Integer.IsGreater(Container(55).NumItems,0)</visible>
                <animation effect="fade" time="320" delay="300">Visible</animation>
                <control type="image">
                    <visible>Control.HasFocus(55) </visible>
                    <left>37</left>
                    <top>650</top>
                    <width>379</width>
                    <height>379</height>
                    <include>FocusedBackgroundFade</include>
                    <texture colordiffuse="FocusColor" border="5">listselect_fo.png</texture>
                    <animation effect="slide" end="367,0" time="300" tween="cubic" easing="inout" condition="Integer.IsGreater(Container(55).Column,4)">Conditional</animation>
                    <animation effect="slide" end="367,0" time="300" tween="cubic" easing="inout" condition="Integer.IsGreater(Container(55).Column,3)">Conditional</animation>
                    <animation effect="slide" end="367,0" time="300" tween="cubic" easing="inout" condition="Integer.IsGreater(Container(55).Column,2)">Conditional</animation>
                    <animation effect="slide" end="367,0" time="300" tween="cubic" easing="inout" condition="Integer.IsGreater(Container(55).Column,1)">Conditional</animation>
                    <animation effect="slide" end="367,0" time="300" tween="cubic" easing="inout" condition="Integer.IsGreater(Container(55).Column,0)">Conditional</animation>
                </control>
            </control>
            <control type="panel" id="55">
                <left>43</left>
                <top>656</top>
                <width>1835</width>
                <height>367</height>
                <onup>SetProperty(MediaMenu,True,home)</onup>
                <onup>SetFocus(9050)</onup>
                <onright>55</onright>
                <onleft>55</onleft>
                <ondown>60</ondown>
                <pagecontrol>60</pagecontrol>
                <preloaditems>2</preloaditems>
                <orientation>Horizontal</orientation>
                <viewtype label="31245">Icon</viewtype>
                <scrolltime tween="quadratic" easing="out">300</scrolltime>
                <itemlayout height="367" width="367">
                    <control type="group">
                        <control type="image">
                            <top>6</top>
                            <left>6</left>
                            <width>355</width>
                            <height>355</height>
                            <aspectratio scalediffuse="false">scale</aspectratio>
                            <texture fallback="DefaultFallback.png" background="true" diffuse="diffuse/lowpanel-square.png">$VAR[Art1Image]</texture>
                        </control>
                        <control type="image">
                            <top>6</top>
                            <left>6</left>
                            <width>355</width>
                            <height>355</height>
                            <texture border="5">overlays/diffuse-overlay.png</texture>
  						<visible>Skin.HasSetting(Enable.HighlightFocused)</visible>
                        </control>
                    </control>
                </itemlayout>
                <focusedlayout height="367" width="367">
                    <control type="group">
                        <include>PanelFocusedItemZoom</include>
                        <control type="image">
                            <left>6</left>
                            <top>6</top>
                            <width>355</width>
                            <height>355</height>
                            <aspectratio scalediffuse="false">scale</aspectratio>
                            <texture fallback="DefaultFallback.png" background="true" diffuse="diffuse/lowpanel-square.png">$VAR[Art1Image]</texture>
                        </control>
                    </control>
                </focusedlayout>
            </control>
            <control type="group">
                <left>43</left>
                <top>210</top>
                <visible>Control.IsVisible(55)</visible>
                <control type="image" id="9991">
                    <width>600</width>
                    <height>180</height>
                    <aspectratio aligny="bottom" align="left">keep</aspectratio>
                    <texture background="true">$INFO[ListItem.Art(clearLogo)]</texture>
                </control>
                <control type="label">
                    <animation effect="fade" start="0" end="100" time="300" delay="300">Visible</animation>
                    <top>25</top>
                    <width>750</width>
                    <height>130</height>
                    <font>font35_title</font>
                    <wrapmultiline>true</wrapmultiline>
                    <label>$INFO[ListItem.Label]</label>
                    <visible>String.IsEqual(Control.GetLabel(9991),blank.png)</visible>
                </control>
                <control type="textbox">
                    <top>200</top>
                    <left>3</left>
                    <width>750</width>
                    <height>220</height>
                    <font>font14_textbox</font>
                    <aligny>top</aligny>
                    <include>AutoscrollDefault</include>
                    <label>$VAR[MusicPlotVar]</label>
                </control>
            </control>
        </control>
        <control type="group">
            <visible>Control.IsVisible(55) + !$EXP[isInfoDialog]</visible>
            <top>-15</top>
            <include>Scrollbar_Horizontal</include>
        </control>
    </include>
</includes>