<?xml version="1.0" encoding="UTF-8"?>
<includes>
	<include name="HourlyForecast">

				<control type="group">
					<visible>Container(9000).HasFocus(5)</visible>
					<include>SettingsFadeEffect</include>
					<left>470</left>
					<top>0</top>
					<width>1400</width>
					<height>780</height>
					<control type="image">
						<visible>Control.HasFocus(304) + !Container(304).IsUpdating</visible>
						<animation effect="fade" time="320" delay="200">Visible</animation>
						<animation effect="fade" time="200">Hidden</animation>
						<left>10</left>
						<top>10</top>
						<width>680</width>
						<height>240</height>
						<include>FocusedBackgroundFade</include>
						<texture colordiffuse="highlight" border="5">listselect_fo.png</texture>
						<animation effect="slide" end="0,260" time="300" tween="cubic" easing="inout" condition="Integer.IsGreater(Container(304).Row,1)">Conditional</animation>
						<animation effect="slide" end="0,260" time="300" tween="cubic" easing="inout" condition="Integer.IsGreater(Container(304).Row,0)">Conditional</animation>
						<animation effect="slide" end="700,0" time="300" tween="cubic" easing="inout" condition="Integer.IsGreater(Container(304).Column,0)">Conditional</animation>
					</control>
					<control type="panel" id="304">
						<left>0</left>
						<top>0</top>
						<width>1400</width>
						<height>780</height>
						<onup>304</onup>
						<ondown>304</ondown>
						<onleft>9000</onleft>
						<orientation>vertical</orientation>
						<scrolltime tween="quadratic" easing="out">200</scrolltime>
						<itemlayout height="260" width="700">
							<control type="image">
								<left>10</left>
								<top>10</top>
								<right>10</right>
								<bottom>10</bottom>
								<texture colordiffuse="33787878" border="5">listselect_fo.png</texture>
							</control>
							<control type="image">
								<left>20</left>
								<top>20</top>
								<right>20</right>
								<height>180</height>
								<texture colordiffuse="background" border="5">thumbnail_bg.png</texture>
							</control>
							<control type="label">
								<left>20</left>
								<right>20</right>
								<top>196</top>
								<height>50</height>
								<label>$INFO[ListItem.Label]</label>
								<selectedcolor>highlight</selectedcolor>
							</control>
							<control type="label">
								<left>20</left>
								<right>20</right>
								<top>196</top>
								<height>50</height>
								<align>right</align>
								<label>$INFO[ListItem.Property(ShortDate)]</label>
								<selectedcolor>highlight</selectedcolor>
							</control>
							<control type="image">
								<description>current weather icon</description>
								<left>30</left>
								<top>30</top>
								<width>160</width>
								<height>160</height>
								<texture>$INFO[ListItem.Icon]</texture>
								<aspectratio align="center" aligny="center">keep</aspectratio>
							</control>
							<control type="label">
								<left>200</left>
								<top>30</top>
								<width>475</width>
								<height>50</height>
								<font>font15</font>
								<selectedcolor>highlight</selectedcolor>
								<label>$INFO[ListItem.Label2]</label>
							</control>
							<control type="label">
								<left>200</left>
								<top>80</top>
								<width>475</width>
								<height>50</height>
								<font>font15</font>
								<selectedcolor>highlight</selectedcolor>
								<label>$INFO[ListItem.Property(FeelsLike),$LOCALIZE[402]: ]</label>
							</control>
							<control type="label">
								<left>200</left>
								<top>130</top>
								<width>525</width>
								<height>50</height>
								<font>font15</font>
								<selectedcolor>highlight</selectedcolor>
								<label>$INFO[ListItem.Property(ChancePrecipitation),$LOCALIZE[1442] $LOCALIZE[1443] [LOWERCASE]$LOCALIZE[1448][/LOWERCASE]: ]</label>
							</control>
							<control type="label">
								<left>200</left>
								<top>30</top>
								<width>460</width>
								<height>50</height>
								<font>font15</font>
								<align>right</align>
								<selectedcolor>highlight</selectedcolor>
								<label>$INFO[ListItem.Property(Temperature)]</label>
							</control>
							<control type="image">
								<top>20</top>
								<left>20</left>
								<right>20</right>
								<height>180</height>
								<texture border="5">overlays/diffuse-overlay.png</texture>
	 						<visible>Skin.HasSetting(Enable.HighlightFocused)</visible>
							</control>
						</itemlayout>
						<focusedlayout height="260" width="700">
							<control type="image">
								<left>10</left>
								<top>10</top>
								<right>10</right>
								<bottom>10</bottom>
								<texture colordiffuse="33787878" border="5">listselect_fo.png</texture>
							</control>
							<control type="image">
								<left>20</left>
								<top>20</top>
								<right>20</right>
								<height>180</height>
								<texture colordiffuse="background" border="5">thumbnail_bg.png</texture>
							</control>
							<control type="label">
								<left>20</left>
								<right>20</right>
								<top>196</top>
								<height>50</height>
								<label>$INFO[ListItem.Label]</label>
							</control>
							<control type="label">
								<left>20</left>
								<right>20</right>
								<top>196</top>
								<height>50</height>
								<align>right</align>
								<label>$INFO[ListItem.Property(ShortDate)]</label>
							</control>
							<control type="image">
								<description>current weather icon</description>
								<left>30</left>
								<top>30</top>
								<width>160</width>
								<height>160</height>
								<texture>$INFO[ListItem.Icon]</texture>
								<aspectratio align="center" aligny="center">keep</aspectratio>
							</control>
							<control type="label">
								<left>200</left>
								<top>30</top>
								<width>475</width>
								<height>50</height>
								<font>font15</font>
								<label>$INFO[ListItem.Label2]</label>
							</control>
							<control type="label">
								<left>200</left>
								<top>80</top>
								<width>475</width>
								<height>50</height>
								<font>font15</font>
								<label>$INFO[ListItem.Property(FeelsLike),$LOCALIZE[402]: ]</label>
							</control>
							<control type="label">
								<left>200</left>
								<top>130</top>
								<width>525</width>
								<height>50</height>
								<font>font15</font>
								<label>$INFO[ListItem.Property(ChancePrecipitation),$LOCALIZE[1442] $LOCALIZE[1443] [LOWERCASE]$LOCALIZE[1448][/LOWERCASE]: ]</label>
							</control>
							<control type="label">
								<left>200</left>
								<top>30</top>
								<width>460</width>
								<height>50</height>
								<font>font15</font>
								<align>right</align>
								<label>$INFO[ListItem.Property(Temperature)]</label>
							</control>
							<control type="image">
								<animation center="auto" condition="Control.HasFocus(304)" easing="inout" effect="fade" end="0" start="100" time="300" tween="sine">Focus</animation>
								<animation center="auto" condition="Control.HasFocus(304)" easing="inout" effect="fade" end="100" start="0" time="300" tween="sine">UnFocus</animation>
								<top>20</top>
								<left>20</left>
								<right>20</right>
								<height>180</height>
								<texture border="5">overlays/diffuse-overlay.png</texture>
	 						<visible>Skin.HasSetting(Enable.HighlightFocused)</visible>
							</control>
						</focusedlayout>
						<content>
							<item>
								<label>$LOCALIZE[31909]</label>
								<icon />
								<visible>String.IsEmpty(Window.Property(Hourly.IsFetched))</visible>
							</item>


					<include content="weather-hour-item">
						<param name="index" value="1" />
					</include>
					<include content="weather-hour-item">
						<param name="index" value="2" />
					</include>
					<include content="weather-hour-item">
						<param name="index" value="3" />
					</include>
					<include content="weather-hour-item">
						<param name="index" value="4" />
					</include>
					<include content="weather-hour-item">
						<param name="index" value="5" />
					</include>
					<include content="weather-hour-item">
						<param name="index" value="6" />
					</include>
					<include content="weather-hour-item">
						<param name="index" value="7" />
					</include>
					<include content="weather-hour-item">
						<param name="index" value="8" />
					</include>
					<include content="weather-hour-item">
						<param name="index" value="9" />
					</include>
					<include content="weather-hour-item">
						<param name="index" value="10" />
					</include>

					<include content="weather-hour-item">
						<param name="index" value="11" />
					</include>
					<include content="weather-hour-item">
						<param name="index" value="12" />
					</include>
					<include content="weather-hour-item">
						<param name="index" value="13" />
					</include>
					<include content="weather-hour-item">
						<param name="index" value="14" />
					</include>
					<include content="weather-hour-item">
						<param name="index" value="15" />
					</include>
					<include content="weather-hour-item">
						<param name="index" value="16" />
					</include>
					<include content="weather-hour-item">
						<param name="index" value="17" />
					</include>
					<include content="weather-hour-item">
						<param name="index" value="18" />
					</include>
					<include content="weather-hour-item">
						<param name="index" value="19" />
					</include>
					<include content="weather-hour-item">
						<param name="index" value="20" />
					</include>

					<include content="weather-hour-item">
						<param name="index" value="21" />
					</include>
					<include content="weather-hour-item">
						<param name="index" value="22" />
					</include>
					<include content="weather-hour-item">
						<param name="index" value="23" />
					</include>
					<include content="weather-hour-item">
						<param name="index" value="24" />
					</include>
					<include content="weather-hour-item">
						<param name="index" value="25" />
					</include>
					<include content="weather-hour-item">
						<param name="index" value="26" />
					</include>
					<include content="weather-hour-item">
						<param name="index" value="27" />
					</include>
					<include content="weather-hour-item">
						<param name="index" value="28" />
					</include>
					<include content="weather-hour-item">
						<param name="index" value="29" />
					</include>
					<include content="weather-hour-item">
						<param name="index" value="30" />
					</include>

					<include content="weather-hour-item">
						<param name="index" value="31" />
					</include>
					<include content="weather-hour-item">
						<param name="index" value="32" />
					</include>
					<include content="weather-hour-item">
						<param name="index" value="33" />
					</include>
					<include content="weather-hour-item">
						<param name="index" value="34" />
					</include>
					<include content="weather-hour-item">
						<param name="index" value="35" />
					</include>
					<include content="weather-hour-item">
						<param name="index" value="36" />
					</include>
					<include content="weather-hour-item">
						<param name="index" value="37" />
					</include>
					<include content="weather-hour-item">
						<param name="index" value="38" />
					</include>
					<include content="weather-hour-item">
						<param name="index" value="39" />
					</include>
					<include content="weather-hour-item">
						<param name="index" value="40" />
					</include>

					<include content="weather-hour-item">
						<param name="index" value="41" />
					</include>
					<include content="weather-hour-item">
						<param name="index" value="42" />
					</include>
					<include content="weather-hour-item">
						<param name="index" value="43" />
					</include>
					<include content="weather-hour-item">
						<param name="index" value="44" />
					</include>
					<include content="weather-hour-item">
						<param name="index" value="45" />
					</include>
					<include content="weather-hour-item">
						<param name="index" value="46" />
					</include>
					<include content="weather-hour-item">
						<param name="index" value="47" />
					</include>
					<include content="weather-hour-item">
						<param name="index" value="48" />
					</include>
					<include content="weather-hour-item">
						<param name="index" value="49" />
					</include>
					<include content="weather-hour-item">
						<param name="index" value="50" />
					</include>

					<include content="weather-hour-item">
						<param name="index" value="51" />
					</include>
					<include content="weather-hour-item">
						<param name="index" value="52" />
					</include>
					<include content="weather-hour-item">
						<param name="index" value="53" />
					</include>
					<include content="weather-hour-item">
						<param name="index" value="54" />
					</include>
					<include content="weather-hour-item">
						<param name="index" value="55" />
					</include>
					<include content="weather-hour-item">
						<param name="index" value="56" />
					</include>
					<include content="weather-hour-item">
						<param name="index" value="57" />
					</include>
					<include content="weather-hour-item">
						<param name="index" value="58" />
					</include>
					<include content="weather-hour-item">
						<param name="index" value="59" />
					</include>
					<include content="weather-hour-item">
						<param name="index" value="60" />
					</include>


					<include content="weather-hour-item">
						<param name="index" value="61" />
					</include>
					<include content="weather-hour-item">
						<param name="index" value="62" />
					</include>
					<include content="weather-hour-item">
						<param name="index" value="63" />
					</include>
					<include content="weather-hour-item">
						<param name="index" value="64" />
					</include>
					<include content="weather-hour-item">
						<param name="index" value="65" />
					</include>
					<include content="weather-hour-item">
						<param name="index" value="66" />
					</include>
					<include content="weather-hour-item">
						<param name="index" value="67" />
					</include>
					<include content="weather-hour-item">
						<param name="index" value="68" />
					</include>
					<include content="weather-hour-item">
						<param name="index" value="69" />
					</include>


					<include content="weather-hour-item">
						<param name="index" value="70" />
					</include>
					<include content="weather-hour-item">
						<param name="index" value="71" />
					</include>
					<include content="weather-hour-item">
						<param name="index" value="72" />
					</include>
					<include content="weather-hour-item">
						<param name="index" value="73" />
					</include>
					<include content="weather-hour-item">
						<param name="index" value="74" />
					</include>
					<include content="weather-hour-item">
						<param name="index" value="75" />
					</include>
					<include content="weather-hour-item">
						<param name="index" value="76" />
					</include>
					<include content="weather-hour-item">
						<param name="index" value="77" />
					</include>
					<include content="weather-hour-item">
						<param name="index" value="78" />
					</include>
					<include content="weather-hour-item">
						<param name="index" value="79" />
					</include>
		
					
					<include content="weather-hour-item">
						<param name="index" value="80" />
					</include>
					<include content="weather-hour-item">
						<param name="index" value="81" />
					</include>
					<include content="weather-hour-item">
						<param name="index" value="82" />
					</include>
					<include content="weather-hour-item">
						<param name="index" value="83" />
					</include>
					<include content="weather-hour-item">
						<param name="index" value="84" />
					</include>
					<include content="weather-hour-item">
						<param name="index" value="85" />
					</include>
					<include content="weather-hour-item">
						<param name="index" value="86" />
					</include>
					<include content="weather-hour-item">
						<param name="index" value="87" />
					</include>
					<include content="weather-hour-item">
						<param name="index" value="88" />
					</include>
					<include content="weather-hour-item">
						<param name="index" value="89" />
					</include>

					<include content="weather-hour-item">
						<param name="index" value="90" />
					</include>
					<include content="weather-hour-item">
						<param name="index" value="91" />
					</include>
					<include content="weather-hour-item">
						<param name="index" value="92" />
					</include>
					<include content="weather-hour-item">
						<param name="index" value="93" />
					</include>
					<include content="weather-hour-item">
						<param name="index" value="94" />
					</include>
					<include content="weather-hour-item">
						<param name="index" value="95" />
					</include>
					<include content="weather-hour-item">
						<param name="index" value="96" />
					</include>
					<include content="weather-hour-item">
						<param name="index" value="97" />
					</include>
					<include content="weather-hour-item">
						<param name="index" value="98" />
					</include>
					<include content="weather-hour-item">
						<param name="index" value="99" />
					</include>

					<include content="weather-hour-item">
						<param name="index" value="100" />
					</include>
					<include content="weather-hour-item">
						<param name="index" value="101" />
					</include>
					<include content="weather-hour-item">
						<param name="index" value="102" />
					</include>
					<include content="weather-hour-item">
						<param name="index" value="103" />
					</include>
					<include content="weather-hour-item">
						<param name="index" value="104" />
					</include>
					<include content="weather-hour-item">
						<param name="index" value="105" />
					</include>
					<include content="weather-hour-item">
						<param name="index" value="106" />
					</include>
					<include content="weather-hour-item">
						<param name="index" value="107" />
					</include>
					<include content="weather-hour-item">
						<param name="index" value="108" />
					</include>
					<include content="weather-hour-item">
						<param name="index" value="109" />
					</include>
				</content>
			</control>
		</control>
	</include>
</includes>