<?xml version="1.0" encoding="UTF-8"?>
<includes>
	<include name="WeekendForecast">

				<control type="group">
					<visible>Container(9000).HasFocus(4)</visible>
					<include>SettingsFadeEffect</include>
					<left>470</left>
					<top>0</top>
					<width>1400</width>
					<height>780</height>
					<control type="panel" id="303">
						<left>0</left>
						<top>0</top>
						<width>1400</width>
						<height>780</height>
						<onup>9000</onup>
						<ondown>9000</ondown>
						<orientation>horizontal</orientation>
						<scrolltime tween="quadratic" easing="out">200</scrolltime>
						<itemlayout height="780" width="700">
							<control type="image">
								<left>10</left>
								<top>10</top>
								<right>10</right>
								<bottom>10</bottom>
								<texture colordiffuse="33787878" border="5">listselect_fo.png</texture>
							</control>
							<control type="image">
								<left>20</left>
								<top>20</top>
								<right>20</right>
								<height>700</height>
								<texture colordiffuse="background" border="5">thumbnail_bg.png</texture>
							</control>
							<control type="label">
								<left>20</left>
								<right>20</right>
								<top>717</top>
								<height>50</height>
								<label>$INFO[ListItem.Label]</label>
								<selectedcolor>highlight</selectedcolor>
							</control>
							<control type="image">
								<description>current weather icon</description>
								<top>10</top>
								<width>700</width>
								<height>400</height>
								<texture>$INFO[ListItem.Icon]</texture>
								<aspectratio align="center" aligny="center">keep</aspectratio>
							</control>
							<control type="label">
								<top>388</top>
								<width>700</width>
								<height>60</height>
								<font>font15</font>
								<align>center</align>
								<selectedcolor>highlight</selectedcolor>
								<label>$INFO[ListItem.Property(HighTemperature),[COLOR invalid],[/COLOR]]$INFO[ListItem.Property(LowTemperature), | [COLOR ff8de0ff],[/COLOR]]</label>
								<textoffsetx>15</textoffsetx>
							</control>
							<control type="label">
								<top>448</top>
								<width>700</width>
								<height>60</height>
								<font>font15</font>
								<align>center</align>
								<selectedcolor>highlight</selectedcolor>
								<label>$INFO[ListItem.Label2]</label>
								<textoffsetx>15</textoffsetx>
							</control>
							<control type="label">
								<top>508</top>
								<width>700</width>
								<height>60</height>
								<font>font15</font>
								<align>center</align>
								<selectedcolor>highlight</selectedcolor>
								<label>$INFO[ListItem.Property(WindSpeed),$LOCALIZE[383]: ]$INFO[ListItem.Property(WindDirection),  ]</label>
								<textoffsetx>15</textoffsetx>
							</control>
							<control type="label">
								<top>568</top>
								<width>700</width>
								<height>60</height>
								<font>font15</font>
								<align>center</align>
								<selectedcolor>highlight</selectedcolor>
								<label>$INFO[ListItem.Property(Humidity),$LOCALIZE[406]: ]</label>
								<textoffsetx>15</textoffsetx>
							</control>
							<control type="label">
								<top>628</top>
								<width>700</width>
								<height>60</height>
								<font>font15</font>
								<align>center</align>
								<selectedcolor>highlight</selectedcolor>
								<label>$INFO[ListItem.Property(ChancePrecipitation),$LOCALIZE[31908]: ]</label>
								<textoffsetx>15</textoffsetx>
							</control>
							<control type="image">
								<top>20</top>
								<left>20</left>
								<right>20</right>
								<height>700</height>
								<texture border="5">overlays/diffuse-overlay.png</texture>
	 						<visible>Skin.HasSetting(Enable.HighlightFocused)</visible>
							</control>
						</itemlayout>
						<focusedlayout height="780" width="700">
							<control type="image">
								<left>10</left>
								<top>10</top>
								<right>10</right>
								<bottom>10</bottom>
								<texture colordiffuse="33787878" border="5">listselect_fo.png</texture>
							</control>
							<control type="image">
								<left>20</left>
								<top>20</top>
								<right>20</right>
								<height>700</height>
								<texture colordiffuse="background" border="5">thumbnail_bg.png</texture>
							</control>
							<control type="label">
								<left>20</left>
								<right>20</right>
								<top>717</top>
								<height>50</height>
								<label>$INFO[ListItem.Label]</label>
							</control>
							<control type="image">
								<description>current weather icon</description>
								<top>10</top>
								<width>700</width>
								<height>400</height>
								<texture>$INFO[ListItem.Icon]</texture>
								<aspectratio align="center" aligny="center">keep</aspectratio>
							</control>
							<control type="label">
								<top>388</top>
								<width>700</width>
								<height>60</height>
								<font>font15</font>
								<align>center</align>
								<label>$INFO[ListItem.Property(HighTemperature),[COLOR invalid],[/COLOR]]$INFO[ListItem.Property(LowTemperature), | [COLOR ff8de0ff],[/COLOR]]</label>
								<textoffsetx>15</textoffsetx>
							</control>
							<control type="label">
								<top>448</top>
								<width>700</width>
								<height>60</height>
								<font>font15</font>
								<align>center</align>
								<label>$INFO[ListItem.Label2]</label>
								<textoffsetx>15</textoffsetx>
							</control>
							<control type="label">
								<top>508</top>
								<width>700</width>
								<height>60</height>
								<font>font15</font>
								<align>center</align>
								<label>$INFO[ListItem.Property(WindSpeed),$LOCALIZE[383]: ]$INFO[ListItem.Property(WindDirection),  ]</label>
								<textoffsetx>15</textoffsetx>
							</control>
							<control type="label">
								<top>568</top>
								<width>700</width>
								<height>60</height>
								<font>font15</font>
								<align>center</align>
								<label>$INFO[ListItem.Property(Humidity),$LOCALIZE[406]: ]</label>
								<textoffsetx>15</textoffsetx>
							</control>
							<control type="label">
								<top>628</top>
								<width>700</width>
								<height>60</height>
								<font>font15</font>
								<align>center</align>
								<label>$INFO[ListItem.Property(ChancePrecipitation),$LOCALIZE[31908]: ]</label>
								<textoffsetx>15</textoffsetx>
							</control>
							<control type="image">
								<animation center="auto" condition="Control.HasFocus(303)" easing="inout" effect="fade" end="0" start="100" time="300" tween="sine">Focus</animation>
								<animation center="auto" condition="Control.HasFocus(303)" easing="inout" effect="fade" end="100" start="0" time="300" tween="sine">UnFocus</animation>
								<top>20</top>
								<left>20</left>
								<right>20</right>
								<height>700</height>
								<texture border="5">overlays/diffuse-overlay.png</texture>
	 						<visible>Skin.HasSetting(Enable.HighlightFocused)</visible>
							</control>
						</focusedlayout>
						<content>
							<item>
								<label>$LOCALIZE[31909]</label>
								<icon />
								<visible>String.IsEmpty(Window.Property(Weekend.IsFetched))</visible>
							</item>
							<item>
								<label>$INFO[Window.Property(Weekend.1.LongDay)] $INFO[Window.Property(Weekend.1.LongDate)]</label>
								<label2>$INFO[Window.Property(Weekend.1.Outlook)]</label2>
								<icon>$VAR[WeatherIconVar]$INFO[Window.Property(Weekend.1.FanartCode),,.png]</icon>
								<property name="HighTemperature">$INFO[Window.Property(Weekend.1.HighTemperature)]</property>
								<property name="LowTemperature">$INFO[Window.Property(Weekend.1.LowTemperature)]</property>
								<property name="Precipitation">$INFO[Window.Property(Weekend.1.Precipitation)]</property>
								<property name="WindSpeed">$INFO[Window.Property(Weekend.1.WindSpeed)]</property>
								<property name="WindDirection">$INFO[Window.Property(Weekend.1.WindDirection)]</property>
								<property name="Humidity">$INFO[Window.Property(Weekend.1.Humidity)]</property>
								<property name="ChancePrecipitation">$INFO[Window.Property(Weekend.1.ChancePrecipitation)]</property>
								<visible>!String.IsEmpty(Window.Property(Weekend.IsFetched))</visible>
							</item>
							<item>
								<label>$INFO[Window.Property(Weekend.2.LongDay)] $INFO[Window.Property(Weekend.2.LongDate)]</label>
								<label2>$INFO[Window.Property(Weekend.2.Outlook)]</label2>
								<icon>$VAR[WeatherIconVar]$INFO[Window.Property(Weekend.2.FanartCode),,.png]</icon>
								<property name="HighTemperature">$INFO[Window.Property(Weekend.2.HighTemperature)]</property>
								<property name="LowTemperature">$INFO[Window.Property(Weekend.2.LowTemperature)]</property>
								<property name="Precipitation">$INFO[Window.Property(Weekend.2.Precipitation)]</property>
								<property name="WindSpeed">$INFO[Window.Property(Weekend.2.WindSpeed)]</property>
								<property name="WindDirection">$INFO[Window.Property(Weekend.2.WindDirection)]</property>
								<property name="Humidity">$INFO[Window.Property(Weekend.2.Humidity)]</property>
								<property name="ChancePrecipitation">$INFO[Window.Property(Weekend.2.ChancePrecipitation)]</property>
								<visible>!String.IsEmpty(Window.Property(Weekend.IsFetched))</visible>
							</item>
						</content>
					</control>
				</control>

	</include>
</includes>