<?xml version="1.0" encoding="UTF-8"?>
<window>
    <defaultcontrol always="true">2</defaultcontrol>
    <coordinates>
        <system>1</system>
        <left>365</left>
        <top>105</top>
    </coordinates>
    <include>Animation.Dialog</include>
    <controls>
        <include content="DialogBackgroundCommons">
            <param name="DialogBackgroundWidth" value="1190" />
            <param name="DialogBackgroundHeight" value="870" />
            <param name="DialogHeaderLabel" value="$LOCALIZE[298]" />
            <param name="DialogHeaderId" value="" />
        </include>
        <control type="group">
            <visible>Integer.IsGreater(Container(11).NumItems,0)</visible>
            <control type="image">
                <visible>Control.HasFocus(11)</visible>
                <left>28</left>
                <top>72</top>
                <width>386</width>
                <height>234</height>
                <animation effect="fade" time="320" delay="200">Visible</animation>
                <animation effect="fade" time="200">Hidden</animation>
                <texture colordiffuse="highlight" border="5">listselect_fo.png</texture>
                <animation effect="slide" end="0,222" time="300" tween="cubic" easing="inout" condition="Integer.IsGreater(Container(11).Row,1)">Conditional</animation>
                <animation effect="slide" end="0,222" time="300" tween="cubic" easing="inout" condition="Integer.IsGreater(Container(11).Row,0)">Conditional</animation>
                <animation effect="slide" end="374,0" time="300" tween="cubic" easing="inout" condition="Integer.IsGreater(Container(11).Column,1)">Conditional</animation>
                <animation effect="slide" end="374,0" time="300" tween="cubic" easing="inout" condition="Integer.IsGreater(Container(11).Column,0)">Conditional</animation>
            </control>
        </control>
        <control type="panel" id="11">
            <left>34</left>
            <top>78</top>
            <width>1122</width>
            <height>666</height>
            <onleft>9000</onleft>
            <onright>60</onright>
            <ondown>11</ondown>
            <onup>11</onup>
            <scrolltime>200</scrolltime>
            <viewtype label="536">icon</viewtype>
            <pagecontrol>60</pagecontrol>
            <orientation>vertical</orientation>
            <itemlayout height="222" width="374">
                <control type="image">
                    <top>6</top>
                    <left>6</left>
                    <width>362</width>
                    <height>210</height>
                    <texture background="true" diffuse="diffuse/osdbookmarks.png">$INFO[ListItem.Icon]</texture>
                    <aspectratio align="center" aligny="center" scalediffuse="false">scale</aspectratio>
                </control>
                <control type="image">
                    <top>6</top>
                    <left>6</left>
                    <width>362</width>
                    <height>210</height>
                    <texture border="5">overlays/diffuse-overlay.png</texture>
 						<visible>Skin.HasSetting(Enable.HighlightFocused)</visible>
                </control>
                <control type="image">
                    <top>166</top>
                    <left>6</left>
                    <width>362</width>
                    <height>50</height>
                    <texture colordiffuse="BB000000" border="5">diffuse/actor-label.png</texture>
                </control>
                <control type="label">
                    <left>16</left>
                    <top>174</top>
                    <width>342</width>
                    <height>30</height>
                    <align>center</align>
                    <info>ListItem.Label</info>
                </control>
            </itemlayout>
            <focusedlayout height="222" width="374">
                <control type="group">
                    <include>PanelFocusedItemZoom</include>
                    <control type="image">
                        <top>6</top>
                        <left>6</left>
                        <width>362</width>
                        <height>210</height>
                        <texture background="true" diffuse="diffuse/osdbookmarks.png">$INFO[ListItem.Icon]</texture>
                        <aspectratio align="center" aligny="center" scalediffuse="false">scale</aspectratio>
                    </control>
                    <control type="image">
                        <animation center="auto" condition="Control.HasFocus(11)" easing="inout" effect="fade" end="0" start="100" time="300" tween="sine">Focus</animation>
                        <animation center="auto" condition="Control.HasFocus(11)" easing="inout" effect="fade" end="100" start="0" time="300" tween="sine">UnFocus</animation>
                        <top>6</top>
                        <left>6</left>
                        <width>362</width>
                        <height>210</height>
                        <texture border="5">overlays/diffuse-overlay.png</texture>
 						<visible>Skin.HasSetting(Enable.HighlightFocused)</visible>
                    </control>
                    <control type="image">
                        <top>166</top>
                        <left>6</left>
                        <width>362</width>
                        <height>50</height>
                        <texture colordiffuse="BB000000" border="5">diffuse/actor-label.png</texture>
                    </control>
                    <control type="label">
                        <left>16</left>
                        <top>174</top>
                        <width>342</width>
                        <height>30</height>
                        <align>center</align>
                        <info>ListItem.Label</info>
                    </control>
                </control>
            </focusedlayout>
        </control>
        <control type="scrollbar" id="60">
            <visible allowhiddenfocus="true">Control.HasFocus(60) | Container.Scrolling</visible>
            <left>1161</left>
            <top>84</top>
            <height>654</height>
            <width>10</width>
            <onleft>11</onleft>
            <onright>9000</onright>
            <ondown>60</ondown>
            <onup>60</onup>
        </control>
        <control type="grouplist" id="9000">
            <left>33</left>
            <top>769</top>
            <width>1122</width>
            <height>60</height>
            <itemgap>14</itemgap>
            <align>center</align>
            <orientation>horizontal</orientation>
            <onleft>9000</onleft>
            <onright>9000</onright>
            <onup>11</onup>
            <ondown>11</ondown>  
            <control type="button" id="2">
                <description>Create Bookmark button</description>
                <label>294</label>
                <width>364</width>
                <include>ButtonInfoDialogsCommonValues</include>
            </control>
            <control type="button" id="4">
                <description>Set episode bookmark</description>
                <label>20406</label>
                <width>366</width>
                <include>ButtonInfoDialogsCommonValues</include>
                <visible>videoplayer.content(episodes)</visible>
            </control>
            <control type="button" id="3">
                <description>Clear Bookmark button</description>
                <label>296</label>
                <width>364</width>
                <include>ButtonInfoDialogsCommonValues</include>
            </control>
        </control>
    </controls>
</window>
