<?xml version="1.0" encoding="UTF-8"?>
<includes>
	<include name="36HourForecast">

				<control type="group">
					<visible>Container(9000).HasFocus(3)</visible>
					<include>SettingsFadeEffect</include>
					<left>470</left>
					<top>0</top>
					<width>1401</width>
					<height>780</height>
					<control type="panel" id="302">
						<left>0</left>
						<top>0</top>
						<width>1401</width>
						<height>780</height>
						<onup>9000</onup>
						<ondown>9000</ondown>
						<orientation>horizontal</orientation>
						<scrolltime tween="quadratic" easing="out">200</scrolltime>
						<itemlayout height="780" width="467">
							<control type="image">
								<left>10</left>
								<top>10</top>
								<right>10</right>
								<bottom>10</bottom>
								<texture colordiffuse="33787878" border="5">listselect_fo.png</texture>
							</control>
							<control type="image">
								<left>20</left>
								<top>20</top>
								<right>20</right>
								<height>700</height>
								<texture colordiffuse="background" border="5">thumbnail_bg.png</texture>
							</control>
							<control type="label">
								<left>20</left>
								<right>20</right>
								<top>717</top>
								<height>50</height>
								<label>$INFO[ListItem.Label]</label>
								<selectedcolor>SelectedColor</selectedcolor>
							</control>
							<control type="image">
								<description>current weather icon</description>
								<top>10</top>
								<width>467</width>
								<height>300</height>
								<texture>$INFO[ListItem.Icon]</texture>
								<aspectratio align="center" aligny="center">keep</aspectratio>
							</control>
							<control type="textbox">
								<left>32</left>
								<top>298</top>
								<width>394</width>
								<height>392</height>
								<align>center</align>
								<font>font15_textbox</font>
								<selectedcolor>SelectedColor</selectedcolor>
								<label>$INFO[ListItem.Label2]$INFO[ListItem.Property(TemperatureHeading),[CR],: ]$INFO[ListItem.Property(Temperature)]$INFO[ListItem.Property(FeelsLike),[CR]$LOCALIZE[402]: ]$INFO[ListItem.Property(Precipitation),[CR]$LOCALIZE[1448]: ]$INFO[ListItem.Property(Wind),[CR]]$INFO[ListItem.Property(Humidity),[CR]$LOCALIZE[406]: ]</label>
							</control>
							<control type="image">
								<top>20</top>
								<left>20</left>
								<right>20</right>
								<height>700</height>
								<texture border="5">overlays/diffuse-overlay.png</texture>
	 						<visible>Skin.HasSetting(Enable.HighlightFocused)</visible>
							</control>
						</itemlayout>
						<focusedlayout height="780" width="467">
							<control type="image">
								<left>10</left>
								<top>10</top>
								<right>10</right>
								<bottom>10</bottom>
								<texture colordiffuse="33787878" border="5">listselect_fo.png</texture>
							</control>
							<control type="image">
								<left>20</left>
								<top>20</top>
								<right>20</right>
								<height>700</height>
								<texture colordiffuse="background" border="5">thumbnail_bg.png</texture>
							</control>
							<control type="label">
								<left>20</left>
								<right>20</right>
								<top>717</top>
								<height>50</height>
								<label>$INFO[ListItem.Label]</label>
							</control>
							<control type="image">
								<description>current weather icon</description>
								<top>10</top>
								<width>467</width>
								<height>300</height>
								<texture>$INFO[ListItem.Icon]</texture>
								<aspectratio align="center" aligny="center">keep</aspectratio>
							</control>
							<control type="textbox">
								<left>32</left>
								<top>298</top>
								<width>394</width>
								<height>392</height>
								<align>center</align>
								<font>font15_textbox</font>
								<label>$INFO[ListItem.Label2]$INFO[ListItem.Property(TemperatureHeading),[CR],: ]$INFO[ListItem.Property(Temperature)]$INFO[ListItem.Property(FeelsLike),[CR]$LOCALIZE[402]: ]$INFO[ListItem.Property(Precipitation),[CR]$LOCALIZE[1448]: ]$INFO[ListItem.Property(Wind),[CR]]$INFO[ListItem.Property(Humidity),[CR]$LOCALIZE[406]: ]</label>
							</control>
							<control type="image">
								<animation center="auto" condition="Control.HasFocus(302)" easing="inout" effect="fade" end="0" start="100" time="300" tween="sine">Focus</animation>
								<animation center="auto" condition="Control.HasFocus(302)" easing="inout" effect="fade" end="100" start="0" time="300" tween="sine">UnFocus</animation>
								<top>20</top>
								<left>20</left>
								<right>20</right>
								<height>700</height>
								<texture border="5">overlays/diffuse-overlay.png</texture>
 						<visible>Skin.HasSetting(Enable.HighlightFocused)</visible>
							</control>
						</focusedlayout>
						<content>
							<item>
								<label>$LOCALIZE[31909]</label>
								<icon />
								<visible>String.IsEmpty(Window.Property(36Hour.IsFetched))</visible>
							</item>
							<item>
								<label>$INFO[Window.Property(36Hour.1.Heading)]</label>
								<label2>$INFO[Window.Property(36Hour.1.Outlook)]</label2>
								<icon>$VAR[WeatherIconVar]$INFO[Window.Property(36Hour.1.FanartCode),,.png]</icon>
								<property name="TemperatureHeading">$INFO[Window.Property(36Hour.1.TemperatureHeading)]</property>
								<property name="Temperature">$INFO[Window.Property(36Hour.1.Temperature)]</property>
								<property name="Precipitation">$INFO[Window.Property(36Hour.1.Precipitation)]</property>
								<property name="FeelsLike">$INFO[Window.Property(36Hour.1.FeelsLike)]</property>
								<property name="Humidity">$INFO[Window.Property(36Hour.1.Humidity)]</property>
								<property name="Wind">$INFO[Window.Property(36Hour.1.WindSpeed)]$INFO[Window.Property(36Hour.1.WindDirection),  ]$INFO[Window.Property(36Hour.1.WindDegree),  ]</property>
								<visible>!String.IsEmpty(Window.Property(36Hour.IsFetched))</visible>
							</item>
							<item>
								<label>$INFO[Window.Property(36Hour.2.Heading)]</label>
								<label2>$INFO[Window.Property(36Hour.2.Outlook)]</label2>
								<icon>$VAR[WeatherIconVar]$INFO[Window.Property(36Hour.2.FanartCode),,.png]</icon>
								<property name="TemperatureHeading">$INFO[Window.Property(36Hour.2.TemperatureHeading)]</property>
								<property name="Temperature">$INFO[Window.Property(36Hour.2.Temperature)]</property>
								<property name="Precipitation">$INFO[Window.Property(36Hour.2.Precipitation)]</property>
								<property name="FeelsLike">$INFO[Window.Property(36Hour.2.FeelsLike)]</property>
								<property name="Humidity">$INFO[Window.Property(36Hour.2.Humidity)]</property>
								<property name="Wind">$INFO[Window.Property(36Hour.2.WindSpeed)]$INFO[Window.Property(36Hour.2.WindDirection),  ]$INFO[Window.Property(36Hour.2.WindDegree),  ]</property>
								<visible>!String.IsEmpty(Window.Property(36Hour.IsFetched))</visible>
							</item>
							<item>
								<label>$INFO[Window.Property(36Hour.3.Heading)]</label>
								<label2>$INFO[Window.Property(36Hour.3.Outlook)]</label2>
								<icon>$VAR[WeatherIconVar]$INFO[Window.Property(36Hour.3.FanartCode),,.png]</icon>
								<property name="TemperatureHeading">$INFO[Window.Property(36Hour.3.TemperatureHeading)]</property>
								<property name="Temperature">$INFO[Window.Property(36Hour.3.Temperature)]</property>
								<property name="Precipitation">$INFO[Window.Property(36Hour.3.Precipitation)]</property>
								<property name="FeelsLike">$INFO[Window.Property(36Hour.3.FeelsLike)]</property>
								<property name="Humidity">$INFO[Window.Property(36Hour.3.Humidity)]</property>
								<property name="Wind">$INFO[Window.Property(36Hour.3.WindSpeed)]$INFO[Window.Property(36Hour.3.WindDirection),  ]$INFO[Window.Property(36Hour.3.WindDegree),  ]</property>
								<visible>!String.IsEmpty(Window.Property(36Hour.IsFetched))</visible>
							</item>
						</content>
					</control>
				</control>




	</include>
</includes>