<colors>
	<color name="TitleTextColor">FFE8E8E8</color>
	<color name="NormalTextColor">FFE8E8E8</color>	
	<color name="LabelTextColor">FF9D6E48</color>	
	<color name="AltTextColor">FF9D6E48</color>	
	<color name="FocusColor">FF9D6E48</color>	
	<color name="SelectedColor">FF9D6E48</color>	
	<color name="DisabledColor">FF606060</color>
	<color name="black">FF000000</color>
	<color name="invalid">FFFF6666</color>
	<color name="shadow">AA000000</color>
	<color name="background">FF231810</color>
	<color name="dialog">FF403B3C</color>
	<color name="white11">11FFFFFF</color>
	<color name="blue">FF6DB9E5</color>
</colors>