<?xml version="1.0" encoding="UTF-8"?>
<includes>
	<include name="MainMenuHorizontal">
		<control type="group">
			<top>955</top>
			<animation effect="fade" start="100" end="50" time="300" condition="!Control.HasFocus(9000)">Conditional</animation>
			<animation effect="fade" start="100" end="0" time="300" condition="Control.HasFocus(9010)">Conditional</animation>
			<animation effect="slide" start="0,130" end="0,0" time="400" tween="quadratic" easing="out" condition="!Control.HasFocus(9010)">Conditional</animation>
			<control type="image">
				<left>98</left>
				<width>432</width>
				<height>90</height>
				<animation effect="fade" start="100" end="60" time="300" condition="!Control.HasFocus(9000)">Conditional</animation>
				<texture colordiffuse="FocusColor" border="5">listselect_fo.png</texture>
				<animation effect="slide" end="432" time="300" tween="cubic" easing="inout" condition="Integer.IsGreater(Container(9000).Column,2)">Conditional</animation>
				<animation effect="slide" end="432" time="300" tween="cubic" easing="inout" condition="Integer.IsGreater(Container(9000).Column,1)">Conditional</animation>
				<animation effect="slide" end="432" time="300" tween="cubic" easing="inout" condition="Integer.IsGreater(Container(9000).Column,0)">Conditional</animation>
			</control>
			<control type="panel" id="9000">
				<left>98</left>
				<top>-3</top>
				<width>1728</width>
				<height>90</height>
				<onup condition="!String.IsEmpty(Container(9000).ListItem.Property(widget))">9003</onup>
				<ondown>9010</ondown>
				<pagecontrol />
				<scrolltime tween="quadratic" easing="out">300</scrolltime>
				<orientation>Horizontal</orientation>
				<itemlayout height="90" width="432">
					<control type="label">
						<width>432</width>
						<height>90</height>
						<font>MainMenuFont</font>
						<textcolor>TitleTextColor</textcolor>
						<align>center</align>
						<label>$INFO[ListItem.Label]</label>
					</control>
				</itemlayout>
				<focusedlayout height="90" width="432">
					<control type="label">
						<width>432</width>
						<height>90</height>
						<font>MainMenuFont</font>
						<textcolor>TitleTextColor</textcolor>
						<selectedcolor>TitleTextColor</selectedcolor>
						<align>center</align>
						<label>$INFO[ListItem.Label]</label>
					</control>
				</focusedlayout>
				<content>
					<include>skinshortcuts-mainmenu</include>
				</content>
			</control>
			<control type="group">
				<include>VisibleFadeEffect</include>
				<visible>Control.HasFocus(9000)</visible>
				<height>30</height>
				<top>30</top>
				<left>30</left>
				<control type="label">
					<visible>Container(9000).HasPrevious</visible>
					<width>30</width>
					<height>30</height>
					<align>center</align>
					<label>a</label>
					<font>IconTiny</font>
					<textcolor>DisabledColor</textcolor>
				</control>
				<control type="label">
					<visible>Container(9000).HasNext</visible>
					<left>1830</left>
					<width>30</width>
					<height>30</height>
					<align>center</align>
					<label>b</label>
					<font>IconTiny</font>
					<textcolor>DisabledColor</textcolor>
				</control>
			</control>
		</control>
		<control type="group" id="9001">
			<top>955</top>
			<animation effect="fade" end="0" start="100" time="0" condition="!Control.HasFocus(9010)" reversible="false">Conditional</animation>
			<animation effect="fade" start="100" end="50" time="300" condition="!ControlGroup(9001).HasFocus()">conditional</animation>
			<animation effect="slide" start="0,120" end="0,0" time="400" tween="quadratic" easing="out" condition="Control.HasFocus(9010)">Conditional</animation>
			<control type="image">
				<left>98</left>
				<width>432</width>
				<height>90</height>
				<animation effect="fade" start="100" end="60" time="300" condition="!Control.HasFocus(9010)">Conditional</animation>
				<texture colordiffuse="FocusColor" border="5">listselect_fo.png</texture>
				<animation effect="slide" end="432" time="300" tween="cubic" easing="inout" condition="Integer.IsGreater(Container(9010).Column,2)">Conditional</animation>
				<animation effect="slide" end="432" time="300" tween="cubic" easing="inout" condition="Integer.IsGreater(Container(9010).Column,1)">Conditional</animation>
				<animation effect="slide" end="432" time="300" tween="cubic" easing="inout" condition="Integer.IsGreater(Container(9010).Column,0)">Conditional</animation>
			</control>
			<control type="panel" id="9010">
				<include>VisibleFadeEffect</include>
				<left>98</left>
				<top>-3</top>
				<width>1728</width>
				<height>90</height>
				<onup>9000</onup>
				<ondown>9000</ondown>
				<pagecontrol />
				<scrolltime tween="quadratic" easing="out">300</scrolltime>
				<orientation>Horizontal</orientation>
				<include content="SubmenuListContent">
					<param name="SubmenuItemHeight" value="90" />
					<param name="SubmenuItemWidth" value="432" />
					<param name="SubmenuAlign" value="center" />
					<param name="SubmenuTextOffset" value="0" />
				</include>
			</control>
			<control type="group">
				<include>VisibleFadeEffect</include>
				<visible>Control.HasFocus(9010)</visible>
				<height>30</height>
				<top>30</top>
				<left>30</left>
				<control type="label">
					<visible>Container(9010).HasPrevious</visible>
					<width>30</width>
					<height>30</height>
					<align>center</align>
					<label>a</label>
					<font>IconTiny</font>
					<textcolor>DisabledColor</textcolor>
				</control>
				<control type="label">
					<visible>Container(9010).HasNext</visible>
					<left>1830</left>
					<width>30</width>
					<height>30</height>
					<align>center</align>
					<label>b</label>
					<font>IconTiny</font>
					<textcolor>DisabledColor</textcolor>
				</control>
			</control>
		</control>
	</include>
	<include name="MainMenuVertical">
		<control type="group">
			<visible>![Window.IsVisible(favouritesbrowser) | Window.IsVisible(script-globalsearch-main.xml) | Window.IsVisible(script-lazytv-main.xml) |
				Window.IsVisible(script-lazytv-BigScreenList.xml)] + !$EXP[isInfoDialog]
			</visible>
			<include>MainMenuSlide</include>
			<control type="group">
				<animation effect="fade" start="100" end="50" time="300" condition="!Control.HasFocus(9000)">Conditional</animation>
				<animation effect="fade" start="100" end="0" time="300" condition="Control.HasFocus(9010)">Conditional</animation>
				<animation effect="slide" start="-470,0" end="0,0" time="400" tween="quadratic" easing="out" condition="!Control.HasFocus(9010)">Conditional</animation>
				<control type="image">
					<top>100</top>
					<left>35</left>
					<width>430</width>
					<height>95</height>
					<animation effect="fade" start="100" end="60" time="300" condition="!Control.HasFocus(9000)">Conditional</animation>
					<texture colordiffuse="FocusColor" border="5">listselect_fo.png</texture>
					<animation effect="slide" end="0,95" time="300" tween="cubic" easing="inout" condition="Integer.IsGreater(Container(9000).Row,6)">Conditional</animation>
					<animation effect="slide" end="0,95" time="300" tween="cubic" easing="inout" condition="Integer.IsGreater(Container(9000).Row,5)">Conditional</animation>
					<animation effect="slide" end="0,95" time="300" tween="cubic" easing="inout" condition="Integer.IsGreater(Container(9000).Row,4)">Conditional</animation>
					<animation effect="slide" end="0,95" time="300" tween="cubic" easing="inout" condition="Integer.IsGreater(Container(9000).Row,3)">Conditional</animation>
					<animation effect="slide" end="0,95" time="300" tween="cubic" easing="inout" condition="Integer.IsGreater(Container(9000).Row,2)">Conditional</animation>
					<animation effect="slide" end="0,95" time="300" tween="cubic" easing="inout" condition="Integer.IsGreater(Container(9000).Row,1)">Conditional</animation>
					<animation effect="slide" end="0,95" time="300" tween="cubic" easing="inout" condition="Integer.IsGreater(Container(9000).Row,0)">Conditional</animation>
				</control>
				<control type="panel" id="9000">
					<left>35</left>
					<top>98</top>
					<width>430</width>
					<height>760</height>
					<onright condition="!String.IsEmpty(Container(9000).ListItem.Property(widget))">9003</onright>
					<onleft condition="!Skin.HasSetting(Enable.CombineMenus)">9010</onleft>
					<ondown>9000</ondown>
					<onup>9000</onup>
					<onback condition="Skin.HasSetting(Enable.CombineMenus)">RunScript(script.skinshortcuts,type=hidesubmenu&amp;mainmenuID=9000)</onback>
					<pagecontrol />
					<scrolltime tween="quadratic" easing="out">300</scrolltime>
					<orientation>Vertical</orientation>
					<itemlayout height="95" width="430">
						<control type="label">
							<width>430</width>
							<height>95</height>
							<font>MainMenuFont</font>
							<textoffsetx>20</textoffsetx>
							<textcolor>TitleTextColor</textcolor>
							<label>$INFO[ListItem.Label]</label>
							<visible>String.IsEmpty(ListItem.Property(isSubmenu))</visible>
						</control>
						<control type="label">
							<width>430</width>
							<height>95</height>
							<font>SubMenuFont</font>
							<textoffsetx>20</textoffsetx>
							<textcolor>TitleTextColor</textcolor>
							<label>[I]$INFO[ListItem.Label][/I]</label>
							<visible>!String.IsEmpty(ListItem.Property(isSubmenu))</visible>
						</control>
					</itemlayout>
					<focusedlayout height="95" width="430">
						<control type="label">
							<width>430</width>
							<height>95</height>
							<font>MainMenuFont</font>
							<textoffsetx>20</textoffsetx>
							<textcolor>TitleTextColor</textcolor>
							<label>$INFO[ListItem.Label]</label>
							<visible>String.IsEmpty(ListItem.Property(isSubmenu))</visible>
						</control>
						<control type="label">
							<width>430</width>
							<height>95</height>
							<font>SubMenuFont</font>
							<textoffsetx>20</textoffsetx>
							<textcolor>TitleTextColor</textcolor>
							<label>[I]$INFO[ListItem.Label][/I]</label>
							<visible>!String.IsEmpty(ListItem.Property(isSubmenu))</visible>
						</control>
						<control type="group">
							<animation effect="fade" end="0" start="100" time="200">UnFocus</animation>
							<animation effect="fade" start="0" end="100" time="400" delay="400">Focus</animation>
							<control type="label">
								<left>390</left>
								<width>30</width>
								<height>88</height>
								<label>I</label>
								<font>IconTiny</font>
								<align>right</align>
								<textcolor>TitleTextColor</textcolor>
								<visible>String.Contains(ListItem.Property(hasSubmenu),True) + Skin.HasSetting(Enable.CombineMenus)</visible>
								<visible>!String.IsEqual(ListItem.Property("submenuVisibility"),Window(10000).Property("submenuVisibility"))</visible>
								<animation effect="rotate" time="0" start="0" end="-90" condition="!Skin.HasSetting(Disable.Animations)">Conditional</animation>
							</control>
						</control>
					</focusedlayout>
					<content>
						<include condition="Skin.HasSetting(Enable.CombineMenus)">skinshortcuts-allmenus</include>
						<include condition="!Skin.HasSetting(Enable.CombineMenus)">skinshortcuts-mainmenu</include>
					</content>
				</control>
				<control type="group">
					<include>VisibleFadeEffect</include>
					<visible>Control.HasFocus(9000)</visible>
					<height>30</height>
					<top>38</top>
					<left>235</left>
					<control type="label">
						<visible>Container(9000).HasPrevious</visible>
						<width>30</width>
						<height>30</height>
						<align>center</align>
						<label>s</label>
						<font>IconTiny</font>
						<textcolor>DisabledColor</textcolor>
					</control>
					<control type="label">
						<visible>Container(9000).HasNext</visible>
						<top>858</top>
						<width>30</width>
						<height>30</height>
						<align>center</align>
						<label>t</label>
						<font>IconTiny</font>
						<textcolor>DisabledColor</textcolor>
					</control>
				</control>
			</control>
			<control type="group" id="9001">
				<animation effect="fade" end="0" start="100" time="150" condition="!Control.HasFocus(9010)" reversible="false">Conditional</animation>
				<animation effect="fade" start="100" end="50" time="300" condition="!ControlGroup(9001).HasFocus()">conditional</animation>
				<animation effect="slide" start="0" end="465" time="400" tween="quadratic" easing="out" condition="Control.HasFocus(9010)">Conditional</animation>
				<control type="image">
					<top>100</top>
					<left>-430</left>
					<width>430</width>
					<height>95</height>
					<texture colordiffuse="FocusColor" border="5">listselect_fo.png</texture>
					<animation effect="slide" end="0,95" time="300" tween="cubic" easing="inout" condition="Integer.IsGreater(Container(9010).Row,6)">Conditional</animation>
					<animation effect="slide" end="0,95" time="300" tween="cubic" easing="inout" condition="Integer.IsGreater(Container(9010).Row,5)">Conditional</animation>
					<animation effect="slide" end="0,95" time="300" tween="cubic" easing="inout" condition="Integer.IsGreater(Container(9010).Row,4)">Conditional</animation>
					<animation effect="slide" end="0,95" time="300" tween="cubic" easing="inout" condition="Integer.IsGreater(Container(9010).Row,3)">Conditional</animation>
					<animation effect="slide" end="0,95" time="300" tween="cubic" easing="inout" condition="Integer.IsGreater(Container(9010).Row,2)">Conditional</animation>
					<animation effect="slide" end="0,95" time="300" tween="cubic" easing="inout" condition="Integer.IsGreater(Container(9010).Row,1)">Conditional</animation>
					<animation effect="slide" end="0,95" time="300" tween="cubic" easing="inout" condition="Integer.IsGreater(Container(9010).Row,0)">Conditional</animation>
				</control>
				<control type="panel" id="9010">
					<include>VisibleFadeEffect</include>
					<left>-430</left>
					<top>98</top>
					<width>430</width>
					<height>760</height>
					<onleft>9000</onleft>
					<onright>9000</onright>
					<onback>9000</onback>
					<pagecontrol />
					<scrolltime tween="quadratic" easing="out">300</scrolltime>
					<orientation>Vertical</orientation>
					<include content="SubmenuListContent">
						<param name="SubmenuItemHeight" value="95" />
						<param name="SubmenuItemWidth" value="430" />
						<param name="SubmenuAlign" value="left" />
						<param name="SubmenuTextOffset" value="20" />
					</include>
				</control>
				<control type="group">
					<include>VisibleFadeEffect</include>
					<visible>Control.HasFocus(9010)</visible>
					<height>30</height>
					<top>38</top>
					<left>-225</left>
					<control type="label">
						<visible>Container(9010).HasPrevious</visible>
						<width>30</width>
						<height>30</height>
						<align>center</align>
						<label>s</label>
						<font>IconTiny</font>
						<textcolor>DisabledColor</textcolor>
					</control>
					<control type="label">
						<visible>Container(9010).HasNext</visible>
						<top>858</top>
						<width>30</width>
						<height>30</height>
						<align>center</align>
						<label>t</label>
						<font>IconTiny</font>
						<textcolor>DisabledColor</textcolor>
					</control>
				</control>
			</control>
		</control>
	</include>
	<include name="SubmenuListContent">
		<itemlayout height="$PARAM[SubmenuItemHeight]" width="$PARAM[SubmenuItemWidth]">
			<control type="image">
				<width>$PARAM[SubmenuItemWidth]</width>
				<height>$PARAM[SubmenuItemHeight]</height>
				<texture>blank.png</texture>
				<visible>!Skin.HasSetting(Enable.HorizontalMenu)</visible>
			</control>
			<control type="label">
				<width>$PARAM[SubmenuItemWidth]</width>
				<height>$PARAM[SubmenuItemHeight]</height>
				<font>SubMenuFont</font>
				<textcolor>TitleTextColor</textcolor>
				<textoffsetx>$PARAM[SubmenuTextOffset]</textoffsetx>
				<selectedcolor>TitleTextColor</selectedcolor>
				<align>$PARAM[SubmenuAlign]</align>
				<label>$INFO[ListItem.Label]</label>
			</control>
		</itemlayout>
		<focusedlayout height="$PARAM[SubmenuItemHeight]" width="$PARAM[SubmenuItemWidth]">
			<control type="image">
				<width>$PARAM[SubmenuItemWidth]</width>
				<height>$PARAM[SubmenuItemHeight]</height>
				<texture>blank.png</texture>
				<visible>!Skin.HasSetting(Enable.HorizontalMenu)</visible>
			</control>
			<control type="group">
				<visible>Control.HasFocus(9010)</visible>
				<control type="label">
					<width>$PARAM[SubmenuItemWidth]</width>
					<height>$PARAM[SubmenuItemHeight]</height>
					<font>SubMenuFont</font>
					<textcolor>TitleTextColor</textcolor>
					<textoffsetx>$PARAM[SubmenuTextOffset]</textoffsetx>
					<align>$PARAM[SubmenuAlign]</align>
					<label>$INFO[ListItem.Label]</label>
				</control>
			</control>
			<control type="group">
				<visible>!Control.HasFocus(9010)</visible>
				<control type="label">
					<width>$PARAM[SubmenuItemWidth]</width>
					<height>$PARAM[SubmenuItemHeight]</height>
					<font>SubMenuFont</font>
					<textcolor>TitleTextColor</textcolor>
					<textoffsetx>$PARAM[SubmenuTextOffset]</textoffsetx>
					<align>$PARAM[SubmenuAlign]</align>
					<label>$INFO[ListItem.Label]</label>
				</control>
			</control>
		</focusedlayout>
		<content>
			<include>skinshortcuts-submenu</include>
		</content>
	</include>


<!-- 	<include name="Art1Picker"> -->
<!-- 		<param name="CurrentView" /> -->
<!-- 		<param name="CurrentContent" /> -->
<!-- 		<definition> -->
<!-- 			<item> -->
<!-- 				<description>Description</description> -->
<!-- 				<label>$PARAM[CurrentView] - $PARAM[CurrentContent] - $LOCALIZE[31152]</label> -->
<!-- 			</item> -->


<!-- 			<item> -->
<!-- 				<description>Wall - Poster</description> -->
<!-- 				<label>31016</label> -->
<!-- 				<onclick>Skin.Reset(Enable.IconLandscape)</onclick> -->
<!-- 				<onclick>Skin.Reset(Enable.IconBanner)</onclick> -->
<!-- 				<onclick>Skin.Reset(Enable.IconLogo)</onclick> -->
<!-- 				<visible>String.IsEqual(Control.GetLabel(10101),Wall)</visible> -->
<!-- 			</item> -->
<!-- 			<item> -->
<!-- 				<description>Wall - Landscape</description> -->
<!-- 				<label>31100</label> -->
<!-- 				<onclick>Skin.Reset(Enable.IconBanner)</onclick> -->
<!-- 				<onclick>Skin.Reset(Enable.IconLogo)</onclick> -->
<!-- 				<onclick>Skin.SetBool(Enable.IconLandscape)</onclick> -->
<!-- 				<visible>String.IsEqual(Control.GetLabel(10101),Wall) + !Container.Content(seasons)</visible> -->
<!-- 			</item> -->
<!-- 			<item> -->
<!-- 				<description>Wall - Banner</description> -->
<!-- 				<label>31085</label> -->
<!-- 				<onclick>Skin.Reset(Enable.IconLandscape)</onclick> -->
<!-- 				<onclick>Skin.Reset(Enable.IconLogo)</onclick> -->
<!-- 				<onclick>Skin.SetBool(Enable.IconBanner)</onclick> -->
<!-- 				<visible>String.IsEqual(Control.GetLabel(10101),Wall)</visible> -->
<!-- 			</item> -->
<!-- 			<item> -->
<!-- 				<description>Wall - Logo</description> -->
<!-- 				<label>31088</label> -->
<!-- 				<onclick>Skin.Reset(Enable.IconLandscape)</onclick> -->
<!-- 				<onclick>Skin.Reset(Enable.IconBanner)</onclick> -->
<!-- 				<onclick>Skin.SetBool(Enable.IconLogo)</onclick> -->
<!-- 				<visible>String.IsEqual(Control.GetLabel(10101),Wall) + !Container.Content(seasons)</visible> -->
<!-- 			</item> -->
<!-- 			<item> -->
<!-- 				<description>Shift - Poster</description> -->
<!-- 				<label>31016</label> -->
<!-- 				<onclick>Skin.Reset(Enable.ShiftVidFanart)</onclick> -->
<!-- 				<onclick>Skin.Reset(Enable.ShiftLandscape)</onclick> -->
<!-- 				<visible>String.IsEqual(Control.GetLabel(10101),Shift) + Window.IsActive(videos)</visible> -->
<!-- 			</item> -->
<!-- 			<item> -->
<!-- 				<description>Shift - Fanart</description> -->
<!-- 				<label>20445</label> -->
<!-- 				<onclick>Skin.Reset(Enable.ShiftLandscape)</onclick> -->
<!-- 				<onclick>Skin.SetBool(Enable.ShiftVidFanart)</onclick> -->
<!-- 				<visible>String.IsEqual(Control.GetLabel(10101),Shift) + Window.IsActive(videos)</visible> -->
<!-- 			</item> -->
<!-- 			<item> -->
<!-- 				<description>Shift - Landscape</description> -->
<!-- 				<label>31100</label> -->
<!-- 				<onclick>Skin.Reset(Enable.ShiftVidFanart)</onclick> -->
<!-- 				<onclick>Skin.SetBool(Enable.ShiftLandscape)</onclick> -->
<!-- 				<visible>String.IsEqual(Control.GetLabel(10101),Shift) + Window.IsActive(videos)</visible> -->
<!-- 			</item> -->
<!-- 			<item> -->
<!-- 				<description>Shift - Thumbnail</description> -->
<!-- 				<label>21371</label> -->
<!-- 				<onclick>Skin.Reset(Enable.ShiftFanart)</onclick> -->
<!-- 				<visible>String.IsEqual(Control.GetLabel(10101),Shift) + Window.IsActive(music)</visible> -->
<!-- 			</item> -->
<!-- 			<item> -->
<!-- 				<description>Shift - Fanart</description> -->
<!-- 				<label>20445</label> -->
<!-- 				<onclick>Skin.SetBool(Enable.ShiftFanart)</onclick> -->
<!-- 				<visible>String.IsEqual(Control.GetLabel(10101),Shift) + Window.IsActive(music)</visible> -->
<!-- 			</item> -->
<!-- 			<item> -->
<!-- 				<description>InfoWall - Poster</description> -->
<!-- 				<label>31016</label> -->
<!-- 				<onclick>Skin.Reset(InfoWall.Banners)</onclick> -->
<!-- 				<onclick>Skin.Reset(InfoWall.Logo)</onclick> -->
<!-- 				<visible>String.IsEqual(Control.GetLabel(10101),InfoWall)</visible> -->
<!-- 			</item> -->
<!-- 			<item> -->
<!-- 				<description>InfoWall - Banner</description> -->
<!-- 				<label>31085</label> -->
<!-- 				<onclick>Skin.Reset(InfoWall.Logo)</onclick> -->
<!-- 				<onclick>Skin.SetBool(InfoWall.Banners)</onclick> -->
<!-- 				<visible>String.IsEqual(Control.GetLabel(10101),InfoWall)</visible> -->
<!-- 			</item> -->
<!-- 			<item> -->
<!-- 				<description>InfoWall - Logo</description> -->
<!-- 				<label>31088</label> -->
<!-- 				<onclick>Skin.Reset(InfoWall.Banners)</onclick> -->
<!-- 				<onclick>Skin.SetBool(InfoWall.Logo)</onclick> -->
<!-- 				<visible>String.IsEqual(Control.GetLabel(10101),InfoWall) + !Container.Content(seasons)</visible> -->
<!-- 			</item> -->
<!-- 			<item> -->
<!-- 				<description>BigWall - Poster</description> -->
<!-- 				<label>31016</label> -->
<!-- 				<onclick>Skin.Reset(Enable.WallLandscape)</onclick> -->
<!-- 				<onclick>Skin.Reset(Enable.WallBanner)</onclick> -->
<!-- 				<onclick>Skin.Reset(Enable.WallLogo)</onclick> -->
<!-- 				<visible>String.IsEqual(Control.GetLabel(10101),BigWall)</visible> -->
<!-- 			</item> -->
<!-- 			<item> -->
<!-- 				<description>BigWall - Landscape</description> -->
<!-- 				<label>31100</label> -->
<!-- 				<onclick>Skin.Reset(Enable.WallBanner)</onclick> -->
<!-- 				<onclick>Skin.Reset(Enable.WallLogo)</onclick> -->
<!-- 				<onclick>Skin.SetBool(Enable.WallLandscape)</onclick> -->
<!-- 				<visible>String.IsEqual(Control.GetLabel(10101),BigWall) + !Container.Content(seasons)</visible> -->
<!-- 			</item> -->
<!-- 			<item> -->
<!-- 				<description>BigWall - Banner</description> -->
<!-- 				<label>31085</label> -->
<!-- 				<onclick>Skin.Reset(Enable.WallLandscape)</onclick> -->
<!-- 				<onclick>Skin.Reset(Enable.WallLogo)</onclick> -->
<!-- 				<onclick>Skin.SetBool(Enable.WallBanner)</onclick> -->
<!-- 				<visible>String.IsEqual(Control.GetLabel(10101),BigWall)</visible> -->
<!-- 			</item> -->
<!-- 			<item> -->
<!-- 				<description>BigWall - Logo</description> -->
<!-- 				<label>31088</label> -->
<!-- 				<onclick>Skin.Reset(Enable.WallLandscape)</onclick> -->
<!-- 				<onclick>Skin.Reset(Enable.WallBanner)</onclick> -->
<!-- 				<onclick>Skin.SetBool(Enable.WallLogo)</onclick> -->
<!-- 				<visible>String.IsEqual(Control.GetLabel(10101),BigWall) + !Container.Content(seasons)</visible> -->
<!-- 			</item> -->
<!-- 			<item> -->
<!-- 				<description>BigList - Poster</description> -->
<!-- 				<label>31016</label> -->
<!-- 				<onclick>Skin.Reset(Enable.BigListFanart)</onclick> -->
<!-- 				<onclick>Skin.Reset(Enable.BigListLogo)</onclick> -->
<!-- 				<onclick>Skin.SetBool(Enable.BigListPoster)</onclick> -->
<!-- 				<visible>String.IsEqual(Control.GetLabel(10101),BigList) + [Container.Content(movies) | Container.Content(tvshows)]</visible> -->
<!-- 			</item> -->
<!-- 			<item> -->
<!-- 				<description>BigList - Fanart</description> -->
<!-- 				<label>20445</label> -->
<!-- 				<onclick>Skin.Reset(Enable.BigListPoster)</onclick> -->
<!-- 				<onclick>Skin.Reset(Enable.BigListLogo)</onclick> -->
<!-- 				<onclick>Skin.SetBool(Enable.BigListFanart)</onclick> -->
<!-- 				<visible>String.IsEqual(Control.GetLabel(10101),BigList) + [Container.Content(movies) | Container.Content(tvshows)]</visible> -->
<!-- 			</item> -->
<!-- 			<item> -->
<!-- 				<description>BigList - Landscape</description> -->
<!-- 				<label>31100</label> -->
<!-- 				<onclick>Skin.Reset(Enable.BigListPoster)</onclick> -->
<!-- 				<onclick>Skin.Reset(Enable.BigListFanart)</onclick> -->
<!-- 				<onclick>Skin.Reset(Enable.BigListLogo)</onclick> -->
<!-- 				<visible>String.IsEqual(Control.GetLabel(10101),BigList) + [Container.Content(movies) | Container.Content(tvshows)]</visible> -->
<!-- 			</item> -->
<!-- 			<item> -->
<!-- 				<description>BigList - Logo</description> -->
<!-- 				<label>31088</label> -->
<!-- 				<onclick>Skin.Reset(Enable.BigListPoster)</onclick> -->
<!-- 				<onclick>Skin.Reset(Enable.BigListFanart)</onclick> -->
<!-- 				<onclick>Skin.SetBool(Enable.BigListLogo)</onclick> -->
<!-- 				<visible>String.IsEqual(Control.GetLabel(10101),BigList) + [Container.Content(movies) | Container.Content(tvshows)]</visible> -->
<!-- 			</item> -->
<!-- 			<item> -->
<!-- 				<description>BigList - Fanart (Music)</description> -->
<!-- 				<label>20445</label> -->
<!-- 				<onclick>Skin.Reset(Enable.BigListThumb)</onclick> -->
<!-- 				<visible>String.IsEqual(Control.GetLabel(10101),BigList) + Container.Content(artists)</visible> -->
<!-- 			</item> -->
<!-- 			<item> -->
<!-- 				<description>BigList - Thumb (Music)</description> -->
<!-- 				<label>21371</label> -->
<!-- 				<onclick>Skin.SetBool(Enable.BigListThumb)</onclick> -->
<!-- 				<visible>String.IsEqual(Control.GetLabel(10101),BigList) + [Container.Content(artists) | Container.Content(albums)]</visible> -->
<!-- 			</item> -->
<!-- 			<item> -->
<!-- 				<description>Panel - Fanart</description> -->
<!-- 				<label>20445</label> -->
<!-- 				<onclick>Skin.Reset(Enable.PanelLogo)</onclick> -->
<!-- 				<onclick>Skin.SetBool(Enable.PanelFanart)</onclick> -->
<!-- 				<visible>String.IsEqual(Control.GetLabel(10101),Panel)</visible> -->
<!-- 			</item> -->
<!-- 			<item> -->
<!-- 				<description>Panel - Landscape</description> -->
<!-- 				<label>31100</label> -->
<!-- 				<onclick>Skin.Reset(Enable.PanelFanart)</onclick> -->
<!-- 				<onclick>Skin.Reset(Enable.PanelLogo)</onclick> -->
<!-- 				<visible>String.IsEqual(Control.GetLabel(10101),Panel)</visible> -->
<!-- 			</item> -->
<!-- 			<item> -->
<!-- 				<description>Panel - Logo</description> -->
<!-- 				<label>31088</label> -->
<!-- 				<onclick>Skin.Reset(Enable.PanelFanart)</onclick> -->
<!-- 				<onclick>Skin.SetBool(Enable.PanelLogo)</onclick> -->
<!-- 				<visible>String.IsEqual(Control.GetLabel(10101),Panel)</visible> -->
<!-- 			</item> -->
<!-- 			<item> -->
<!-- 				<description>Thumbnail - Poster</description> -->
<!-- 				<label>31016</label> -->
<!-- 				<onclick>Skin.Reset(Enable.ThumbnailFanart)</onclick> -->
<!-- 				<onclick>Skin.Reset(Enable.ThumbnailLandscape)</onclick> -->
<!-- 				<onclick>Skin.Reset(Enable.ThumbnailLogo)</onclick> -->
<!-- 				<onclick>ReloadSkin()</onclick> -->
<!-- 				<visible>String.IsEqual(Control.GetLabel(10101),Thumbnail) + [Container.Content(movies) | Container.Content(tvshows) | Container.Content(seasons) | Container.Content(sets)] -->
<!-- 				</visible> -->
<!-- 			</item> -->
<!-- 			<item> -->
<!-- 				<description>Thumbnail - Fanart</description> -->
<!-- 				<label>20445</label> -->
<!-- 				<onclick>Skin.SetBool(Enable.ThumbnailFanart)</onclick> -->
<!-- 				<onclick>Skin.Reset(Enable.ThumbnailLandscape)</onclick> -->
<!-- 				<onclick>Skin.Reset(Enable.ThumbnailLogo)</onclick> -->
<!-- 				<onclick>ReloadSkin()</onclick> -->
<!-- 				<visible>String.IsEqual(Control.GetLabel(10101),Thumbnail) + [Container.Content(movies) | Container.Content(tvshows) | Container.Content(seasons) | Container.Content(sets)] -->
<!-- 				</visible> -->
<!-- 			</item> -->
<!-- 			<item> -->
<!-- 				<description>Thumbnail - Landscape</description> -->
<!-- 				<label>31100</label> -->
<!-- 				<onclick>Skin.Reset(Enable.ThumbnailFanart)</onclick> -->
<!-- 				<onclick>Skin.SetBool(Enable.ThumbnailLandscape)</onclick> -->
<!-- 				<onclick>Skin.Reset(Enable.ThumbnailLogo)</onclick> -->
<!-- 				<onclick>ReloadSkin()</onclick> -->
<!-- 				<visible>String.IsEqual(Control.GetLabel(10101),Thumbnail) + [Container.Content(movies) | Container.Content(tvshows)]</visible> -->
<!-- 			</item> -->
<!-- 			<item> -->
<!-- 				<description>Thumbnail - Logo</description> -->
<!-- 				<label>31088</label> -->
<!-- 				<onclick>Skin.Reset(Enable.ThumbnailFanart)</onclick> -->
<!-- 				<onclick>Skin.Reset(Enable.ThumbnailLandscape)</onclick> -->
<!-- 				<onclick>Skin.SetBool(Enable.ThumbnailLogo)</onclick> -->
<!-- 				<onclick>ReloadSkin()</onclick> -->
<!-- 				<visible>String.IsEqual(Control.GetLabel(10101),Thumbnail) + [Container.Content(movies) | Container.Content(tvshows)]</visible> -->
<!-- 			</item> -->
<!-- 			<item> -->
<!-- 				<description>Fanart - Poster</description> -->
<!-- 				<label>31016</label> -->
<!-- 				<onclick>Skin.Reset(Enable.FanartFanart)</onclick> -->
<!-- 				<onclick>Skin.Reset(Enable.FanartLandscape)</onclick> -->
<!-- 				<onclick>Skin.Reset(Enable.FanartLogo)</onclick> -->
<!-- 				<visible>String.IsEqual(Control.GetLabel(10101),Fanart) + [Container.Content(movies) | Container.Content(tvshows) | Container.Content(seasons) | Container.Content(sets)] -->
<!-- 				</visible> -->
<!-- 			</item> -->
<!-- 			<item> -->
<!-- 				<description>Fanart - Fanart</description> -->
<!-- 				<label>20445</label> -->
<!-- 				<onclick>Skin.SetBool(Enable.FanartFanart)</onclick> -->
<!-- 				<onclick>Skin.Reset(Enable.FanartLandscape)</onclick> -->
<!-- 				<onclick>Skin.Reset(Enable.FanartLogo)</onclick> -->
<!-- 				<visible>String.IsEqual(Control.GetLabel(10101),Fanart) + [Container.Content(movies) | Container.Content(tvshows) | Container.Content(seasons) | Container.Content(sets)] -->
<!-- 				</visible> -->
<!-- 			</item> -->
<!-- 			<item> -->
<!-- 				<description>Fanart - Landscape</description> -->
<!-- 				<label>31100</label> -->
<!-- 				<onclick>Skin.Reset(Enable.FanartFanart)</onclick> -->
<!-- 				<onclick>Skin.SetBool(Enable.FanartLandscape)</onclick> -->
<!-- 				<onclick>Skin.Reset(Enable.FanartLogo)</onclick> -->
<!-- 				<visible>String.IsEqual(Control.GetLabel(10101),Fanart) + [Container.Content(movies) | Container.Content(tvshows)]</visible> -->
<!-- 			</item> -->
<!-- 			<item> -->
<!-- 				<description>Fanart - Logo</description> -->
<!-- 				<label>31088</label> -->
<!-- 				<onclick>Skin.Reset(Enable.FanartFanart)</onclick> -->
<!-- 				<onclick>Skin.Reset(Enable.FanartLandscape)</onclick> -->
<!-- 				<onclick>Skin.SetBool(Enable.FanartLogo)</onclick> -->
<!-- 				<visible>String.IsEqual(Control.GetLabel(10101),Fanart) + [Container.Content(movies) | Container.Content(tvshows)]</visible> -->
<!-- 			</item> -->
<!-- 		</definition> -->
<!-- 	</include> -->


	<include name="Art1Picker">
		<param name="CurrentView" />
		<param name="CurrentContent" />
		<definition>
			<item>
				<description>Description</description>
				<label>$PARAM[CurrentView] - $PARAM[CurrentContent] - $LOCALIZE[31152]</label>
			</item>
			<item>
				<description>Poster</description>
				<label>31016</label>
				<onclick>Skin.SetString($PARAM[CurrentView].$PARAM[CurrentContent].Art1,poster)</onclick>
			</item>
			<item>
				<description>Banner</description>
				<label>31085</label>
				<onclick>Skin.SetString($PARAM[CurrentView].$PARAM[CurrentContent].Art1,banner)</onclick>
			</item>
			<item>
				<description>Logo</description>
				<label>31088</label>
				<onclick>Skin.SetString($PARAM[CurrentView].$PARAM[CurrentContent].Art1,logo)</onclick>
			</item>
			<item>
				<description>Fanart</description>
				<label>20445</label>
				<onclick>Skin.SetString($PARAM[CurrentView].$PARAM[CurrentContent].Art1,fanart)</onclick>
			</item>
			<item>
				<description>Landscape</description>
				<label>31100</label>
				<onclick>Skin.SetString($PARAM[CurrentView].$PARAM[CurrentContent].Art1,landscape)</onclick>
			</item>
			<item>
				<description>Thumb</description>
				<label>21371</label>
				<onclick>Skin.SetString($PARAM[CurrentView].$PARAM[CurrentContent].Art1,thumb)</onclick>
			</item>

		</definition>
	</include>


	<include name="Art2Picker">
		<param name="CurrentView" />
		<param name="CurrentContent" />
		<definition>
			<item>
				<description>Description</description>
				<label>$PARAM[CurrentView] - $PARAM[CurrentContent] - $LOCALIZE[31152] 2</label>
			</item>
			<item>
				<description>List Art 2 - Poster</description>
				<label>31016</label>
				<onclick>Skin.SetString($PARAM[CurrentView].$PARAM[CurrentContent].Art2,poster)</onclick>
			</item>
			<item>
				<description>List Art 2 - Banner</description>
				<label>31085</label>
				<onclick>Skin.SetString($PARAM[CurrentView].$PARAM[CurrentContent].Art2,banner)</onclick>
			</item>
			<item>
				<description>List Art 2 - Logo</description>
				<label>31088</label>
				<onclick>Skin.SetString($PARAM[CurrentView].$PARAM[CurrentContent].Art2,logo)</onclick>
			</item>
			<item>
				<description>List Art 2 - Fanart</description>
				<label>20445</label>
				<onclick>Skin.SetString($PARAM[CurrentView].$PARAM[CurrentContent].Art2,fanart)</onclick>
			</item>
			<item>
				<description>List Art 2 - Landscape</description>
				<label>31100</label>
				<onclick>Skin.SetString($PARAM[CurrentView].$PARAM[CurrentContent].Art2,landscape)</onclick>
			</item>
			<item>
				<description>List Art 2 - Thumb</description>
				<label>21371</label>
				<onclick>Skin.SetString($PARAM[CurrentView].$PARAM[CurrentContent].Art2,thumb)</onclick>
			</item>

		</definition>
	</include>

	<include name="ButtonMenuList">
		<left>0</left>
		<top>80</top>
		<width>600</width>
		<height>700</height>
		<onleft>9000</onleft>
		<onright>9000</onright>
		<onup>9000</onup>
		<ondown>9000</ondown>
		<orientation>vertical</orientation>
		<itemlayout height="70" width="600">
			<control type="image">
				<left>0</left>
				<top>0</top>
				<width>600</width>
				<height>70</height>
				<texture colordiffuse="dialog_tint">colors/white.png</texture>
			</control>
			<control type="label">
				<left>0</left>
				<textoffsetx>20</textoffsetx>
				<top>0</top>
				<width>600</width>
				<height>70</height>
				<align>center</align>
				<aligny>center</aligny>
				<textcolor>grey</textcolor>
				<label>$INFO[ListItem.Label]</label>
			</control>
		</itemlayout>
		<focusedlayout height="70" width="600">
			<control type="image">
				<left>0</left>
				<top>0</top>
				<width>600</width>
				<height>70</height>
				<texture colordiffuse="dialog_tint">colors/white.png</texture>
			</control>
			<control type="image">
				<left>0</left>
				<top>0</top>
				<width>600</width>
				<height>70</height>
				<texture colordiffuse="button_focus">lists/focus.png</texture>
			</control>
			<control type="label">
				<left>0</left>
				<textoffsetx>20</textoffsetx>
				<top>0</top>
				<width>600</width>
				<height>70</height>
				<align>center</align>
				<aligny>center</aligny>
				<label>$INFO[ListItem.Label]</label>
			</control>
		</focusedlayout>
	</include>



</includes>