<?xml version="1.0" encoding="UTF-8"?>
<window id="1127" type="dialog">
    <defaultcontrol always="true">90100</defaultcontrol>
    <coordinates>
        <system>1</system>
        <left>614</left>
        <top>330</top>
    </coordinates>
    <include>Animation.Dialog</include>
    <controls>
        <include content="DialogBackgroundCommons">
            <param name="DialogBackgroundWidth" value="692" />
            <param name="DialogBackgroundHeight" value="420" />
            <param name="DialogHeaderLabel" value="$LOCALIZE[31091]" />
            <param name="DialogHeaderId" value="1" />
        </include>
        <control type="grouplist" id="90100">
            <left>32</left>
            <top>88</top>
            <width>630</width>
            <height>480</height>
            <itemgap>0</itemgap>
            <onup>90100</onup>
            <ondown>90100</ondown>
            <onleft>90100</onleft>
            <onright>90100</onright>
            <control type="radiobutton" id="90101">
                <height>100</height>
                <width>690</width>
                <label>13404</label>
                <onclick>Skin.ToggleSetting(Disable.ResumableOverlay)</onclick>
                <selected>!Skin.HasSetting(Disable.ResumableOverlay)</selected>
                <textoffsetx>80</textoffsetx>
            </control>
            <control type="radiobutton" id="90102">
                <height>100</height>
                <width>690</width>
                <label>16102</label>
                <onclick>Skin.ToggleSetting(Disable.WatchedOverlay)</onclick>
                <selected>!Skin.HasSetting(Disable.WatchedOverlay)</selected>
                <textoffsetx>80</textoffsetx>
            </control>
            <control type="radiobutton" id="90103">
                <height>100</height>
                <width>690</width>
                <label>16101</label>
                <onclick>Skin.ToggleSetting(Enable.UnwatchedOverlay)</onclick>
                <selected>Skin.HasSetting(Enable.UnwatchedOverlay)</selected>
                <textoffsetx>80</textoffsetx>
            </control>
        </control>
        <control type="label">
            <left>32</left>
            <top>88</top>
            <width>80</width>
            <height>100</height>
            <font>IconSmall</font>
            <align>center</align>
            <label>S</label>
        </control>
        <control type="label">
            <left>32</left>
            <top>188</top>
            <width>80</width>
            <height>100</height>
            <font>IconSmall</font>
            <align>center</align>
            <label>T</label>
        </control>
        <control type="label">
            <left>32</left>
            <top>288</top>
            <width>80</width>
            <height>100</height>
            <font>IconSmall</font>
            <align>center</align>
            <label>R</label>
        </control>
        <control type="label">
            <left>32</left>
            <top>187</top>
            <width>80</width>
            <height>100</height>
            <align>center</align>
            <font>IconTiny</font>
            <textcolor>NormalTextColor</textcolor>
            <label>A</label>
        </control>
    </controls>
</window>