<?xml version="1.0" encoding="UTF-8"?>
<includes>

	<include name="MusicInfoSide">
		<control type="grouplist">
			<animation effect="slide" time="300" tween="sine" easing="inout" start="0" end="-25" condition="Skin.HasSetting(InfoWall.Banners)">Conditional</animation>
			<itemgap>15</itemgap>

			<control type="group">
				<height>384</height>
				<visible>!String.IsEmpty(ListItem.Art(fanart))</visible>

				<control type="image">
					<width>680</width>
					<height>384</height>
					<aspectratio scalediffuse="false">scale</aspectratio>
					<texture background="true" diffuse="diffuse/infowall-fanart.png">$INFO[ListItem.Art(fanart)]</texture>
					<fadetime>400</fadetime>
					<visible>!String.IsEmpty(ListItem.Art(fanart))</visible>
				</control>

				<control type="image">
					<visible>$EXP[isSong] | $EXP[isAlbum]</visible>
					<left>5</left>
					<top>5</top>
					<width>130</width>
					<height>50</height>
					<aspectratio align="center" aligny="center">keep</aspectratio>
					<texture>$VAR[AudioSourceFlagVar,flags/source/,.png]</texture>
				</control>
			</control>
			<control type="image">
				<visible>String.IsEmpty(ListItem.Art(fanart)) +[$EXP[isSong] | $EXP[isAlbum]]</visible>
				<width>130</width>
				<height>50</height>
				<aspectratio align="center" aligny="center">keep</aspectratio>
				<texture>$VAR[AudioSourceFlagVar,flags/source/,.png]</texture>
			</control>

			<control type="image">
				<visible>$EXP[isSong]</visible>
				<width>130</width>
				<height>50</height>
				<texture background="true" colordiffuse="maintext">$INFO[ListItem.FileExtension,flags/audiocodec/,.png]</texture>
			</control>


			<control type="label">
				<visible>Container.Content(albums)</visible>
				<width>680</width>
				<height>40</height>
				<font>font30</font>
				<aligny>bottom</aligny>
				<scroll>true</scroll>
				<label>$INFO[ListItem.Album]$INFO[ListItem.Year, (,)]</label>
			</control>
			<control type="label">
				<visible>Container.Content(artists)</visible>
				<width>680</width>
				<height>40</height>
				<font>font30</font>
				<aligny>bottom</aligny>
				<scroll>true</scroll>
				<label>$VAR[FloorLabelVar]</label>
			</control>
			<control type="label">
				<label>$INFO[ListItem.Artist]</label>
				<width>680</width>
				<height>42</height>
				<aligny>top</aligny>
				<font>font14</font>
				<textcolor>highlight</textcolor>
				<visible>Container.Content(albums)</visible>
			</control>

			<control type="label">
				<label>$INFO[ListItem.Property(Artist_Genre)]</label>
				<width>680</width>
				<height>42</height>
				<font>font14</font>
				<aligny>top</aligny>
				<textcolor>highlight</textcolor>
				<visible>Container.Content(artists)</visible>
			</control>
			<control type="textbox">
				<label>$VAR[MusicPlotVar]</label>
				<width>680</width>
				<height>270</height>
				<font>font14_textbox</font>
				<autoscroll delay="5000" time="3000" repeat="5000">true</autoscroll>
			</control>
		</control>
	</include>

	<include name="VideoInfoSide">
		<control type="grouplist">
			<animation effect="slide" time="300" tween="sine" easing="inout" start="0" end="-25" condition="Skin.HasSetting(InfoWall.Banners)">Conditional</animation>
			<itemgap>15</itemgap>

			<control type="multiimage">
			   <description>Image when not Poster, Logo or Banner (scaled landscape)</description>
				<visible>
					![
						  [Control.IsVisible(50) + Skin.HasSetting(List.Art2.Poster)] 
						| [Control.IsVisible(51) + Skin.HasSetting(InfoWall.Art2.Poster)] 
						| [Control.IsVisible(50) + Skin.HasSetting(List.Art2.Banner)] 
						| [Control.IsVisible(51) + Skin.HasSetting(InfoWall.Art2.Banner)] 
						| [Control.IsVisible(50) + Skin.HasSetting(List.Art2.Logo)] 
						| [Control.IsVisible(51) + Skin.HasSetting(InfoWall.Art2.Logo)] 
						| [Control.IsVisible(50) + Skin.HasSetting(List.Art2.Thumb)] 
						| [Control.IsVisible(51) + Skin.HasSetting(InfoWall.Art2.Thumb)] 
					]	
					+ !Container.Content(files)
					+ !Container.Content(episodes)
					+ !Container.Content(videos)
				</visible>
				<width>680</width>
				<height>384</height>
				<aspectratio scalediffuse="false">scale</aspectratio>
				<imagepath background="true" diffuse="diffuse/infowall-fanart.png">$VAR[ExtraFanartVar]</imagepath>
			</control>

			<control type="multiimage">
				<description>Image when Banner</description>
				<visible>
					[
					  	  [Control.IsVisible(50) + Skin.HasSetting(List.Art2.Banner)] 
						| [Control.IsVisible(51) + Skin.HasSetting(InfoWall.Art2.Banner)] 
					]				
					+ !Container.Content(files)
					+ !Container.Content(episodes)
					+ !Container.Content(videos)
				</visible>
				<width>680</width>
				<height>130</height>
				<aspectratio scalediffuse="false">Keep</aspectratio>
				<imagepath background="true" diffuse="diffuse/infowall-fanart.png">$VAR[ExtraFanartVar]</imagepath>
			</control>


			<control type="multiimage">
				<description>Image when Thumb or Logo view (landscape shrink to fit)</description>
				<visible>
					[
						  [Control.IsVisible(50) + Skin.HasSetting(List.Art2.Logo)] 
						| [Control.IsVisible(51) + Skin.HasSetting(InfoWall.Art2.Logo)] 
						| [Control.IsVisible(50) + Skin.HasSetting(List.Art2.Thumb)] 
						| [Control.IsVisible(51) + Skin.HasSetting(InfoWall.Art2.Thumb)] 
					]				
					+ !Container.Content(files)
					+ !Container.Content(episodes)
					+ !Container.Content(videos)
				</visible>
				<width>680</width>
				<height>384</height>
				<aspectratio scalediffuse="false">Keep</aspectratio>
				<imagepath background="true" diffuse="diffuse/infowall-fanart.png">$VAR[ExtraFanartVar]</imagepath>
			</control>

			<control type="multiimage">
				<description>Image when Poster View (Tall shrink to fit)</description>
				<visible>
					[
						[Control.IsVisible(50) + Skin.HasSetting(List.Art2.Poster)] 
						| [Control.IsVisible(51) + Skin.HasSetting(InfoWall.Art2.Poster)] 
					]					
					+ !Container.Content(files)
					+ !Container.Content(episodes)
					+ !Container.Content(videos)
				</visible>
				<width>680</width>
				<height>680</height>
				<aspectratio scalediffuse="false">keep</aspectratio>
				<imagepath background="true" diffuse="diffuse/infowall-fanart.png">$VAR[ExtraFanartVar]</imagepath>
			</control>


			<control type="image">
				<visible>Container.Content(files) | Container.Content(episodes) | Container.Content(videos)</visible>
				<width>680</width>
				<height>384</height>
				<aspectratio scalediffuse="false">scale</aspectratio>
				<texture background="true" diffuse="diffuse/infowall-fanart.png">$VAR[ThumbVar]</texture>
				<fadetime>400</fadetime>
			</control>

			<control type="label">
				<width>680</width>
				<height>40</height>
				<font>font30</font>
				<scroll>true</scroll>
				<aligny>bottom</aligny>
				<label>$VAR[FloorLabelVar]</label>
			</control>
			<control type="label">
				<label>$VAR[InfoWallSubLabelVar]</label>
				<width>680</width>
				<height>42</height>
				<font>font14</font>
				<aligny>top</aligny>
				<textcolor>highlight</textcolor>
			</control>
			<control type="textbox">
				<visible>!String.IsEmpty(ListItem.AddonDescription)</visible>
				<description>Description</description>
				<width>680</width>
				<height>275</height>
				<font>font14_textbox</font>
				<label>$INFO[ListItem.AddonDescription]</label>
				<include>AutoscrollDefault</include>
			</control>
			<control type="textbox">
				<visible>
				![
					[Control.IsVisible(50) + Skin.HasSetting(List.Art2.Poster)] 
					| [Control.IsVisible(51) + Skin.HasSetting(InfoWall.Art2.Poster)] 
				]
				</visible>					
				<label>$VAR[VideoPlotVar]</label>
				<width>680</width>
 				<height>300</height>
				<font>font14_textbox</font>
				<autoscroll delay="5000" time="3000" repeat="5000">true</autoscroll>
			</control>

			<!-- <control type="group"> -->
			<!-- <width>560</width> -->
			<!-- <height>560</height> -->
			<!-- <visible>!$EXP[externalGenreIcon]+!Container.Content(addons) + !String.IsEqual(Container.Content,sources)</visible> -->
			<!-- <control type="image"> -->
			<!-- <width>560</width> -->
			<!-- <height>560</height> -->
			<!-- <aspectratio align="center" aligny="center" scalediffuse="false">keep</aspectratio> -->
			<!-- <texture background="true" diffuse="diffuse/list-square.png" fallback="DefaultFolder.png">$VAR[ThumbViewImage]</texture> -->
			<!-- <fadetime>IconCrossfadeTime</fadetime> -->
			<!-- </control> -->


		</control>
	</include>

</includes>