<?xml version="1.0" encoding="UTF-8"?>
<includes>
	<include name="WeatherMaps">
		<control type="group">
			<visible>Container(9000).HasFocus(6)</visible>
			<include>SettingsFadeEffect</include>
			<left>420</left>
			<top>0</top>
			<width>1420</width>
			<height>890</height>

			<control type="image">
				<visible>Control.HasFocus(310) + !Container(310).IsUpdating</visible>
				<animation effect="fade" time="320" delay="200">Visible</animation>
				<animation effect="fade" time="200">Hidden</animation>
				<left>0</left>
				<top>0</top>
				<width>1420</width>
				<height>890</height>
				<include>FocusedBackgroundFade</include>
				<texture colordiffuse="highlight" border="5">listselect_fo.png</texture>
				<animation effect="slide" end="0,360" time="300" tween="cubic" easing="inout" condition="Integer.IsGreater(Container(310).Row,1)">Conditional</animation>
				<animation effect="slide" end="0,360" time="300" tween="cubic" easing="inout" condition="Integer.IsGreater(Container(310).Row,0)">Conditional</animation>
				<animation effect="slide" end="700,0" time="300" tween="cubic" easing="inout" condition="Integer.IsGreater(Container(310).Column,0)">Conditional</animation>
			</control>

			<control type="panel" id="310">
				<left>15</left>
				<top>0</top>
				<width>1390</width>
				<height>890</height>
				<onup>310</onup>
				<ondown>310</ondown>
				<onleft>9000</onleft>
				<orientation>vertical</orientation>
				<scrolltime tween="quadratic" easing="out">200</scrolltime>
				<itemlayout height="890" width="1420">

					<control type="image">
						<visible>Skin.HasSetting(Enable.ZoomRadar) + !isEmpty(ListItem.Property(Area))</visible>
						<width>1390</width>
						<height>860</height>
						<texture background="true" xdiffuse="diffuse/weathermap.png">$INFO[ListItem.Property(Area)]</texture>
						<aspectratio scalediffuse="false">scale</aspectratio>
					</control>
					<control type="image">
						<visible>!Skin.HasSetting(Enable.ZoomRadar) + !isEmpty(ListItem.Property(Area))</visible>
						<width>1390</width>
						<height>860</height>
						<texture background="true" xdiffuse="diffuse/weathermap.png">$INFO[ListItem.Property(Area)]</texture>
						<aspectratio scalediffuse="false">keep</aspectratio>
					</control>

					<control type="image">
						<visible>!Skin.HasSetting(Enable.ZoomRadar) + !isEmpty(ListItem.Property(Layer))</visible>
						<width>1390</width>
						<height>860</height>
						<texture background="true" xdiffuse="diffuse/weathermap.png">$INFO[ListItem.Property(Layer)]</texture>
						<aspectratio scalediffuse="false">keep</aspectratio>
					</control>
					<control type="image">
						<visible>Skin.HasSetting(Enable.ZoomRadar) + !isEmpty(ListItem.Property(Layer))</visible>
						<width>1390</width>
						<height>860</height>
						<texture background="true" xdiffuse="diffuse/weathermap.png">$INFO[ListItem.Property(Layer)]</texture>
						<aspectratio scalediffuse="false">scale</aspectratio>
					</control>

					<control type="image">
						<visible>!isEmpty(ListItem.Property(Legend))</visible>
						<top>700</top>
						<width>1390</width>
						<height>60</height>
						<texture>$INFO[ListItem.Property(Legend)]</texture>
						<aspectratio align="right" aligny="bottom">keep</aspectratio>
					</control>

					<control type="textbox">
						<width>1390</width>
						<height>30</height>
						<top>860</top>
						<font>font13</font>
						<selectedcolor>highlight</selectedcolor>
						<scrolltime>200</scrolltime>
						<autoscroll delay="3000" time="1000" repeat="10000"></autoscroll>
						<label>$INFO[ListItem.Label]</label>
					</control>
				</itemlayout>
				<focusedlayout height="890" width="1420">
					<control type="image">
						<visible>!Skin.HasSetting(Enable.ZoomRadar) + !isEmpty(ListItem.Property(Area))</visible>
						<width>1390</width>
						<height>860</height>
						<texture background="true" xdiffuse="diffuse/weathermap.png">$INFO[ListItem.Property(Area)]</texture>
						<aspectratio scalediffuse="false">keep</aspectratio>
					</control>
					<control type="image">
						<visible>Skin.HasSetting(Enable.ZoomRadar) + !isEmpty(ListItem.Property(Area))</visible>
						<width>1390</width>
						<height>860</height>
						<texture background="true" xdiffuse="diffuse/weathermap.png">$INFO[ListItem.Property(Area)]</texture>
						<aspectratio scalediffuse="false">scale</aspectratio>
					</control>
					<!-- <control type="multiimage"> -->
					<!-- <width>1390</width> -->
					<!-- <height>760</height> -->
					<!-- <imagepath background="true">$INFO[ListItem.Property(Area)]</imagepath> -->
					<!-- <aspectratio scalediffuse="false">keep</aspectratio> -->
					<!-- <pauseatend>3000</pauseatend> -->
					<!-- <randomize>false</randomize> -->
					<!-- <loop>yes</loop> -->
					<!-- </control> -->
					<control type="image">
						<visible>!Skin.HasSetting(Enable.ZoomRadar) + !isEmpty(ListItem.Property(Layer))</visible>
						<width>1390</width>
						<height>860</height>
						<texture background="true" xdiffuse="diffuse/weathermap.png">$INFO[ListItem.Property(Layer)]</texture>
						<aspectratio scalediffuse="false">keep</aspectratio>
					</control>
					<control type="image">
						<visible>Skin.HasSetting(Enable.ZoomRadar) + !isEmpty(ListItem.Property(Layer))</visible>
						<width>1390</width>
						<height>860</height>
						<texture background="true" xdiffuse="diffuse/weathermap.png">$INFO[ListItem.Property(Layer)]</texture>
						<aspectratio scalediffuse="false">scale</aspectratio>
					</control>

					<control type="image">
						<visible>!isEmpty(ListItem.Property(Legend))</visible>
						<top>700</top>
						<width>1390</width>
						<height>60</height>
						<texture>$INFO[ListItem.Property(Legend)]</texture>
						<aspectratio align="right" aligny="bottom">keep</aspectratio>
					</control>

					<control type="textbox">
						<width>1420</width>
						<height>30</height>
						<top>860</top>
						<font>font13</font>
						<selectedcolor>highlight</selectedcolor>
						<shadowcolor>00000000</shadowcolor>
						<scrolltime>200</scrolltime>
						<!-- <autoscroll delay="3000" time="1000" repeat="10000"></autoscroll> -->
						<label>$INFO[ListItem.Label]</label>
					</control>
				</focusedlayout>
				<content>
					<item>
						<label>$INFO[Window.Property(Map.1.Heading)]</label>
						<property name="Area">$INFO[Window.Property(Map.1.Area)]</property>
						<property name="Label">$INFO[Window.Property(Map.1.Layer))]</property>
						<property name="Legend">$INFO[Window.Property(Map.1.Legend))]</property>
						<visible>!String.IsEmpty(Window.Property(Map.1.Area))</visible>
					</item>
					<item>
						<label>$INFO[Window.Property(Map.2.Heading)]</label>
						<property name="Area">$INFO[Window.Property(Map.2.Area)]</property>
						<property name="Label">$INFO[Window.Property(Map.2.Layer))]</property>
						<property name="Legend">$INFO[Window.Property(Map.2.Legend))]</property>
						<visible>!String.IsEmpty(Window.Property(Map.2.Area))</visible>
					</item>
					<item>
						<label>$INFO[Window.Property(Map.3.Heading)]</label>
						<property name="Area">$INFO[Window.Property(Map.3.Area)]</property>
						<property name="Label">$INFO[Window.Property(Map.3.Layer))]</property>
						<property name="Legend">$INFO[Window.Property(Map.3.Legend))]</property>
						<visible>!String.IsEmpty(Window.Property(Map.3.Area))</visible>
					</item>
					<item>
						<label>$INFO[Window.Property(Map.4.Heading)]</label>
						<property name="Area">$INFO[Window.Property(Map.4.Area)]</property>
						<property name="Label">$INFO[Window.Property(Map.4.Layer))]</property>
						<property name="Legend">$INFO[Window.Property(Map.4.Legend))]</property>
						<visible>!String.IsEmpty(Window.Property(Map.4.Area))</visible>
					</item>
					<item>
						<label>$INFO[Window.Property(Map.5.Heading)]</label>
						<property name="Area">$INFO[Window.Property(Map.5.Area)]</property>
						<property name="Label">$INFO[Window.Property(Map.5.Layer))]</property>
						<property name="Legend">$INFO[Window.Property(Map.5.Legend))]</property>
						<visible>!String.IsEmpty(Window.Property(Map.5.Area))</visible>
					</item>
					<item>
						<label>$INFO[Window.Property(Map.6.Heading)]</label>
						<property name="Area">$INFO[Window.Property(Map.6.Area)]</property>
						<property name="Label">$INFO[Window.Property(Map.6.Layer))]</property>
						<property name="Legend">$INFO[Window.Property(Map.6.Legend))]</property>
						<visible>!String.IsEmpty(Window.Property(Map.6.Area))</visible>
					</item>
					<item>
						<label>$INFO[Window.Property(Map.7.Heading)]</label>
						<property name="Area">$INFO[Window.Property(Map.7.Area)]</property>
						<property name="Label">$INFO[Window.Property(Map.7.Layer))]</property>
						<property name="Legend">$INFO[Window.Property(Map.7.Legend))]</property>
						<visible>!String.IsEmpty(Window.Property(Map.7.Area))</visible>
					</item>
					<item>
						<label>$INFO[Window.Property(Map.8.Heading)]</label>
						<property name="Area">$INFO[Window.Property(Map.8.Area)]</property>
						<property name="Label">$INFO[Window.Property(Map.8.Layer))]</property>
						<property name="Legend">$INFO[Window.Property(Map.8.Legend))]</property>
						<visible>!String.IsEmpty(Window.Property(Map.8.Area))</visible>
					</item>
					<item>
						<label>$INFO[Window.Property(Map.9.Heading)]</label>
						<property name="Area">$INFO[Window.Property(Map.9.Area)]</property>
						<property name="Label">$INFO[Window.Property(Map.9.Layer))]</property>
						<property name="Legend">$INFO[Window.Property(Map.9.Legend))]</property>
						<visible>!String.IsEmpty(Window.Property(Map.9.Area))</visible>
					</item>
				</content>
			</control>
		</control>
	</include>
</includes>