<?xml version="1.0" encoding="UTF-8"?>

<includes>
	<include name="catamaran-font">
		<font>
			<name>font10</name>
			<filename>Catamaran-ExtraLight.ttf</filename>
			<size>21</size>
		</font>
		<font>
			<name>font12</name>
			<filename>Catamaran-ExtraLight.ttf</filename>
			<size>26</size>
		</font>
		<font>
			<name>font13</name>
			<filename>Catamaran-ExtraLight.ttf</filename>
			<size>30</size>
		</font>
		<font>
			<name>font_Actor</name>
			<filename>Catamaran-ExtraLight.ttf</filename>
			<size>30</size>
			<linespacing>0.77</linespacing>
		</font>
		<font>
			<name>font13_textbox</name>
			<filename>Catamaran-ExtraLight.ttf</filename>
			<size>30</size>
			<linespacing>0.77</linespacing>
		</font>
		<font>
			<name>font13_widget</name>
			<filename>Catamaran-ExtraLight.ttf</filename>
			<size>30</size>
			<linespacing>0.8</linespacing>
		</font>
		<font>
			<name>font14</name>
			<filename>Catamaran-ExtraLight.ttf</filename>
			<size>33</size>
		</font>
		<font>
			<name>font14_textbox</name>
			<filename>Catamaran-ExtraLight.ttf</filename>
			<size>33</size>
			<linespacing>1.0</linespacing>
		</font>
		<font>
			<name>font_TextViewer</name>
			<filename>Catamaran-ExtraLight.ttf</filename>
			<size>33</size>
			<linespacing>1.23</linespacing>
		</font>
		<font>
			<name>font15</name>
			<filename>Catamaran-ExtraLight.ttf</filename>
			<size>35</size>
		</font>
		<font>
			<name>font15_textbox</name>
			<filename>Catamaran-ExtraLight.ttf</filename>
			<size>35</size>
			<linespacing>1.0</linespacing>
		</font>
		<font>
			<name>font16</name>
			<filename>Catamaran-ExtraLight.ttf</filename>
			<size>38</size>
		</font>
		<font>
			<name>font30</name>
			<filename>Catamaran-ExtraLight.ttf</filename>
			<size>45</size>
		</font>
		<font>
			<name>font36</name>
			<filename>Catamaran-ExtraLight.ttf</filename>
			<size>55</size>
		</font>
		<font>
			<name>font12_title</name>
			<filename>Catamaran-ExtraLight.ttf</filename>
			<style>uppercase</style>
			<size>30</size>
		</font>
		<font>
			<name>font13_title</name>
			<filename>Catamaran-ExtraLight.ttf</filename>
			<style>uppercase</style>
			<size>33</size>
		</font>
		<font>
			<name>font15_title</name>
			<filename>Catamaran-ExtraLight.ttf</filename>
			<style>uppercase</style>
			<size>35</size>
		</font>
		<font>
			<name>font35_title</name>
			<filename>Catamaran-ExtraLight.ttf</filename>
			<style>uppercase</style>
			<size>52</size>
		</font>
		<font>
			<name>MainMenuFont</name>
			<filename>Catamaran-ExtraLight.ttf</filename>
			<linespacing>0</linespacing>
			<size>55</size>
		</font>
		<font>
			<name>SubMenuFont</name>
			<filename>Catamaran-ExtraLight.ttf</filename>
			<linespacing>0</linespacing>
			<size>40</size>
		</font>
		<font>
			<name>BigAssFont</name>
			<filename>Catamaran-ExtraLight.ttf</filename>
			<size>600</size>
		</font>
		<font>
			<name>WeatherTempFont</name>
			<filename>Catamaran-ExtraLight.ttf</filename>
			<size>120</size>
		</font>
		<include>CommonFonts</include>
	</include>
</includes>

