<?xml version="1.0" encoding="UTF-8"?>
<window>
    <defaultcontrol always="true">9000</defaultcontrol>
    <menucontrol>9051</menucontrol>
    <onload>SetProperty(Window.HasSettings,True,home)</onload>
    <onload>ClearProperty(MediaMenu,Home)</onload>
    <onunload>ClearProperty(MediaMenu,Home)</onunload>
    <onunload>ClearProperty(Window.HasSettings,Home)</onunload>
    <allowoverlay>no</allowoverlay>

    <include file="MyWeather-includes-data.xml"/>    
    
	<controls>
		<include>CommonBackground</include>
		<control type="group">
			<visible>!Skin.HasSetting(Enable.BasicWeatherView)</visible>
			<include>Animation.Common</include>
			<top>210</top>
			<control type="group">
				<visible>Integer.IsGreater(Container(9000).NumItems,0)</visible>
				<control type="image">
					<left>60</left>
					<top>10</top>
					<width>356</width>
					<height>95</height>
					<visible>Control.HasFocus(9000)</visible>
					<animation effect="fade" time="320" delay="200">Visible</animation>
					<animation effect="fade" time="50">Hidden</animation>
					<texture colordiffuse="highlight" border="5">listselect_fo.png</texture>
					<animation effect="slide" end="0,95" time="300" tween="cubic" easing="inout" condition="Integer.IsGreater(Container(9000).Row,6)">Conditional</animation>
					<animation effect="slide" end="0,95" time="300" tween="cubic" easing="inout" condition="Integer.IsGreater(Container(9000).Row,5)">Conditional</animation>
					<animation effect="slide" end="0,95" time="300" tween="cubic" easing="inout" condition="Integer.IsGreater(Container(9000).Row,4)">Conditional</animation>
					<animation effect="slide" end="0,95" time="300" tween="cubic" easing="inout" condition="Integer.IsGreater(Container(9000).Row,3)">Conditional</animation>
					<animation effect="slide" end="0,95" time="300" tween="cubic" easing="inout" condition="Integer.IsGreater(Container(9000).Row,2)">Conditional</animation>
					<animation effect="slide" end="0,95" time="300" tween="cubic" easing="inout" condition="Integer.IsGreater(Container(9000).Row,1)">Conditional</animation>
					<animation effect="slide" end="0,95" time="300" tween="cubic" easing="inout" condition="Integer.IsGreater(Container(9000).Row,0)">Conditional</animation>
				</control>
			</control>
			<control type="panel" id="9000">
				<left>60</left>
				<top>10</top>
				<width>356</width>
				<height>760</height>
				<onleft>60</onleft>
				<onright condition="Container(9000).HasFocus(1)">300</onright>
				<onright condition="Container(9000).HasFocus(2)">301</onright>
				<onright condition="Container(9000).HasFocus(5)">304</onright>
				<onright condition="Container(9000).HasFocus(11)">307</onright>
				<onright condition="Container(9000).HasFocus(12)">308</onright>
				<onup>9000</onup>
				<ondown>9000</ondown>
				<pagecontrol>60</pagecontrol>
				<scrolltime tween="quadratic">300</scrolltime>
				<itemlayout height="95" width="356">
					<control type="label">
						<width>356</width>
						<height>95</height>
						<font>font15</font>
						<textoffsetx>20</textoffsetx>
						<selectedcolor>highlight</selectedcolor>
						<align>right</align>
						<label>$INFO[ListItem.Label]</label>
					</control>
				</itemlayout>
				<focusedlayout height="95" width="356">
					<control type="label">
						<width>356</width>
						<height>95</height>
						<font>font15</font>
						<textoffsetx>20</textoffsetx>
						<selectedcolor>highlight</selectedcolor>
						<align>right</align>
						<label>$INFO[ListItem.Label]</label>
					</control>
				</focusedlayout>
				<content>
					<item id="1">
						<label>31300</label>
						<icon />
					</item>
					<item id="2">
						<label>31904</label>
						<icon />
						<visible>!String.IsEmpty(Window.Property(Daily.IsFetched))</visible>
					</item>
					<item id="12">
						<label>Alerts</label>
						<icon />
						<visible>!String.IsEmpty(Window.Property(Alerts.IsFetched))</visible>
					</item>
					<item id="11">
						<label>Detailed Forecast</label>
						<icon />
						<visible>!String.IsEmpty(Window.Property(Detailed.IsFetched))</visible>
					</item>
					<item id="3">
						<label>31901</label>
						<icon />
						<visible>!String.IsEmpty(Window.Property(36Hour.IsFetched))</visible>
					</item>
					<item id="4">
						<label>31903</label>
						<icon />
						<visible>!String.IsEmpty(Window.Property(Weekend.IsFetched))</visible>
					</item>
					<item id="5">
						<label>31902</label>
						<icon />
						<visible>!String.IsEmpty(Window.Property(Hourly.IsFetched))</visible>
					</item>
					<item id="6">
						<label>$INFO[Window.Property(Map.1.Heading)]</label>
						<icon />
						<visible>!String.IsEmpty(Window.Property(Map.1.Area)) + !String.IsEmpty(Window.Property(Map.IsFetched))</visible>
					</item>
					<item id="7">
						<label>$INFO[Window.Property(Map.2.Heading)]</label>
						<icon />
						<visible>!String.IsEmpty(Window.Property(Map.2.Area)) + !String.IsEmpty(Window.Property(Map.IsFetched))</visible>
					</item>
					<item id="8">
						<label>$INFO[Window.Property(Map.3.Heading)]</label>
						<icon />
						<visible>!String.IsEmpty(Window.Property(Map.3.Area)) + !String.IsEmpty(Window.Property(Map.IsFetched))</visible>
					</item>
					<item id="9">
						<label>$INFO[Window.Property(Map.4.Heading)]</label>
						<icon />
						<visible>!String.IsEmpty(Window.Property(Map.4.Area)) + !String.IsEmpty(Window.Property(Map.IsFetched))</visible>
					</item>
					<item id="10">
						<label>$INFO[Window.Property(Map.5.Heading)]</label>
						<icon />
						<visible>!String.IsEmpty(Window.Property(Map.5.Area)) + !String.IsEmpty(Window.Property(Map.IsFetched))</visible>
					</item>
				</content>
			</control>
			<control type="group" id="9001">
			
				<include file="MyWeather-includes-CurrentForecast.xml"
					condition="!String.IsEmpty(Window.Property(Current.IsFetched))">CurrentForecast</include>

				<include file="MyWeather-includes-Alerts.xml"
					condition="!String.IsEmpty(Window.Property(Alerts.IsFetched))">Alerts</include>
				
				<include file="MyWeather-includes-DailyForecast.xml"
					condition="!String.IsEmpty(Window.Property(Daily.IsFetched))">DailyForecast</include>
				
				<include file="MyWeather-includes-DetailedForecast.xml"
					condition="!String.IsEmpty(Window.Property(Detailed.IsFetched))">DetailedForecast</include>

				<include file="MyWeather-includes-36HourForecast.xml"
					condition="!String.IsEmpty(Window.Property(36Hour.IsFetched))">36HourForecast</include>

				<include file="MyWeather-includes-WeekendForecast.xml"
					condition="!String.IsEmpty(Window.Property(Weekend.IsFetched))">WeekendForecast</include>

				<include file="MyWeather-includes-HourlyForecast.xml"
					condition="!String.IsEmpty(Window.Property(Hourly.IsFetched))">HourlyForecast</include>

				<include file="MyWeather-includes-Maps.xml">WeatherMaps</include>

		</control>
	
	
			<control type="image">
				<left>1360</left>
				<top>785</top>
				<width>500</width>
				<height>50</height>
				<aspectratio align="right" aligny="center">keep</aspectratio>
				<texture colordiffuse="33ffffff">$INFO[Window.Property(WeatherProviderLogo)]</texture>
			</control>
			<control type="group">
				<include>VisibleFadeEffect</include>
				<visible>Control.HasFocus(301) | Control.HasFocus(304)</visible>
				<height>890</height>
				<top>-55</top>
				<left>1155</left>
				<control type="label">
					<visible>[Control.HasFocus(301) + Container(301).HasPrevious] | [Control.HasFocus(304) + Container(304).HasPrevious]</visible>
					<width>30</width>
					<height>30</height>
					<align>center</align>
					<label>s</label>
					<font>IconTiny</font>
					<textcolor>disabled</textcolor>
				</control>
				<control type="label">
					<visible>[Control.HasFocus(301) + Container(301).HasNext] | [Control.HasFocus(304) + Container(304).HasNext]</visible>
					<top>860</top>
					<width>30</width>
					<height>30</height>
					<align>center</align>
					<label>t</label>
					<font>IconTiny</font>
					<textcolor>disabled</textcolor>
				</control>
			</control>
		</control>
		<control type="scrollbar" id="60">
			<visible>!Skin.HasSetting(Enable.BasicWeatherView)</visible>
			<left>0</left>
			<top>120</top>
			<width>10</width>
			<height>960</height>
			<onleft condition="!Skin.HasSetting(KioskMode.Enabled)">SetProperty(MediaMenu,True,home)</onleft>
			<onleft condition="!Skin.HasSetting(KioskMode.Enabled)">SetFocus(9050)</onleft>
			<onright>9000</onright>
		</control>

		<include file="MyWeather-includes-Basic.xml">BasicForecast</include>
 
		<include>Topbar</include>
		<control type="label">
			<left>100</left>
			<top>60</top>
			<width>900</width>
			<height>45</height>
			<font>font14</font>
			<textoffsetx>15</textoffsetx>
			<textcolor>highlight</textcolor>
			<label>$INFO[Window.Property(Location)] ($INFO[Window.Property(WeatherProvider)])</label>
		</control>
		<control type="group">
			<left>-440</left>
			<include>SideBladeLeft</include>
			<control type="grouplist" id="9050">
				<visible allowhiddenfocus="true">!Window.IsVisible(1134) + !Control.HasFocus(9013) + !Control.HasFocus(9014)</visible>
				<animation effect="slide" start="-440,0" end="0,0" time="400" tween="quadratic" easing="out">Visible</animation>
				<left>15</left>
				<top>0</top>
				<width>400</width>
				<height>1080</height>
				<onleft>9050</onleft>
				<onright>ClearProperty(MediaMenu,Home)</onright>
				<onright>9000</onright>
				<onup>9050</onup>
				<ondown>9050</ondown>
				<onback>ClearProperty(MediaMenu,Home)</onback>
				<onback>9000</onback>
				<itemgap>0</itemgap>
				<control type="label" id="200">
					<width>400</width>
					<height>60</height>
					<textoffsetx>15</textoffsetx>
					<font>font13_title</font>
					<label>31006</label>
					<textcolor>highlight</textcolor>
				</control>
				<control type="button" id="213">
					<description>Change weather location</description>
					<width>400</width>
					<font>font13</font>
					<label>$INFO[Weather.Location]</label>
					<onclick>Weather.LocationNext</onclick>
				</control>
				<control type="button" id="210">
					<description>Select weather icons</description>
					<include>ButtonCommonValues</include>
					<label>31158</label>
					<onclick condition="System.HasAddon(script.image.resource.select)">RunScript(script.image.resource.select,property=weathericons&amp;type=resource.images.weathericons)</onclick>
					<onclick condition="!System.HasAddon(script.image.resource.select)">InstallAddon(script.image.resource.select)</onclick>
				</control>
			<control type="radiobutton" id="214">
					<include>ButtonCommonValues</include>
					<label>Use Icons From Weather Provider</label>
					<onclick>Skin.ToggleSetting(Enable.RemoteWeatherIcons)</onclick>
					<selected>Skin.HasSetting(Enable.RemoteWeatherIcons)</selected>
				</control>
				<control type="button" id="211">
					<description>Select weather fanart</description>
					<include>ButtonCommonValues</include>
					<label>$LOCALIZE[424] [LOWERCASE]$LOCALIZE[19190][/LOWERCASE]</label>
					<onclick condition="System.HasAddon(script.image.resource.select)">RunScript(script.image.resource.select,property=weatherfanart&amp;type=resource.images.weatherfanart)</onclick>
					<onclick condition="!System.HasAddon(script.image.resource.select)">InstallAddon(script.image.resource.select)</onclick>
				</control>
				<control type="radiobutton" id="209">
					<description>View Toggle</description>
					<include>ButtonCommonValues</include>
					<label>31507</label>
					<onclick>Skin.ToggleSetting(Enable.BasicWeatherView)</onclick>
					<selected>Skin.HasSetting(Enable.BasicWeatherView)</selected>
				</control>
				<control type="button" id="212">
					<description>Actions label</description>
					<textwidth>352</textwidth>
					<font>font13_title</font>
					<include>ButtonCommonValues</include>
					<label>31039</label>
					<enable>no</enable>
					<disabledcolor>highlight</disabledcolor>
					<visible>!Skin.HasSetting(Disable.Quicknav) | Player.HasMedia | !String.IsEqual(Playlist.Length(music),0) | !String.IsEqual(Playlist.Length(video),0)</visible>
				</control>
				<control type="button" id="2">
					<description>Refresh button</description>
					<textwidth>352</textwidth>
					<include>ButtonCommonValues</include>
					<label>103</label>
				</control>
				<control type="button" id="208">
					<include>ButtonCommonValues</include>
					<label>[LOWERCASE]$INFO[Window.Property(Updated)][/LOWERCASE]</label>
					<visible>!String.IsEmpty(Window.Property(Updated))</visible>
					<enable>False</enable>
				</control>
				<control type="button" id="204">
					<description>Settings button</description>
					<textwidth>352</textwidth>
					<include>ButtonCommonValues</include>
					<label>1390</label>
					<onclick>ActivateWindow(servicesettings,weather)</onclick>
				</control>
				<include>QuicknavButton</include>
				<include>PlaylistButtons</include>
				<include content="MenuPlayerControls">
					<param name="PlayerControlsOnDown" value="213" />
				</include>
			</control>
			<include condition="!Skin.HasSetting(Disable.Quicknav)">QuicknavMenu</include>
		</control>
	</controls>

<!--     
<include file="MyWeather-NOAA.xml"    condition="!String.IsEmpty(Window.Property(NOAA.IsFetched))">MyWeather-NOAA</include>
<include file="MyWeather-default.xml" condition="String.IsEmpty(Window.Property(NOAA.IsFetched))">MyWeather-default</include>
-->
<!-- Rufus version
                    <focusedlayout height="390" width="350">
                        <include>ThumbnailItemBackground</include>
                        <control type="label">
                            <left>20</left>
                            <right>20</right>
                            <top>327</top>
                            <height>50</height>
                            <label>$INFO[ListItem.Label]</label>
                        </control>
                        <control type="image">
                            <left>75</left>
                            <top>72</top>
                            <right>75</right>
                            <height>200</height>
                            <aspectratio scalediffuse="false" align="center" aligny="center">keep</aspectratio>
                            <texture background="true" fallback="DefaultFolder.png">$INFO[ListItem.Icon]</texture>
                        </control>
                        <control type="label">
                            <top>30</top>
                            <left>20</left>
                            <width>310</width>
                            <height>60</height>
                            <font>font15</font>
                            <align>center</align>
                            <selectedcolor>highlight</selectedcolor>
                            <label>$INFO[ListItem.Label2]</label>
                        </control>
                        <control type="label">
                            <top>250</top>
                            <left>20</left>
                            <width>310</width>
                            <height>60</height>
                            <font>font15</font>
                            <align>center</align>
                            <selectedcolor>highlight</selectedcolor>
                            <label>$INFO[ListItem.Property(HighTemp),[COLOR invalid],[/COLOR]]$INFO[ListItem.Property(LowTemp), | [COLOR ff8de0ff],[/COLOR]]</label>
                        </control>
                        <control type="image">
                            <animation center="auto" condition="Control.HasFocus(305)" easing="inout" effect="fade" end="0" start="100" time="300" tween="sine">Focus</animation>
                            <animation center="auto" condition="Control.HasFocus(305)" easing="inout" effect="fade" end="100" start="0" time="300" tween="sine">UnFocus</animation>
                            <top>20</top>
                            <left>20</left>
                            <right>20</right>
                            <height>310</height>
                            <texture border="5">overlays/diffuse-overlay.png</texture>
                        </control>
                    </focusedlayout>
                    <content>
                        <item>
                            <label>$LOCALIZE[31909]</label>
                            <icon />
                            <visible>String.IsEmpty(Window.Property(Daily.IsFetched))</visible>
                        </item>
                        <item>
                            <label>$LOCALIZE[33006]</label>
                            <label2>$INFO[Window(weather).Property(Day0.Outlook)]</label2>
                            <icon>$VAR[WeatherIconVar]$INFO[Window(weather).Property(Day0.FanartCode),,.png]</icon>
                            <property name="HighTemp">$INFO[Window(weather).Property(Day0.HighTemp)]$INFO[System.TemperatureUnits]</property>
                            <property name="LowTemp">$INFO[Window(weather).Property(Day0.LowTemp)]$INFO[System.TemperatureUnits]</property>
                        </item>
                        <item>
                            <label>$LOCALIZE[33007]</label>
                            <label2>$INFO[Window(weather).Property(Day1.Outlook)]</label2>
                            <icon>$VAR[WeatherIconVar]$INFO[Window(weather).Property(Day1.FanartCode),,.png]</icon>
                            <property name="HighTemp">$INFO[Window(weather).Property(Day1.HighTemp)]$INFO[System.TemperatureUnits]</property>
                            <property name="LowTemp">$INFO[Window(weather).Property(Day1.LowTemp)]$INFO[System.TemperatureUnits]</property>
                        </item>
                        <item>
                            <label>$INFO[Window(weather).Property(Day2.Title)]</label>
                            <label2>$INFO[Window(weather).Property(Day2.Outlook)]</label2>
                            <icon>$VAR[WeatherIconVar]$INFO[Window(weather).Property(Day2.FanartCode),,.png]</icon>
                            <property name="HighTemp">$INFO[Window(weather).Property(Day2.HighTemp)]$INFO[System.TemperatureUnits]</property>
                            <property name="LowTemp">$INFO[Window(weather).Property(Day2.LowTemp)]$INFO[System.TemperatureUnits]</property>
                        </item>
                        <item>
                            <label>$INFO[Window(weather).Property(Day3.Title)]</label>
                            <label2>$INFO[Window(weather).Property(Day3.Outlook)]</label2>
                            <icon>$VAR[WeatherIconVar]$INFO[Window(weather).Property(Day3.FanartCode),,.png]</icon>
                            <property name="HighTemp">$INFO[Window(weather).Property(Day3.HighTemp)]$INFO[System.TemperatureUnits]</property>
                            <property name="LowTemp">$INFO[Window(weather).Property(Day3.LowTemp)]$INFO[System.TemperatureUnits]</property>
                        </item>
                        <item>
                            <label>$INFO[Window(weather).Property(Day4.Title)]</label>
                            <label2>$INFO[Window(weather).Property(Day4.Outlook)]</label2>
                            <icon>$VAR[WeatherIconVar]$INFO[Window(weather).Property(Day4.FanartCode),,.png]</icon>
                            <property name="HighTemp">$INFO[Window(weather).Property(Day4.HighTemp)]$INFO[System.TemperatureUnits]</property>
                            <property name="LowTemp">$INFO[Window(weather).Property(Day4.LowTemp)]$INFO[System.TemperatureUnits]</property>
                        </item>
                        <item>
                            <visible>!String.IsEmpty(Window(weather).Property(Day5.FanartCode))</visible>
                            <label>$INFO[Window(weather).Property(Day5.Title)]</label>
                            <label2>$INFO[Window(weather).Property(Day5.Outlook)]</label2>
                            <icon>$VAR[WeatherIconVar]$INFO[Window(weather).Property(Day5.FanartCode),,.png]</icon>
                            <property name="HighTemp">$INFO[Window(weather).Property(Day5.HighTemp)]$INFO[System.TemperatureUnits]</property>
                            <property name="LowTemp">$INFO[Window(weather).Property(Day5.LowTemp)]$INFO[System.TemperatureUnits]</property>
                        </item>
                        <item>
                            <visible>!String.IsEmpty(Window(weather).Property(Day6.FanartCode))</visible>
                            <label>$INFO[Window(weather).Property(Day6.Title)]</label>
                            <label2>$INFO[Window(weather).Property(Day6.Outlook)]</label2>
                            <icon>$VAR[WeatherIconVar]$INFO[Window(weather).Property(Day6.FanartCode),,.png]</icon>
                            <property name="HighTemp">$INFO[Window(weather).Property(Day6.HighTemp)]$INFO[System.TemperatureUnits]</property>
                            <property name="LowTemp">$INFO[Window(weather).Property(Day6.LowTemp)]$INFO[System.TemperatureUnits]</property>
                        </item>
                    </content>
                </control>
                <control type="image">
                    <left>1240</left>
                    <top>785</top>
                    <width>500</width>
                    <height>50</height>
                    <aspectratio align="right" aligny="center">keep</aspectratio>
                    <texture colordiffuse="33ffffff">$INFO[Window.Property(WeatherProviderLogo)]</texture>
                </control>
                <control type="button" id="9000">
                    <include>HiddenObject</include>
                    <onleft condition="!Skin.HasSetting(KioskMode.Enabled)">SetProperty(MediaMenu,True,home)</onleft>
                    <onleft condition="!Skin.HasSetting(KioskMode.Enabled)">SetFocus(9050)</onleft>
                </control>
            </control>
        </control>
        <include>Topbar</include>
        <control type="group">
            <left>-440</left>
            <include>SideBladeLeft</include>
            <control type="grouplist" id="9050">
                <visible allowhiddenfocus="true">!Window.IsVisible(1134) + !Control.HasFocus(9013) + !Control.HasFocus(9014)</visible>
                <animation effect="slide" start="-440,0" end="0,0" time="400" tween="quadratic" easing="out">Visible</animation>
                <left>15</left>
                <top>0</top>
                <width>400</width>
                <height>1080</height>
                <onleft>9050</onleft>
                <onright>ClearProperty(MediaMenu,Home)</onright>
                <onright>9000</onright>
                <onup>9050</onup>
                <ondown>9050</ondown>
                <onback>ClearProperty(MediaMenu,Home)</onback>
                <onback>9000</onback>
                <itemgap>0</itemgap>
                <control type="label" id="200">
                    <width>400</width>
                    <height>60</height>
                    <textoffsetx>15</textoffsetx>
                    <font>font13_title</font>
                    <label>31006</label>
                    <textcolor>highlight</textcolor>
                </control>
                <control type="button" id="213">
                    <description>Change weather location</description>
                    <width>400</width>
                    <font>font13</font>
                    <label>$INFO[Weather.Location]</label>
                    <onclick>Weather.LocationNext</onclick>
                </control>
                <control type="button" id="210">
                    <description>Select weather icons</description>
                    <include>ButtonCommonValues</include>
                    <label>31158</label>
                    <onclick condition="System.HasAddon(script.image.resource.select)">RunScript(script.image.resource.select,property=weathericons&amp;type=resource.images.weathericons)</onclick>
                    <onclick condition="!System.HasAddon(script.image.resource.select)">InstallAddon(script.image.resource.select)</onclick>
                </control>
                <control type="button" id="211">
                    <description>Select weather fanart</description>
                    <include>ButtonCommonValues</include>
                    <label>$LOCALIZE[424] [LOWERCASE]$LOCALIZE[19190][/LOWERCASE]</label>
                    <onclick condition="System.HasAddon(script.image.resource.select)">RunScript(script.image.resource.select,property=weatherfanart&amp;type=resource.images.weatherfanart)</onclick>
                    <onclick condition="!System.HasAddon(script.image.resource.select)">InstallAddon(script.image.resource.select)</onclick>
                </control>
                <control type="radiobutton" id="209">
                    <description>View Toggle</description>
                    <include>ButtonCommonValues</include>
                    <label>31507</label>
                    <onclick>Skin.ToggleSetting(Enable.BasicWeatherView)</onclick>
                    <selected>Skin.HasSetting(Enable.BasicWeatherView)</selected>
                </control>
                <control type="button" id="212">
                    <description>Actions label</description>
                    <textwidth>352</textwidth>
                    <font>font13_title</font>
                    <include>ButtonCommonValues</include>
                    <label>31039</label>
                    <enable>no</enable>
                    <disabledcolor>highlight</disabledcolor>
                    <visible>!Skin.HasSetting(Disable.Quicknav) | Player.HasMedia | !String.IsEqual(Playlist.Length(music),0) | !String.IsEqual(Playlist.Length(video),0)</visible>
                </control>
                <control type="button" id="2">
                    <description>Refresh button</description>
                    <textwidth>352</textwidth>
                    <include>ButtonCommonValues</include>
                    <label>103</label>
                </control>
                <control type="button" id="208">
                    <include>ButtonCommonValues</include>
                    <label>[LOWERCASE]$INFO[Window.Property(Updated)][/LOWERCASE]</label>
                    <visible>!String.IsEmpty(Window.Property(Updated))</visible>
                    <enable>False</enable>
                </control>
                <control type="button" id="204">
                    <description>Settings button</description>
                    <textwidth>352</textwidth>
                    <include>ButtonCommonValues</include>
                    <label>1390</label>
                    <onclick>ActivateWindow(servicesettings,weather)</onclick>
                </control>
                <include>QuicknavButton</include>
                <include>PlaylistButtons</include>
                <include content="MenuPlayerControls">
                    <param name="PlayerControlsOnDown" value="213" />
                </include>
            </control>
            <include condition="!Skin.HasSetting(Disable.Quicknav)">QuicknavMenu</include>
        </control>
    </controls>
-->

</window>