<?xml version="1.0" encoding="UTF-8"?>
<window>
    <include file="View_IconIncludes.xml"/>    

    <defaultcontrol always="true">50</defaultcontrol>
    <menucontrol>9051</menucontrol>
    <allowoverlay>no</allowoverlay>
    <onload>SetProperty(Window.HasSettings,True,home)</onload>
    <onload>ClearProperty(MediaMenu,Home)</onload>
    <onunload>ClearProperty(MediaMenu,Home)</onunload>
    <onunload>ClearProperty(Window.HasSettings,Home)</onunload>
    <views>50,52,51,55,57,59,500,501,504,507,508,505,509,520,903</views>
    <controls>
        <include>CommonBackground</include>
 		<control type="group">
 		<top>1028</top>
 		<left>0</left>
<!--  			<control type="label"> -->
<!-- 				<top>-100</top> -->
<!-- 				<left>10</left> -->
<!-- 				<width>1920</width> -->
<!-- 				<label>$INFO[ListItem.FolderPath]</label> -->
<!-- 			</control> -->
<!-- 			<control type="label"> -->
<!-- 				<top>-60</top> -->
<!-- 				<left>10</left> -->
<!-- 				<width>1920</width> -->
<!-- 				<label>$INFO[ListItem.Property(Album_Type)]</label> -->
<!-- 			</control> -->
	
			<visible>Skin.HasSetting(Enable.MediaFlags)+[Control.IsVisible(501)| Control.IsVisible(55)| Control.IsVisible(57)] + !$EXP[isInfoDialog]</visible>
			<include content="AudioMediaFlags">
				<param name="left" value="0" />
				<param name="top" value="0" />
				<param name="width" value="1920" />
				<param name="height" value="50" />
				<param name="align" value="center" />
				<param name="orientation" value="horizontal" />
			</include>
		</control>
		
        
        <control type="group">
            <!--<include>Animation.Common</include>-->
            <include>View_50_List</include>
            <!-- view id = 50 -->
            <include>View_52_Thumbnail</include>
            <!-- view id = 52 -->
            <include>MusicInfoWall</include>
            <!-- view id = 51 -->
            <include>View_55_LowPanelMusic</include>
            <!-- view id = 55 -->
            <include>ShiftFixedList</include>
            <!-- view id = 57 -->
            <include>View_59_Fanart</include>
            <!-- view id = 59 -->
            <include>MusicWall</include>
            <!-- view id = 500 -->
            <include>AddonWall</include>
            <!-- view id = 520 -->
            <include>MusicLowList</include>
            <!-- view id = 501 -->
           <!-- <include>View_504_Gallery</include>-->
            <!-- view id = 504 -->
            <include>View_507_BigList</include>
            <!-- view id = 507 -->
            <include>View_508_SongList</include>
            <!-- view id = 508 -->
            <include>View_505_Panel</include>
            <!-- view id = 505 -->
            <include>View_509_Wall</include>
            <!-- view id = 509 -->
			<include>View_903_Coverflow</include>
        </control>
        <include>Topbar</include>
        <control type="group">
            <left>-440</left>
            <include>SideBladeLeft</include>
            <control type="grouplist" id="9050">
                <include>MediaMenuTop</include>
                <control type="edit" id="19">
                    <visible>Container.CanFilter + !Container.CanFilterAdvanced</visible>
                    <description>Filter</description>
                    <textwidth>345</textwidth>
                    <include>ButtonCommonValues</include>
                    <label>587</label>
                </control>
                <control type="radiobutton" id="98">
                    <visible>Container.CanFilterAdvanced</visible>
                    <description>Filter</description>
                    <include>ButtonCommonValues</include>
                    <label>587</label>
                    <selected>Container.Filtered</selected>
                    <onclick>right</onclick>
                    <onclick>Filter</onclick>
                </control>
                <control type="button" id="203">
                    <description>Actions</description>
                    <textwidth>352</textwidth>
                    <font>font13_title</font>
                    <include>ButtonCommonValues</include>
                    <label>31039</label>
                    <enable>no</enable>
                    <disabledcolor>highlight</disabledcolor>
                </control>
                <control type="radiobutton" id="16">
                    <description>PartyMode</description>
                    <label>589</label>
                    <include>ButtonCommonValues</include>
                </control>
                <control type="button" id="202">
                    <description>Global Search</description>
                    <label>137</label>
                    <include>ButtonCommonValues</include>
                    <visible>System.HasAddon(script.globalsearch)</visible>
                    <onclick>ClearProperty(MediaMenu,Home)</onclick>
                    <onclick>SetFocus(50)</onclick>
                    <onclick>RunScript(script.globalsearch)</onclick>
                </control>
                <control type="button" id="204">
                    <description>Settings button</description>
                    <include>ButtonCommonValues</include>
                    <label>5</label>
                    <onclick>ActivateWindow(mediasettings,music)</onclick>
                    <visible>String.IsEmpty(Container.PluginName)</visible>
                </control>
                <control type="button" id="205">
                    <include>ButtonCommonValues</include>
                    <label>$LOCALIZE[10140]</label>
                    <onclick>Addon.OpenSettings($INFO[Container.PluginName])</onclick>
                    <visible>!String.IsEmpty(Container.PluginName)</visible>
                </control>
                <control type="togglebutton" id="20">
                    <description>Update library</description>
                    <include>ButtonCommonValues</include>
                    <label>653</label>
                    <altlabel>13353</altlabel>
                    <usealttexture>library.isscanningmusic</usealttexture>
                </control>
                <control type="button" id="622">
                    <include>ButtonCommonValues</include>
                    <label>31013</label>
                    <onclick condition="System.HasAddon(plugin.library.node.editor)">ActivateWindow(programs,plugin://plugin.library.node.editor/?ltype=music,return)</onclick>
                    <onclick condition="!System.HasAddon(plugin.library.node.editor)">InstallAddon(plugin.library.node.editor)</onclick>
                    <visible>Container.Content() + String.IsEmpty(Container.PluginName)</visible>
                </control>
                <include>QuicknavButton</include>
                <include>PlaylistButtons</include>
                <include content="MenuPlayerControls">
                    <param name="PlayerControlsOnDown" value="1802" />
                </include>
            </control>
            <include condition="!Skin.HasSetting(Disable.Quicknav)">QuicknavMenu</include>
        </control>
    </controls>
</window>