<?xml version="1.0" encoding="UTF-8"?>
<includes>
	<include name="View_52_Thumbnail">
		<control type="group">
			<visible>Control.IsVisible(52) + !$EXP[isInfoDialog]</visible>
<!-- 			<animation effect="slide" time="0" start="0,0" end="0,15" condition="Window.IsVisible(programs) | Window.IsVisible(addonbrowser)">Conditional</animation> -->
<!-- 			<include>Animation.Common</include> -->
<!-- 			<control type="group"> -->
<!-- 				<visible>Integer.IsGreater(Container(52).NumItems,0) + !Container.Content(episodes)</visible> -->
<!-- 				<animation effect="fade" time="320" delay="300">Visible</animation> -->
<!-- 				<control type="image"> -->
<!-- 					<visible>Control.HasFocus(52)</visible> -->
<!-- 					<left>95</left> -->
<!-- 					<top>180</top> -->
<!-- 					<width>330</width> -->
<!-- 					<height>370</height> -->
<!-- 					<include>FocusedBackgroundFade</include> -->
<!-- 					<texture colordiffuse="FocusColor" border="5">listselect_fo.png</texture> -->
<!-- 					<animation effect="slide" end="0,390" time="10" tween="cubic" easing="inout" condition="Integer.IsGreater(Container(52).Row,0)">Conditional</animation> -->
<!-- 					<animation effect="slide" end="350,0" time="10" tween="cubic" easing="inout" condition="Integer.IsGreater(Container(52).Column,3)">Conditional</animation> -->
<!-- 					<animation effect="slide" end="350,0" time="10" tween="cubic" easing="inout" condition="Integer.IsGreater(Container(52).Column,2)">Conditional</animation> -->
<!-- 					<animation effect="slide" end="350,0" time="10" tween="cubic" easing="inout" condition="Integer.IsGreater(Container(52).Column,1)">Conditional</animation> -->
<!-- 					<animation effect="slide" end="350,0" time="10" tween="cubic" easing="inout" condition="Integer.IsGreater(Container(52).Column,0)">Conditional</animation> -->
<!-- 				</control> -->
<!-- 			</control> -->
<!-- 			<control type="group"> -->
<!-- 				<visible>Integer.IsGreater(Container(52).NumItems,0) + Container.Content(episodes)</visible> -->
<!-- 				<animation effect="fade" time="320" delay="300">Visible</animation> -->
<!-- 				<control type="image"> -->
<!-- 					<visible>Control.HasFocus(52)</visible> -->
<!-- 					<left>95</left> -->
<!-- 					<top>180</top> -->
<!-- 					<width>330</width> -->
<!-- 					<height>240</height> -->
<!-- 					<include>FocusedBackgroundFade</include> -->
<!-- 					<texture colordiffuse="FocusColor" border="5">listselect_fo.png</texture> -->
<!-- 					<animation effect="slide" end="0,260" time="10" tween="cubic" easing="inout" condition="Integer.IsGreater(Container(52).Row,1)">Conditional</animation> -->
<!-- 					<animation effect="slide" end="0,260" time="10" tween="cubic" easing="inout" condition="Integer.IsGreater(Container(52).Row,0)">Conditional</animation> -->
<!-- 					<animation effect="slide" end="350,0" time="10" tween="cubic" easing="inout" condition="Integer.IsGreater(Container(52).Column,3)">Conditional</animation> -->
<!-- 					<animation effect="slide" end="350,0" time="10" tween="cubic" easing="inout" condition="Integer.IsGreater(Container(52).Column,2)">Conditional</animation> -->
<!-- 					<animation effect="slide" end="350,0" time="10" tween="cubic" easing="inout" condition="Integer.IsGreater(Container(52).Column,1)">Conditional</animation> -->
<!-- 					<animation effect="slide" end="350,0" time="10" tween="cubic" easing="inout" condition="Integer.IsGreater(Container(52).Column,0)">Conditional</animation> -->
<!-- 				</control> -->
<!-- 			</control> -->
			<control type="panel" id="52">
				<top>170</top>
				<left>85</left>
				<width>1750</width>
				<height>780</height>
				<onup>52</onup>
				<ondown>52</ondown>
				<onleft>SetProperty(MediaMenu,True,home)</onleft>
				<onleft>SetFocus(9050)</onleft>
				<onright condition="Container(52).HasNext | Container(52).HasPrevious">60</onright>
				<oninfo condition="$EXP[PluginAdvancedLauncher] + System.HasAddon(script.toolbox)">RunScript(script.toolbox,info=textviewer,header='"$INFO[ListItem.Label]"',text='"$VAR[AdvancedLauncherPlotVar]"')</oninfo>
				<oninfo condition="System.HasAddon(script.extendedinfo) + Container.Content(actors)">RunScript(script.extendedinfo,info=extendedactorinfo,name=$INFO[ListItem.Label])</oninfo>
				<preloaditems>2</preloaditems>
				<pagecontrol>60</pagecontrol>
				<viewtype label="21371">list</viewtype>
<!-- 				<scrolltime tween="quadratic" easing="out">300</scrolltime> -->
				<orientation>vertical</orientation>
				<itemlayout height="390" width="350" condition="!Container.Content(episodes)">
					<include content="ItemBorder">
						<param name="bottom" value="65" />
					</include>
					<control type="label">
						<left>20</left>
						<right>20</right>
						<top>327</top>
						<height>50</height>
						<label>$VAR[ListMainLabelVar]</label>
						<visible>![Window.IsActive(pictures) + Skin.HasSetting(PictureInfo.Disabled)]</visible>
					</control>
					<control type="image">
						<left>20</left>
						<top>20</top>
						<right>20</right>
						<height>310</height>
						<aspectratio scalediffuse="false" align="center" aligny="center">keep</aspectratio>
						<texture background="true" fallback="DefaultFolder.png" diffuse="diffuse/thumbnail.png">$VAR[ThumbViewImage]</texture>
						<visible>!$EXP[externalGenreIcon]+!Container.Content(albums) + !Container.Content(artists) + !Container.Content(songs) + !Container.Content(addons)</visible>
					</control>
					<control type="image">
						<left>20</left>
						<top>20</top>
						<right>20</right>
						<height>310</height>
						<aspectratio scalediffuse="false" align="center" aligny="center">scale</aspectratio>
						<texture fallback="DefaultAudio.png" background="true" diffuse="diffuse/thumbnail.png">$VAR[ThumbViewImage]</texture>
						<visible>Container.Content(albums) | Container.Content(artists) | Container.Content(songs)</visible>
					</control>
					<include content="external-genre-icon">
						<param name="left" value="20" />
						<param name="top" value="20" />
						<param name="width" value="310" />
						<param name="height" value="310" />
					</include>
					<control type="image">
						<left>20</left>
						<top>20</top>
						<right>20</right>
						<height>310</height>
						<aspectratio scalediffuse="false" align="center" aligny="center">scale</aspectratio>
						<texture fallback="DefaultAddon.png" background="true" diffuse="diffuse/thumbnail.png">$VAR[ThumbViewImage]</texture>
						<visible>Container.Content(addons)</visible>
					</control>
					<control type="image">
						<top>20</top>
						<left>20</left>
						<right>20</right>
						<height>310</height>
						<texture border="5">overlays/diffuse-overlay.png</texture>
 						<visible>Skin.HasSetting(Enable.HighlightFocused)</visible>
					</control>

					<control type="image">
						<visible>Container.Content(albums)</visible>
						<top>22</top>
						<left>22</left>
						<width>100</width>
						<height>50</height>
						<texture background="true">$VAR[AudioSourceFlagVar,flags/source/,.png]</texture>
					</control>

					<include content="OverlayIcons">
						<param name="OverlayLeft" value="272" />
						<param name="OverlayTop" value="18" />
					</include>
				</itemlayout>
				<focusedlayout height="390" width="350" condition="!Container.Content(episodes)">
					<include content="ItemFocusBorder">
						<param name="bottom" value="65" />
					</include>
					<control type="label">
						<left>20</left>
						<right>20</right>
						<top>327</top>
						<height>50</height>
						<label>$VAR[ListMainLabelVar]</label>
						<visible>![Window.IsActive(pictures) + Skin.HasSetting(PictureInfo.Disabled)]</visible>
					</control>
					<control type="image">
						<left>20</left>
						<top>20</top>
						<right>20</right>
						<height>310</height>
						<aspectratio scalediffuse="false" align="center" aligny="center">keep</aspectratio>
						<texture background="true" fallback="DefaultFolder.png" diffuse="diffuse/thumbnail.png">$VAR[ThumbViewImage]</texture>
						<visible>!$EXP[externalGenreIcon]+!Container.Content(albums) + !Container.Content(artists) + !Container.Content(songs) + !Container.Content(addons)</visible>
					</control>
					<control type="image">
						<left>20</left>
						<top>20</top>
						<right>20</right>
						<height>310</height>
						<aspectratio scalediffuse="false" align="center" aligny="center">scale</aspectratio>
						<texture fallback="DefaultAudio.png" background="true" diffuse="diffuse/thumbnail.png">$VAR[ThumbViewImage]</texture>
						<visible>Container.Content(albums) | Container.Content(artists) | Container.Content(songs)</visible>
					</control>
					<include content="external-genre-icon">
						<param name="left" value="20" />
						<param name="top" value="20" />
						<param name="width" value="310" />
						<param name="height" value="310" />
					</include>
					<control type="image">
						<left>20</left>
						<top>20</top>
						<right>20</right>
						<height>310</height>
						<aspectratio scalediffuse="false" align="center" aligny="center">scale</aspectratio>
						<texture fallback="DefaultAddon.png" background="true" diffuse="diffuse/thumbnail.png">$VAR[ThumbViewImage]</texture>
						<visible>Container.Content(addons)</visible>
					</control>
					<control type="image">
						<visible>Container.Content(albums)</visible>
						<top>22</top>
						<left>22</left>
						<width>100</width>
						<height>50</height>
						<texture background="true">$VAR[AudioSourceFlagVar,flags/source/,.png]</texture>
					</control>


					<include content="OverlayIcons">
						<param name="OverlayLeft" value="272" />
						<param name="OverlayTop" value="18" />
					</include>
				</focusedlayout>
				<itemlayout height="260" width="350" condition="Container.Content(episodes)">
					<include content="ItemBorder">
						<param name="bottom" value="65" />
					</include>
					<control type="label">
						<left>20</left>
						<right>20</right>
						<top>197</top>
						<height>50</height>
						<label>$VAR[ListMainLabelVar]</label>
					</control>
					<control type="image">
						<left>20</left>
						<top>20</top>
						<right>20</right>
						<height>180</height>
						<aspectratio scalediffuse="false" align="center" aligny="center">scale</aspectratio>
						<texture background="true" diffuse="diffuse/fanart-widget.png">$INFO[ListItem.Art(poster)]</texture>
					</control>
					<control type="image">
						<visible>String.IsEmpty(ListItem.Art(poster))</visible>
						<left>20</left>
						<top>20</top>
						<right>20</right>
						<height>180</height>
						<aspectratio align="center" aligny="center">keep</aspectratio>
						<texture background="true">$INFO[ListItem.Icon]</texture>
					</control>
					<control type="image">
						<top>20</top>
						<left>20</left>
						<right>20</right>
						<height>180</height>
						<texture border="5">overlays/diffuse-overlay.png</texture>
 						<visible>Skin.HasSetting(Enable.HighlightFocused)</visible>
					</control>
					<include content="OverlayIcons">
						<param name="OverlayLeft" value="272" />
						<param name="OverlayTop" value="18" />
					</include>
				</itemlayout>
				<focusedlayout height="260" width="350" condition="Container.Content(episodes)">
					<include content="ItemfocusBorder">
						<param name="bottom" value="65" />
					</include>
					<control type="label">
						<left>20</left>
						<right>20</right>
						<top>197</top>
						<height>50</height>
						<label>$VAR[ListMainLabelVar]</label>
					</control>
					<control type="image">
						<left>20</left>
						<top>20</top>
						<right>20</right>
						<height>180</height>
						<aspectratio scalediffuse="false" align="center" aligny="center">scale</aspectratio>
						<texture background="true" diffuse="diffuse/fanart-widget.png">$INFO[ListItem.Art(thumb)]</texture>
					</control>
					<control type="image">
						<visible>String.IsEmpty(ListItem.Art(thumb))</visible>
						<left>20</left>
						<top>20</top>
						<right>20</right>
						<height>180</height>
						<aspectratio align="center" aligny="center">keep</aspectratio>
						<texture background="true">$INFO[ListItem.Icon]</texture>
					</control>
					<include content="OverlayIcons">
						<param name="OverlayLeft" value="272" />
						<param name="OverlayTop" value="18" />
					</include>
				</focusedlayout>
			</control>
		</control>
		<control type="group">
<!-- 			<animation effect="slide" time="0" start="0,0" end="0,15" condition="Window.IsVisible(programs) | Window.IsVisible(addonbrowser)">Conditional</animation> -->
			<visible>Control.IsVisible(52) + !$EXP[isInfoDialog]</visible>
			<top>-15</top>
			<include>Scrollbar_Vertical</include>
		</control>
	</include>
</includes>