<?xml version="1.0" encoding="UTF-8"?>
<includes>
	<!-- 3ds_icon -->
	<include name="Coverflow_3ds_Icon">
		<param name="bordertexture" default="" />
		<param name="colordiffuse" default="33787878" />
		<param name="diffuse" default="false" />
		<param name="flipy" default="false" />
		<param name="texture" default="$INFO[ListItem.Art(poster)]" />
		<param name="top" default="0" />
		<definition>
			<left>0</left>
			<top>$PARAM[top]</top>
			<width>560</width>
			<height>500</height>
			<texture background="true" diffuse="$PARAM[diffuse]" flipy="$PARAM[flipy]">$PARAM[texture]</texture>
			<bordersize>10</bordersize>
			<bordertexture border="5" colordiffuse="$PARAM[colordiffuse]" diffuse="$PARAM[diffuse]">$PARAM[bordertexture]</bordertexture>
		</definition>
	</include>
	<!-- 3ds_onnext -->
	<include name="Coverflow_3ds_OnNext">
		<control type="group">
			<description>L4</description>
			<left>-160</left>
			<visible>Container.OnNext</visible>
			<animation type="Hidden" reversible="false">
				<effect type="fade" start="100" end="0" time="250" />
			</animation>
			<animation type="Conditional" condition="true" reversible="false">
				<effect type="rotatey" center="-190" end="-60" time="0" />
			</animation>			
			<control type="image">
				<include content="Coverflow_3ds_Icon">
					<param name="diffuse">diffuse/generic-diffuse.png</param>
					<param name="flipy">true</param>
					<param name="texture">$INFO[ListItem(-4).Art(poster)]</param>
					<param name="top">500</param>
				</include>
			</control>
			<control type="image">
				<include content="Coverflow_3ds_Icon">
					<param name="diffuse">diffuse/generic-diffuse.png</param>
					<param name="flipy">true</param>
					<param name="texture">overlays/icon-overlay.png</param>
					<param name="top">500</param>
				</include>
				<visible>Skin.HasSetting(Enable.HighlightFocused)</visible>
			</control>
			<control type="image">
				<include content="Coverflow_3ds_Icon">
					<param name="bordertexture">listselect_fo.png</param>
					<param name="texture">$INFO[ListItem(-4).Art(poster)]</param>
				</include>
			</control>
			<control type="image">
				<include content="Coverflow_3ds_Icon">
					<param name="texture">overlays/icon-overlay.png</param>
				</include>
				<visible>Skin.HasSetting(Enable.HighlightFocused)</visible>
			</control>
		</control>	
		<control type="group">
			<description>L3</description>
			<left>120</left>
			<animation type="Conditional" condition="true" reversible="false">
				<effect type="rotatey" center="90" end="-60" time="0" />
			</animation>			
			<control type="image">
				<include content="Coverflow_3ds_Icon">
					<param name="diffuse">diffuse/generic-diffuse.png</param>
					<param name="flipy">true</param>
					<param name="texture">$INFO[ListItem(-3).Art(poster)]</param>
					<param name="top">500</param>
				</include>
			</control>
			<control type="image">
				<include content="Coverflow_3ds_Icon">
					<param name="diffuse">diffuse/generic-diffuse.png</param>
					<param name="flipy">true</param>
					<param name="texture">overlays/icon-overlay.png</param>
					<param name="top">500</param>
				</include>
				<visible>Skin.HasSetting(Enable.HighlightFocused)</visible>
			</control>
			<control type="image">
				<include content="Coverflow_3ds_Icon">
					<param name="bordertexture">listselect_fo.png</param>
					<param name="texture">$INFO[ListItem(-3).Art(poster)]</param>
				</include>
			</control>
			<control type="image">
				<include content="Coverflow_3ds_Icon">
					<param name="texture">overlays/icon-overlay.png</param>
				</include>
				<visible>Skin.HasSetting(Enable.HighlightFocused)</visible>
			</control>
		</control>
		<control type="group">
			<description>L2</description>
			<left>400</left>
			<animation type="Conditional" condition="true" reversible="false">
				<effect type="rotatey" center="370" end="-60" time="0" />
			</animation>			
			<control type="image">
				<include content="Coverflow_3ds_Icon">
					<param name="diffuse">diffuse/generic-diffuse.png</param>
					<param name="flipy">true</param>
					<param name="texture">$INFO[ListItem(-2).Art(poster)]</param>
					<param name="top">500</param>
				</include>
			</control>
			<control type="image">
				<include content="Coverflow_3ds_Icon">
					<param name="diffuse">diffuse/generic-diffuse.png</param>
					<param name="flipy">true</param>
					<param name="texture">overlays/icon-overlay.png</param>
					<param name="top">500</param>
				</include>
				<visible>Skin.HasSetting(Enable.HighlightFocused)</visible>
			</control>
			<control type="image">
				<include content="Coverflow_3ds_Icon">
					<param name="bordertexture">listselect_fo.png</param>
					<param name="texture">$INFO[ListItem(-2).Art(poster)]</param>
				</include>
			</control>
			<control type="image">
				<include content="Coverflow_3ds_Icon">
					<param name="texture">overlays/icon-overlay.png</param>
				</include>
				<visible>Skin.HasSetting(Enable.HighlightFocused)</visible>
			</control>
		</control>	
		<control type="group">
			<description>R3</description>
			<left>1800</left>
			<animation type="Conditional" condition="Container.OnNext" reversible="false">
				<effect type="fade" start="0" end="100" time="250" />
			</animation>
			<animation type="Conditional" condition="!Container.OnNext" reversible="false">
				<effect type="fade" start="0" end="100" time="250" />
			</animation>			
			<animation type="Conditional" condition="true" reversible="false">
				<effect type="rotatey" center="2390" end="60" time="0" />
			</animation>
			<control type="image">
				<include content="Coverflow_3ds_Icon">
					<param name="diffuse">diffuse/generic-diffuse.png</param>
					<param name="flipy">true</param>
					<param name="texture">$INFO[ListItem(3).Art(poster)]</param>
					<param name="top">500</param>
				</include>
			</control>
			<control type="image">
				<include content="Coverflow_3ds_Icon">
					<param name="diffuse">diffuse/generic-diffuse.png</param>
					<param name="flipy">true</param>
					<param name="texture">overlays/icon-overlay.png</param>
					<param name="top">500</param>
				</include>
				<visible>Skin.HasSetting(Enable.HighlightFocused)</visible>
			</control>
			<control type="image">
				<include content="Coverflow_3ds_Icon">
					<param name="bordertexture">listselect_fo.png</param>
					<param name="texture">$INFO[ListItem(3).Art(poster)]</param>
				</include>
			</control>
			<control type="image">
				<include content="Coverflow_3ds_Icon">
					<param name="texture">overlays/icon-overlay.png</param>
				</include>
				<visible>Skin.HasSetting(Enable.HighlightFocused)</visible>
			</control>
		</control>
		<control type="group">
			<description>R2</description>
			<left>1520</left>			
			<animation type="Conditional" condition="true" reversible="false">
				<effect type="rotatey" center="2110" end="60" time="0" />
			</animation>
			<control type="image">
				<include content="Coverflow_3ds_Icon">
					<param name="diffuse">diffuse/generic-diffuse.png</param>
					<param name="flipy">true</param>
					<param name="texture">$INFO[ListItem(2).Art(poster)]</param>
					<param name="top">500</param>
				</include>
			</control>
			<control type="image">
				<include content="Coverflow_3ds_Icon">
					<param name="diffuse">diffuse/generic-diffuse.png</param>
					<param name="flipy">true</param>
					<param name="texture">overlays/icon-overlay.png</param>
					<param name="top">500</param>
				</include>
				<visible>Skin.HasSetting(Enable.HighlightFocused)</visible>
			</control>
			<control type="image">
				<include content="Coverflow_3ds_Icon">
					<param name="bordertexture">listselect_fo.png</param>
					<param name="texture">$INFO[ListItem(2).Art(poster)]</param>
				</include>
			</control>
			<control type="image">
				<include content="Coverflow_3ds_Icon">
					<param name="texture">overlays/icon-overlay.png</param>
				</include>
				<visible>Skin.HasSetting(Enable.HighlightFocused)</visible>
			</control>
		</control>
		<control type="group">
			<description>R1</description>
			<left>1240</left>
			<animation type="Conditional" condition="true" reversible="false">
				<effect type="rotatey" center="1830" end="60" time="0" />
			</animation>
			<control type="image">
				<include content="Coverflow_3ds_Icon">
					<param name="diffuse">diffuse/generic-diffuse.png</param>
					<param name="flipy">true</param>
					<param name="texture">$INFO[ListItem(1).Art(poster)]</param>
					<param name="top">500</param>
				</include>
			</control>
			<control type="image">
				<include content="Coverflow_3ds_Icon">
					<param name="diffuse">diffuse/generic-diffuse.png</param>
					<param name="flipy">true</param>
					<param name="texture">overlays/icon-overlay.png</param>
					<param name="top">500</param>
				</include>
				<visible>Skin.HasSetting(Enable.HighlightFocused)</visible>
			</control>
			<control type="image">
				<include content="Coverflow_3ds_Icon">
					<param name="bordertexture">listselect_fo.png</param>
					<param name="texture">$INFO[ListItem(1).Art(poster)]</param>
				</include>
			</control>
			<control type="image">
				<include content="Coverflow_3ds_Icon">
					<param name="texture">overlays/icon-overlay.png</param>
				</include>
				<visible>Skin.HasSetting(Enable.HighlightFocused)</visible>
			</control>
		</control>
		<control type="group">
			<description>Arriving</description>
			<left>960</left>
			<visible>Container.OnNext</visible>
			<animation type="Hidden" reversible="false">
				<effect type="rotatey" center="1550" start="0" end="-60" time="250" tween="quadratic" easing="in" />
				</animation>
			<animation type="Conditional" condition="true" reversible="false">
				<effect type="rotatey" center="1550" end="60" time="0" />
			</animation>
			<control type="image">
				<include content="Coverflow_3ds_Icon">
					<param name="bordertexture">listselect_fo.png</param>
					<param name="colordiffuse">FF32C4FF</param>
					<param name="texture">black.png</param>
				</include>
				<animation type="Conditional" condition="Container.OnNext" reversible="false">
					<effect type="fade" start="0" end="100" time="250" />
				</animation>				
				<animation type="Conditional" condition="!Container.OnNext" reversible="false">
					<effect type="fade" start="0" end="100" time="250" />
				</animation>
			</control>
			<control type="image">
				<include content="Coverflow_3ds_Icon">
					<param name="diffuse">diffuse/generic-diffuse.png</param>
					<param name="flipy">true</param>
					<param name="texture">$INFO[ListItem(0).Art(poster)]</param>
					<param name="top">500</param>
				</include>
			</control>
			<control type="image">
				<include content="Coverflow_3ds_Icon">
					<param name="diffuse">diffuse/generic-diffuse.png</param>
					<param name="flipy">true</param>
					<param name="texture">overlays/icon-overlay.png</param>
					<param name="top">500</param>
				</include>
				<animation type="Conditional" condition="Container.OnNext" reversible="false">
					<effect type="fade" start="100" end="0" time="250" />
				</animation>				
				<animation type="Conditional" condition="!Container.OnNext" reversible="false">
					<effect type="fade" start="100" end="0" time="250" />
				</animation>
				<visible>Skin.HasSetting(Enable.HighlightFocused)</visible>
			</control>
			<control type="image">
				<include content="Coverflow_3ds_Icon">
					<param name="bordertexture">listselect_fo.png</param>
					<param name="texture">$INFO[ListItem(0).Art(poster)]</param>
				</include>
			</control>
			<control type="image">
				<include content="Coverflow_3ds_Icon">
					<param name="texture">overlays/icon-overlay.png</param>
				</include>
				<animation type="Conditional" condition="Container.OnNext" reversible="false">
					<effect type="fade" start="100" end="0" time="250" />
				</animation>				
				<animation type="Conditional" condition="!Container.OnNext" reversible="false">
					<effect type="fade" start="100" end="0" time="250" />
				</animation>
				<visible>Skin.HasSetting(Enable.HighlightFocused)</visible>
			</control>
		</control>
		<control type="group">
			<description>Leaving</description>
			<left>680</left>
			<visible>Container.OnNext</visible>
			<animation type="Hidden" reversible="false">
				<effect type="rotatey" center="650" start="0" end="-60" time="250" tween="quadratic" easing="in" />
			</animation>
			<control type="image">
				<include content="Coverflow_3ds_Icon">
					<param name="bordertexture">listselect_fo.png</param>
					<param name="colordiffuse">FF32C4FF</param>
					<param name="texture">black.png</param>
				</include>
				<animation type="Conditional" condition="Container.OnNext" reversible="false">
					<effect type="fade" start="100" end="0" time="250" />
				</animation>				
				<animation type="Conditional" condition="!Container.OnNext" reversible="false">
					<effect type="fade" start="100" end="0" time="250" />
				</animation>
			</control>
			<control type="image">
				<include content="Coverflow_3ds_Icon">
					<param name="diffuse">diffuse/generic-diffuse.png</param>
					<param name="flipy">true</param>
					<param name="texture">$INFO[ListItem(-1).Art(poster)]</param>
					<param name="top">500</param>
				</include>
			</control>
			<control type="image">
				<include content="Coverflow_3ds_Icon">
					<param name="diffuse">diffuse/generic-diffuse.png</param>
					<param name="flipy">true</param>
					<param name="texture">overlays/icon-overlay.png</param>
					<param name="top">500</param>
				</include>
				<animation type="Conditional" condition="Container.OnNext" reversible="false">
					<effect type="fade" start="0" end="100" time="250" />
				</animation>
				<animation type="Conditional" condition="!Container.OnNext" reversible="false">
					<effect type="fade" start="0" end="100" time="250" />
				</animation>
				<visible>Skin.HasSetting(Enable.HighlightFocused)</visible>
			</control>
			<control type="image">
				<include content="Coverflow_3ds_Icon">
					<param name="bordertexture">listselect_fo.png</param>
					<param name="texture">$INFO[ListItem(-1).Art(poster)]</param>
				</include>
			</control>
			<control type="image">
				<include content="Coverflow_3ds_Icon">
					<param name="texture">overlays/icon-overlay.png</param>
				</include>
				<animation type="Conditional" condition="Container.OnNext" reversible="false">
					<effect type="fade" start="0" end="100" time="250" />
				</animation>
				<animation type="Conditional" condition="!Container.OnNext" reversible="false">
					<effect type="fade" start="0" end="100" time="250" />
				</animation>				
				<visible>Skin.HasSetting(Enable.HighlightFocused)</visible>
			</control>
		</control>
	</include>
	<!-- 3ds_onprevious -->
	<include name="Coverflow_3ds_OnPrevious">
		<control type="group">
			<description>L3</description>
			<left>-440</left>
			<animation type="Conditional" condition="Container.OnPrevious" reversible="false">
				<effect type="fade" start="0" end="100" time="250" />
			</animation>
			<animation type="Conditional" condition="!Container.OnPrevious" reversible="false">
				<effect type="fade" start="0" end="100" time="250" />
			</animation>
			<animation type="Conditional" condition="true" reversible="false">
				<effect type="rotatey" center="-470" end="-60" time="0" />
			</animation>			
			<control type="image">
				<include content="Coverflow_3ds_Icon">
					<param name="diffuse">diffuse/generic-diffuse.png</param>
					<param name="flipy">true</param>
					<param name="texture">$INFO[ListItem(-3).Art(poster)]</param>
					<param name="top">500</param>
				</include>
			</control>
			<control type="image">
				<include content="Coverflow_3ds_Icon">
					<param name="diffuse">diffuse/generic-diffuse.png</param>
					<param name="flipy">true</param>
					<param name="texture">overlays/icon-overlay.png</param>
					<param name="top">500</param>
				</include>
				<visible>Skin.HasSetting(Enable.HighlightFocused)</visible>
			</control>
			<control type="image">
				<include content="Coverflow_3ds_Icon">
					<param name="bordertexture">listselect_fo.png</param>
					<param name="texture">$INFO[ListItem(-3).Art(poster)]</param>
				</include>
			</control>
			<control type="image">
				<include content="Coverflow_3ds_Icon">
					<param name="texture">overlays/icon-overlay.png</param>
				</include>
				<visible>Skin.HasSetting(Enable.HighlightFocused)</visible>
			</control>
		</control>
		<control type="group">
			<description>L2</description>
			<left>-160</left>
			<animation type="Conditional" condition="true" reversible="false">
				<effect type="rotatey" center="-190" end="-60" time="0" />
			</animation>			
			<control type="image">
				<include content="Coverflow_3ds_Icon">
					<param name="diffuse">diffuse/generic-diffuse.png</param>
					<param name="flipy">true</param>
					<param name="texture">$INFO[ListItem(-2).Art(poster)]</param>
					<param name="top">500</param>
				</include>
			</control>
			<control type="image">
				<include content="Coverflow_3ds_Icon">
					<param name="diffuse">diffuse/generic-diffuse.png</param>
					<param name="flipy">true</param>
					<param name="texture">overlays/icon-overlay.png</param>
					<param name="top">500</param>
				</include>
				<visible>Skin.HasSetting(Enable.HighlightFocused)</visible>
			</control>
			<control type="image">
				<include content="Coverflow_3ds_Icon">
					<param name="bordertexture">listselect_fo.png</param>
					<param name="texture">$INFO[ListItem(-2).Art(poster)]</param>
				</include>
			</control>
			<control type="image">
				<include content="Coverflow_3ds_Icon">
					<param name="texture">overlays/icon-overlay.png</param>
				</include>
				<visible>Skin.HasSetting(Enable.HighlightFocused)</visible>
			</control>
		</control>	
		<control type="group">
			<description>L1</description>
			<left>120</left>
			<animation type="Conditional" condition="true" reversible="false">
				<effect type="rotatey" center="90" end="-60" time="0" />
			</animation>			
			<control type="image">
				<include content="Coverflow_3ds_Icon">
					<param name="diffuse">diffuse/generic-diffuse.png</param>
					<param name="flipy">true</param>
					<param name="texture">$INFO[ListItem(-1).Art(poster)]</param>
					<param name="top">500</param>
				</include>
			</control>
			<control type="image">
				<include content="Coverflow_3ds_Icon">
					<param name="diffuse">diffuse/generic-diffuse.png</param>
					<param name="flipy">true</param>
					<param name="texture">overlays/icon-overlay.png</param>
					<param name="top">500</param>
				</include>
				<visible>Skin.HasSetting(Enable.HighlightFocused)</visible>
			</control>
			<control type="image">
				<include content="Coverflow_3ds_Icon">
					<param name="bordertexture">listselect_fo.png</param>
					<param name="texture">$INFO[ListItem(-1).Art(poster)]</param>
				</include>
			</control>
			<control type="image">
				<include content="Coverflow_3ds_Icon">
					<param name="texture">overlays/icon-overlay.png</param>
				</include>
				<visible>Skin.HasSetting(Enable.HighlightFocused)</visible>
			</control>
		</control>
		<control type="group">
			<description>R4</description>
			<left>1520</left>
			<visible>Container.OnPrevious</visible>
			<animation type="Hidden" reversible="false">
				<effect type="fade" start="100" end="0" time="250" />
			</animation>
			<animation type="Conditional" condition="true" reversible="false">
				<effect type="rotatey" center="2110" end="60" time="0" />
			</animation>
			<control type="image">
				<include content="Coverflow_3ds_Icon">
					<param name="diffuse">diffuse/generic-diffuse.png</param>
					<param name="flipy">true</param>
					<param name="texture">$INFO[ListItem(4).Art(poster)]</param>
					<param name="top">500</param>
				</include>
			</control>
			<control type="image">
				<include content="Coverflow_3ds_Icon">
					<param name="diffuse">diffuse/generic-diffuse.png</param>
					<param name="flipy">true</param>
					<param name="texture">overlays/icon-overlay.png</param>
					<param name="top">500</param>
				</include>
				<visible>Skin.HasSetting(Enable.HighlightFocused)</visible>
			</control>
			<control type="image">
				<include content="Coverflow_3ds_Icon">
					<param name="bordertexture">listselect_fo.png</param>
					<param name="texture">$INFO[ListItem(4).Art(poster)]</param>
				</include>
			</control>
			<control type="image">
				<include content="Coverflow_3ds_Icon">
					<param name="texture">overlays/icon-overlay.png</param>
				</include>
				<visible>Skin.HasSetting(Enable.HighlightFocused)</visible>
			</control>
		</control>
		<control type="group">
			<description>R3</description>
			<left>1240</left>
			<animation type="Conditional" condition="true" reversible="false">
				<effect type="rotatey" center="1830" end="60" time="0" />
			</animation>
			<control type="image">
				<include content="Coverflow_3ds_Icon">
					<param name="diffuse">diffuse/generic-diffuse.png</param>
					<param name="flipy">true</param>
					<param name="texture">$INFO[ListItem(3).Art(poster)]</param>
					<param name="top">500</param>
				</include>
			</control>
			<control type="image">
				<include content="Coverflow_3ds_Icon">
					<param name="diffuse">diffuse/generic-diffuse.png</param>
					<param name="flipy">true</param>
					<param name="texture">overlays/icon-overlay.png</param>
					<param name="top">500</param>
				</include>
				<visible>Skin.HasSetting(Enable.HighlightFocused)</visible>
			</control>
			<control type="image">
				<include content="Coverflow_3ds_Icon">
					<param name="bordertexture">listselect_fo.png</param>
					<param name="texture">$INFO[ListItem(3).Art(poster)]</param>
				</include>
			</control>
			<control type="image">
				<include content="Coverflow_3ds_Icon">
					<param name="texture">overlays/icon-overlay.png</param>
				</include>
				<visible>Skin.HasSetting(Enable.HighlightFocused)</visible>
			</control>
		</control>
		<control type="group">
			<description>R2</description>
			<left>960</left>
			<animation type="Conditional" condition="true" reversible="false">
				<effect type="rotatey" center="1550" end="60" time="0" />
			</animation>
			<control type="image">
				<include content="Coverflow_3ds_Icon">
					<param name="diffuse">diffuse/generic-diffuse.png</param>
					<param name="flipy">true</param>
					<param name="texture">$INFO[ListItem(2).Art(poster)]</param>
					<param name="top">500</param>
				</include>
			</control>
			<control type="image">
				<include content="Coverflow_3ds_Icon">
					<param name="diffuse">diffuse/generic-diffuse.png</param>
					<param name="flipy">true</param>
					<param name="texture">overlays/icon-overlay.png</param>
					<param name="top">500</param>
				</include>
				<visible>Skin.HasSetting(Enable.HighlightFocused)</visible>
			</control>
			<control type="image">
				<include content="Coverflow_3ds_Icon">
					<param name="bordertexture">listselect_fo.png</param>
					<param name="texture">$INFO[ListItem(2).Art(poster)]</param>
				</include>
			</control>
			<control type="image">
				<include content="Coverflow_3ds_Icon">
					<param name="texture">overlays/icon-overlay.png</param>
				</include>
				<visible>Skin.HasSetting(Enable.HighlightFocused)</visible>
			</control>
		</control>
		<control type="group">
			<description>Arriving</description>
			<left>400</left>
			<visible>Container.OnPrevious</visible>
			<animation type="Hidden" reversible="false">
				<effect type="rotatey" center="370" start="0" end="60" time="250" tween="quadratic" easing="in" />
				</animation>			
			<animation type="Conditional" condition="true" reversible="false">
				<effect type="rotatey" center="370" end="-60" time="0" />
			</animation>
			<control type="image">
				<include content="Coverflow_3ds_Icon">
					<param name="bordertexture">listselect_fo.png</param>
					<param name="colordiffuse">FF32C4FF</param>
					<param name="texture">black.png</param>
				</include>
				<animation type="Conditional" condition="Container.OnPrevious" reversible="false">
					<effect type="fade" start="0" end="100" time="250" />
				</animation>				
				<animation type="Conditional" condition="!Container.OnPrevious" reversible="false">
					<effect type="fade" start="0" end="100" time="250" />
				</animation>
			</control>			
			<control type="image">
				<include content="Coverflow_3ds_Icon">
					<param name="diffuse">diffuse/generic-diffuse.png</param>
					<param name="flipy">true</param>
					<param name="texture">$INFO[ListItem(0).Art(poster)]</param>
					<param name="top">500</param>
				</include>
			</control>
			<control type="image">
				<include content="Coverflow_3ds_Icon">
					<param name="diffuse">diffuse/generic-diffuse.png</param>
					<param name="flipy">true</param>
					<param name="texture">overlays/icon-overlay.png</param>
					<param name="top">500</param>
				</include>
				<animation type="Conditional" condition="Container.OnPrevious" reversible="false">
					<effect type="fade" start="100" end="0" time="250" />
				</animation>				
				<animation type="Conditional" condition="!Container.OnPrevious" reversible="false">
					<effect type="fade" start="100" end="0" time="250" />
				</animation>
				<visible>Skin.HasSetting(Enable.HighlightFocused)</visible>
			</control>
			<control type="image">
				<include content="Coverflow_3ds_Icon">
					<param name="bordertexture">listselect_fo.png</param>
					<param name="texture">$INFO[ListItem(0).Art(poster)]</param>
				</include>
			</control>
			<control type="image">
				<include content="Coverflow_3ds_Icon">
					<param name="texture">overlays/icon-overlay.png</param>
				</include>
				<animation type="Conditional" condition="Container.OnPrevious" reversible="false">
					<effect type="fade" start="100" end="0" time="250" />
				</animation>				
				<animation type="Conditional" condition="!Container.OnPrevious" reversible="false">
					<effect type="fade" start="100" end="0" time="250" />
				</animation>
				<visible>Skin.HasSetting(Enable.HighlightFocused)</visible>
			</control>
		</control>
		<control type="group">
			<description>Leaving</description>
			<left>680</left>
			<visible>Container.OnPrevious</visible>
			<animation type="Hidden" reversible="false">
				<effect type="rotatey" center="1270" start="0" end="60" time="250" tween="quadratic" easing="in" />
			</animation>
			<control type="image">
				<include content="Coverflow_3ds_Icon">
					<param name="bordertexture">listselect_fo.png</param>
					<param name="colordiffuse">FF32C4FF</param>
					<param name="texture">black.png</param>
				</include>
				<animation type="Conditional" condition="Container.OnPrevious" reversible="false">
					<effect type="fade" start="100" end="0" time="250" />
				</animation>				
				<animation type="Conditional" condition="!Container.OnPrevious" reversible="false">
					<effect type="fade" start="100" end="0" time="250" />
				</animation>
			</control>
			<control type="image">
				<include content="Coverflow_3ds_Icon">
					<param name="diffuse">diffuse/generic-diffuse.png</param>
					<param name="flipy">true</param>
					<param name="texture">$INFO[ListItem(1).Art(poster)]</param>
					<param name="top">500</param>
				</include>
			</control>
			<control type="image">
				<include content="Coverflow_3ds_Icon">
					<param name="diffuse">diffuse/generic-diffuse.png</param>
					<param name="flipy">true</param>
					<param name="texture">overlays/icon-overlay.png</param>
					<param name="top">500</param>
				</include>
				<animation type="Conditional" condition="Container.OnPrevious" reversible="false">
					<effect type="fade" start="0" end="100" time="250" />
				</animation>
				<animation type="Conditional" condition="!Container.OnPrevious" reversible="false">
					<effect type="fade" start="0" end="100" time="250" />
				</animation>
				<visible>Skin.HasSetting(Enable.HighlightFocused)</visible>
			</control>
			<control type="image">
				<include content="Coverflow_3ds_Icon">
					<param name="bordertexture">listselect_fo.png</param>
					<param name="texture">$INFO[ListItem(1).Art(poster)]</param>
				</include>
			</control>
			<control type="image">
				<include content="Coverflow_3ds_Icon">
					<param name="texture">overlays/icon-overlay.png</param>
				</include>
				<animation type="Conditional" condition="Container.OnPrevious" reversible="false">
					<effect type="fade" start="0" end="100" time="250" />
				</animation>
				<animation type="Conditional" condition="!Container.OnPrevious" reversible="false">
					<effect type="fade" start="0" end="100" time="250" />
				</animation>				
				<visible>Skin.HasSetting(Enable.HighlightFocused)</visible>
			</control>
		</control>
	</include>
	<!-- 3ds_focus -->
	<include name="Coverflow_3ds_Focus">
		<control type="group">
			<description>L3</description>
			<left>-160</left>
			<animation type="Conditional" condition="true" reversible="false">
				<effect type="rotatey" center="-190" end="-60" time="0" />
			</animation>			
			<control type="image">
				<include content="Coverflow_3ds_Icon">
					<param name="diffuse">diffuse/generic-diffuse.png</param>
					<param name="flipy">true</param>
					<param name="texture">$INFO[ListItem(-3).Art(poster)]</param>
					<param name="top">500</param>
				</include>
			</control>
			<control type="image">
				<include content="Coverflow_3ds_Icon">
					<param name="diffuse">diffuse/generic-diffuse.png</param>
					<param name="flipy">true</param>
					<param name="texture">overlays/icon-overlay.png</param>
					<param name="top">500</param>
				</include>
				<visible>Skin.HasSetting(Enable.HighlightFocused)</visible>
			</control>
			<control type="image">
				<include content="Coverflow_3ds_Icon">
					<param name="bordertexture">listselect_fo.png</param>
					<param name="texture">$INFO[ListItem(-3).Art(poster)]</param>
				</include>
			</control>
			<control type="image">
				<include content="Coverflow_3ds_Icon">
					<param name="texture">overlays/icon-overlay.png</param>
				</include>
				<visible>Skin.HasSetting(Enable.HighlightFocused)</visible>
			</control>
		</control>
		<control type="group">
			<description>L2</description>
			<left>120</left>
			<animation type="Conditional" condition="true" reversible="false">
				<effect type="rotatey" center="90" end="-60" time="0" />
			</animation>			
			<control type="image">
				<include content="Coverflow_3ds_Icon">
					<param name="diffuse">diffuse/generic-diffuse.png</param>
					<param name="flipy">true</param>
					<param name="texture">$INFO[ListItem(-2).Art(poster)]</param>
					<param name="top">500</param>
				</include>
			</control>
			<control type="image">
				<include content="Coverflow_3ds_Icon">
					<param name="diffuse">diffuse/generic-diffuse.png</param>
					<param name="flipy">true</param>
					<param name="texture">overlays/icon-overlay.png</param>
					<param name="top">500</param>
				</include>
				<visible>Skin.HasSetting(Enable.HighlightFocused)</visible>
			</control>
			<control type="image">
				<include content="Coverflow_3ds_Icon">
					<param name="bordertexture">listselect_fo.png</param>
					<param name="texture">$INFO[ListItem(-2).Art(poster)]</param>
				</include>
			</control>
			<control type="image">
				<include content="Coverflow_3ds_Icon">
					<param name="texture">overlays/icon-overlay.png</param>
				</include>
				<visible>Skin.HasSetting(Enable.HighlightFocused)</visible>
			</control>
		</control>
		<control type="group">
			<description>L1</description>
			<left>400</left>
			<animation type="Conditional" condition="true" reversible="false">
				<effect type="rotatey" center="370" end="-60" time="0" />
			</animation>			
			<control type="image">
				<include content="Coverflow_3ds_Icon">
					<param name="diffuse">diffuse/generic-diffuse.png</param>
					<param name="flipy">true</param>
					<param name="texture">$INFO[ListItem(-1).Art(poster)]</param>
					<param name="top">500</param>
				</include>
			</control>
			<control type="image">
				<include content="Coverflow_3ds_Icon">
					<param name="diffuse">diffuse/generic-diffuse.png</param>
					<param name="flipy">true</param>
					<param name="texture">overlays/icon-overlay.png</param>
					<param name="top">500</param>
				</include>
				<visible>Skin.HasSetting(Enable.HighlightFocused)</visible>
			</control>
			<control type="image">
				<include content="Coverflow_3ds_Icon">
					<param name="bordertexture">listselect_fo.png</param>
					<param name="texture">$INFO[ListItem(-1).Art(poster)]</param>
				</include>
			</control>
			<control type="image">
				<include content="Coverflow_3ds_Icon">
					<param name="texture">overlays/icon-overlay.png</param>
				</include>
				<visible>Skin.HasSetting(Enable.HighlightFocused)</visible>
			</control>
		</control>
		<control type="group">
			<description>R3</description>
			<left>1520</left>
			<animation type="Conditional" condition="true" reversible="false">
				<effect type="rotatey" center="2110" end="60" time="0" />
			</animation>
			<control type="image">
				<include content="Coverflow_3ds_Icon">
					<param name="diffuse">diffuse/generic-diffuse.png</param>
					<param name="flipy">true</param>
					<param name="texture">$INFO[ListItem(3).Art(poster)]</param>
					<param name="top">500</param>
				</include>
			</control>
			<control type="image">
				<include content="Coverflow_3ds_Icon">
					<param name="diffuse">diffuse/generic-diffuse.png</param>
					<param name="flipy">true</param>
					<param name="texture">overlays/icon-overlay.png</param>
					<param name="top">500</param>
				</include>
				<visible>Skin.HasSetting(Enable.HighlightFocused)</visible>
			</control>
			<control type="image">
				<include content="Coverflow_3ds_Icon">
					<param name="bordertexture">listselect_fo.png</param>
					<param name="texture">$INFO[ListItem(3).Art(poster)]</param>
				</include>
			</control>
			<control type="image">
				<include content="Coverflow_3ds_Icon">
					<param name="texture">overlays/icon-overlay.png</param>
				</include>
				<visible>Skin.HasSetting(Enable.HighlightFocused)</visible>
			</control>
		</control>
		<control type="group">
			<description>R2</description>
			<left>1240</left>
			<animation type="Conditional" condition="true" reversible="false">
				<effect type="rotatey" center="1830" end="60" time="0" />
			</animation>
			<control type="image">
				<include content="Coverflow_3ds_Icon">
					<param name="diffuse">diffuse/generic-diffuse.png</param>
					<param name="flipy">true</param>
					<param name="texture">$INFO[ListItem(2).Art(poster)]</param>
					<param name="top">500</param>
				</include>
			</control>
			<control type="image">
				<include content="Coverflow_3ds_Icon">
					<param name="diffuse">diffuse/generic-diffuse.png</param>
					<param name="flipy">true</param>
					<param name="texture">overlays/icon-overlay.png</param>
					<param name="top">500</param>
				</include>
				<visible>Skin.HasSetting(Enable.HighlightFocused)</visible>
			</control>
			<control type="image">
				<include content="Coverflow_3ds_Icon">
					<param name="bordertexture">listselect_fo.png</param>
					<param name="texture">$INFO[ListItem(2).Art(poster)]</param>
				</include>
			</control>
			<control type="image">
				<include content="Coverflow_3ds_Icon">
					<param name="texture">overlays/icon-overlay.png</param>
				</include>
				<visible>Skin.HasSetting(Enable.HighlightFocused)</visible>
			</control>
		</control>
		<control type="group">
			<description>R1</description>
			<left>960</left>
			<animation type="Conditional" condition="true" reversible="false">
				<effect type="rotatey" center="1550" end="60" time="0" />
			</animation>
			<control type="image">
				<include content="Coverflow_3ds_Icon">
					<param name="diffuse">diffuse/generic-diffuse.png</param>
					<param name="flipy">true</param>
					<param name="texture">$INFO[ListItem(1).Art(poster)]</param>
					<param name="top">500</param>
				</include>
			</control>
			<control type="image">
				<include content="Coverflow_3ds_Icon">
					<param name="diffuse">diffuse/generic-diffuse.png</param>
					<param name="flipy">true</param>
					<param name="texture">overlays/icon-overlay.png</param>
					<param name="top">500</param>
				</include>
				<visible>Skin.HasSetting(Enable.HighlightFocused)</visible>
			</control>
			<control type="image">
				<include content="Coverflow_3ds_Icon">
					<param name="bordertexture">listselect_fo.png</param>
					<param name="texture">$INFO[ListItem(1).Art(poster)]</param>
				</include>
			</control>
			<control type="image">
				<include content="Coverflow_3ds_Icon">
					<param name="texture">overlays/icon-overlay.png</param>
				</include>
				<visible>Skin.HasSetting(Enable.HighlightFocused)</visible>
			</control>
		</control>
		<control type="group">
			<description>Focus</description>
			<left>680</left>
			<control type="image">
				<include content="Coverflow_3ds_Icon">
					<param name="bordertexture">listselect_fo.png</param>
					<param name="colordiffuse">FF32C4FF</param>
					<param name="texture">black.png</param>
				</include>
				<animation effect="fade" time="400">VisibleChange</animation>
				<visible>Control.HasFocus(903) + Container(903).HasFocus(0)</visible>
			</control>
			<control type="image">
				<include content="Coverflow_3ds_Icon">
					<param name="diffuse">diffuse/generic-diffuse.png</param>
					<param name="flipy">true</param>
					<param name="texture">$INFO[ListItem.Art(poster)]</param>
					<param name="top">500</param>
				</include>
			</control>
			<control type="image">
				<include content="Coverflow_3ds_Icon">
					<param name="diffuse">diffuse/generic-diffuse.png</param>
					<param name="flipy">true</param>
					<param name="texture">overlays/icon-overlay.png</param>
					<param name="top">500</param>
				</include>
				<animation type="Conditional" condition="Control.HasFocus(903) + [!Container.OnNext + !Container.OnPrevious]" reversible="false">
					<effect type="fade" start="100" end="0" time="400" />
				</animation>
				<visible>Skin.HasSetting(Enable.HighlightFocused)</visible>
			</control>
			<control type="image">
				<include content="Coverflow_3ds_Icon">
					<param name="bordertexture">listselect_fo.png</param>
				</include>
			</control>
			<control type="image">
				<include content="Coverflow_3ds_Icon">
					<param name="texture">overlays/icon-overlay.png</param>
				</include>
				<animation type="Conditional" condition="Control.HasFocus(903) + [!Container.OnNext + !Container.OnPrevious]" reversible="false">
					<effect type="fade" start="100" end="0" time="400" />
				</animation>
				<visible>Skin.HasSetting(Enable.HighlightFocused)</visible>
			</control>
		</control>
	</include>
</includes>