<colors>
	<color name="TitleTextColor">FFE8E8E8</color>
	<color name="NormalTextColor">FFE8E8E8</color>	
	<color name="AltTextColor">FFCA8E9C</color>	
	<color name="LabelTextColor">FFBA7E8C</color>	
	<color name="FocusColor">FF8A4E5C</color>	
	<color name="SelectedColor">FF8A4E5C</color>	
	<color name="DisabledColor">FF606060</color>
	<color name="black">FF000000</color>
	<color name="invalid">FFFF6666</color>
	<color name="shadow">AA000000</color>
	<color name="background">FF220B21</color>
	<color name="dialog">FF402F46</color>
	<color name="white11">11FFFFFF</color>
	<color name="blue">FF6DB9E5</color>
</colors>