<?xml version="1.0" encoding="UTF-8"?>
<template>

    <other include="widget-vertical">
        <property name="id" tag="mainmenuid" />
        <property name="path" tag="property" attribute="name|widgetPath" />
        <property name="target" tag="property" attribute="name|widgetTarget" />
        <property name="sortby" tag="property" attribute="name|widgetSortBy" />
        <property name="limit" tag="property" attribute="name|widgetLimit" />
        <property name="sortdirection" tag="property" attribute="name|widgetSortDirection" />
        <property name="path"></property>
        <property name="target"></property>
        <controls>
            <include content="WidgetBusyAnimation">
                <param name="id">8011$SKINSHORTCUTS[id]</param>
            </include>
            <control type="group">
                <visible>![Window.IsVisible(favourites) | Window.IsVisible(script-globalsearch-main.xml) | Window.IsVisible(script-lazytv-main.xml) | Window.IsVisible(script-lazytv-BigScreenList.xml) | Window.IsVisible(movieinformation) | Window.IsVisible(musicinformation) | Window.IsVisible(songinformation) | Window.IsActive(addoninformation)]</visible>
                <include>Animation.Common</include>
                <top>210</top>
                <control type="image">
                    <visible>Control.HasFocus(8011$SKINSHORTCUTS[id]) + !Container(8011$SKINSHORTCUTS[id]).IsUpdating + [[String.IsEqual(Container(9000).ListItem.Property(widgetIcon),$LOCALIZE[21371]) + ![String.Contains(Container(9000).ListItem.Property(widgetPath),recentlyaddedepisodes) | String.Contains(Container(9000).ListItem.Property(widgetType),episodes)]] | String.IsEmpty(Container(9000).ListItem.Property(widgetIcon))]</visible>
                    <animation effect="fade" time="320" delay="200">Visible</animation>
                    <animation effect="fade" time="200">Hidden</animation>
                    <left>504</left>
                    <top>10</top>
                    <width>330</width>
                    <height>370</height>
                    <include>FocusedBackgroundFade</include>
                    <texture colordiffuse="highlight" border="5">listselect_fo.png</texture>
                    <animation effect="slide" end="0,390" time="300" tween="cubic" easing="inout" condition="Integer.IsGreater(Container(8011$SKINSHORTCUTS[id]).Row,0)">Conditional</animation>
                    <animation effect="slide" end="350,0" time="300" tween="cubic" easing="inout" condition="Integer.IsGreater(Container(8011$SKINSHORTCUTS[id]).Column,3)">Conditional</animation>
                    <animation effect="slide" end="350,0" time="300" tween="cubic" easing="inout" condition="Integer.IsGreater(Container(8011$SKINSHORTCUTS[id]).Column,2)">Conditional</animation>
                    <animation effect="slide" end="350,0" time="300" tween="cubic" easing="inout" condition="Integer.IsGreater(Container(8011$SKINSHORTCUTS[id]).Column,1)">Conditional</animation>
                    <animation effect="slide" end="350,0" time="300" tween="cubic" easing="inout" condition="Integer.IsGreater(Container(8011$SKINSHORTCUTS[id]).Column,0)">Conditional</animation>
                </control>
                <control type="image">
                    <visible>Control.HasFocus(8011$SKINSHORTCUTS[id]) + !Container(8011$SKINSHORTCUTS[id]).IsUpdating + String.IsEqual(Container(9000).ListItem.Property(widgetIcon),$LOCALIZE[20021])</visible>
                    <animation effect="fade" time="320" delay="200">Visible</animation>
                    <animation effect="fade" time="200">Hidden</animation>
                    <left>504</left>
                    <top>10</top>
                    <width>680</width>
                    <height>370</height>
                    <include>FocusedBackgroundFade</include>
                    <texture colordiffuse="highlight" border="5">listselect_fo.png</texture>
                    <animation effect="slide" end="0,390" time="300" tween="cubic" easing="inout" condition="Integer.IsGreater(Container(8011$SKINSHORTCUTS[id]).Row,0)">Conditional</animation>
                    <animation effect="slide" end="700,0" time="300" tween="cubic" easing="inout" condition="Integer.IsGreater(Container(8011$SKINSHORTCUTS[id]).Column,0)">Conditional</animation>
                </control>
                <control type="image">
                    <visible>Control.HasFocus(8011$SKINSHORTCUTS[id]) + !Container(8011$SKINSHORTCUTS[id]).IsUpdating + [String.IsEqual(Container(9000).ListItem.Property(widgetIcon),$LOCALIZE[20445]) | String.IsEqual(Container(9000).ListItem.Property(widgetIcon),$LOCALIZE[31100]) | String.IsEqual(Container(9000).ListItem.Property(widgetIcon),$LOCALIZE[31088]) | [String.IsEqual(Container(9000).ListItem.Property(widgetIcon),$LOCALIZE[21371]) + [String.Contains(Container(9000).ListItem.Property(widgetPath),recentlyaddedepisodes) | String.Contains(Container(9000).ListItem.Property(widgetType),episodes)]]]</visible>
                    <animation effect="fade" time="320" delay="200">Visible</animation>
                    <animation effect="fade" time="200">Hidden</animation>
                    <left>504</left>
                    <top>10</top>
                    <width>330</width>
                    <height>240</height>
                    <include>FocusedBackgroundFade</include>
                    <texture colordiffuse="highlight" border="5">listselect_fo.png</texture>
                    <animation effect="slide" end="0,260" time="300" tween="cubic" easing="inout" condition="Integer.IsGreater(Container(8011$SKINSHORTCUTS[id]).Row,1)">Conditional</animation>
                    <animation effect="slide" end="0,260" time="300" tween="cubic" easing="inout" condition="Integer.IsGreater(Container(8011$SKINSHORTCUTS[id]).Row,0)">Conditional</animation>
                    <animation effect="slide" end="350,0" time="300" tween="cubic" easing="inout" condition="Integer.IsGreater(Container(8011$SKINSHORTCUTS[id]).Column,3)">Conditional</animation>
                    <animation effect="slide" end="350,0" time="300" tween="cubic" easing="inout" condition="Integer.IsGreater(Container(8011$SKINSHORTCUTS[id]).Column,2)">Conditional</animation>
                    <animation effect="slide" end="350,0" time="300" tween="cubic" easing="inout" condition="Integer.IsGreater(Container(8011$SKINSHORTCUTS[id]).Column,1)">Conditional</animation>
                    <animation effect="slide" end="350,0" time="300" tween="cubic" easing="inout" condition="Integer.IsGreater(Container(8011$SKINSHORTCUTS[id]).Column,0)">Conditional</animation>
                </control>
                <control type="panel" id="8011$SKINSHORTCUTS[id]">
                    <skinshortcuts>visibility</skinshortcuts>
                    <include content="WidgetContents">
                        <param name="id">8011$SKINSHORTCUTS[id]</param>
                        <param name="onup">8011$SKINSHORTCUTS[id]</param>
                        <param name="ondown">8011$SKINSHORTCUTS[id]</param>
                        <param name="onleft">9000</param>
                        <param name="onright">8011$SKINSHORTCUTS[id]</param>
                        <param name="width">1400</param>
                        <param name="left">494</param>
                        <param name="orientation">vertical</param>
                    </include>
                    <content limit="$SKINSHORTCUTS[limit]" sortby="$SKINSHORTCUTS[sortby]" sortorder="$SKINSHORTCUTS[sortdirection]" target="$SKINSHORTCUTS[target]">$SKINSHORTCUTS[path]</content>
                </control>
                <control type="group">
                    <include>VisibleFadeEffect</include>
                    <visible>Control.HasFocus(8011$SKINSHORTCUTS[id]) | Control.HasFocus(8013$SKINSHORTCUTS[id])</visible>
                    <height>30</height>
                    <top>-55</top>
                    <left>1178</left>
                    <control type="label">
                        <visible>[Control.HasFocus(8011$SKINSHORTCUTS[id]) + Container(8011$SKINSHORTCUTS[id]).HasPrevious] | [Control.HasFocus(8013$SKINSHORTCUTS[id]) + Container(8013$SKINSHORTCUTS[id]).HasPrevious]</visible>
                        <width>30</width>
                        <height>30</height>
                        <align>center</align>
                        <label>s</label>
                        <font>IconTiny</font>
                        <textcolor>disabled</textcolor>
                    </control>
                    <control type="label">
                        <visible>[Control.HasFocus(8011$SKINSHORTCUTS[id]) + Container(8011$SKINSHORTCUTS[id]).HasNext] | [Control.HasFocus(8013$SKINSHORTCUTS[id]) + Container(8013$SKINSHORTCUTS[id]).HasNext]</visible>
                        <top>860</top>
                        <width>30</width>
                        <height>30</height>
                        <align>center</align>
                        <label>t</label>
                        <font>IconTiny</font>
                        <textcolor>disabled</textcolor>
                    </control>
                </control>
                <control type="group">
                    <skinshortcuts>visibility</skinshortcuts>
                    <visible>Integer.IsGreater(Container(8011$SKINSHORTCUTS[id]).NumItems,0) | Control.IsVisible(8012$SKINSHORTCUTS[id]) | Control.IsVisible(8013$SKINSHORTCUTS[id])</visible>
                    <control type="label">
                        <visible>Control.HasFocus(9000) | Control.HasFocus(9010)</visible>
                        <include>VisibleFadeEffect</include>
                        <left>503</left>
                        <top>-40</top>
                        <width>1380</width>
                        <height>40</height>
                        <font>font15_title</font>
                        <align>right</align>
                        <textcolor>disabled</textcolor>
                        <label>[LOWERCASE]$VAR[WidgetNameLabelVar][/LOWERCASE]</label>
                    </control>
                </control>
                <control type="image">
                    <visible>Control.HasFocus(8012$SKINSHORTCUTS[id]) + !Container(8012$SKINSHORTCUTS[id]).IsUpdating</visible>
                    <animation effect="fade" time="320" delay="200">Visible</animation>
                    <animation effect="fade" time="200">Hidden</animation>
                    <left>504</left>
                    <top>400</top>
                    <width>330</width>
                    <height>370</height>
                    <texture colordiffuse="highlight" border="5">listselect_fo.png</texture>
                    <animation effect="slide" end="350,0" time="300" tween="cubic" easing="inout" condition="Integer.IsGreater(Container(8012$SKINSHORTCUTS[id]).Column,3)">Conditional</animation>
                    <animation effect="slide" end="350,0" time="300" tween="cubic" easing="inout" condition="Integer.IsGreater(Container(8012$SKINSHORTCUTS[id]).Column,2)">Conditional</animation>
                    <animation effect="slide" end="350,0" time="300" tween="cubic" easing="inout" condition="Integer.IsGreater(Container(8012$SKINSHORTCUTS[id]).Column,1)">Conditional</animation>
                    <animation effect="slide" end="350,0" time="300" tween="cubic" easing="inout" condition="Integer.IsGreater(Container(8012$SKINSHORTCUTS[id]).Column,0)">Conditional</animation>
                </control>
                <control type="panel" id="8012$SKINSHORTCUTS[id]">
                    <skinshortcuts>visibility</skinshortcuts>
                    <include content="WeatherWidgetContents">
                        <param name="id">8012$SKINSHORTCUTS[id]</param>
                        <param name="left">494</param>
                        <param name="width">1400</param>
                    </include>
                </control>
                <control type="group">
                	<description>Weather Widget</description>
                    <visible>Control.IsVisible(8012$SKINSHORTCUTS[id])</visible>
                    <top>0</top>
                    <left>493</left>
                    <width>1400</width>
                    <height>390</height>
                    <top>370</top>
                    <control type="image">
                        <left>10</left>
                        <top>10</top>
                        <right>10</right>
                        <bottom>10</bottom>
                        <texture colordiffuse="33787878" border="5">listselect_fo.png</texture>
                    </control>
                    <control type="image">
                        <left>20</left>
                        <top>20</top>
                        <right>20</right>
                        <height>310</height>
                        <texture colordiffuse="background" border="5">thumbnail_bg.png</texture>
                    </control>
                    <control type="image">
                        <top>20</top>
                        <left>20</left>
                        <right>20</right>
                        <height>310</height>
                        <texture border="5">overlays/diffuse-overlay.png</texture>
                    </control>
                    <control type="grouplist">
                        <left>20</left>
                        <right>20</right>
                        <top>327</top>
                        <height>50</height>
                        <orientation>horizontal</orientation>
                        <control type="label">
                            <width>auto</width>
                            <font>font13</font>
                            <label>$LOCALIZE[31204]</label>
                        </control>
                        <control type="label">
                            <width>auto</width>
                            <font>font13</font>
                            <label> $LOCALIZE[19107] </label>
                            <visible>!String.IsEmpty(Window(weather).Property(Location))</visible>
                        </control>
                        <control type="label">
                            <width>auto</width>
                            <font>font13</font>
                            <label>$INFO[Window(weather).Property(Location)]</label>
                        </control>
                    </control>
                    <control type="image">
                        <left>40</left>
                        <top>40</top>
                        <height>270</height>
                        <aspectratio scalediffuse="false" align="left" aligny="center">keep</aspectratio>
						<texture background="true">$INFO[Window(weather).Property(Current.RemoteIcon)]</texture>
						<visible>Skin.HasSetting(Enable.RemoteWeatherIcons)</visible>
                    </control>
                    <control type="image">
                        <left>40</left>
                        <top>40</top>
                        <height>270</height>
                        <aspectratio scalediffuse="false" align="left" aligny="center">keep</aspectratio>
                        <texture background="true">$VAR[WeatherIconVar]$INFO[Window(weather).Property(Current.FanartCode),,.png]</texture>
 						<visible>!Skin.HasSetting(Enable.RemoteWeatherIcons)</visible>
                    </control>
                    <control type="grouplist">
                        <top>0</top>
                        <left>350</left>
                        <orientation>horizontal</orientation>
                        <control type="label">
                            <description>current temp Value</description>
                            <width>auto</width>
                            <height>270</height>
                            <font>WeatherTemp</font>
                            <label>$INFO[Window(weather).Property(Current.Temperature)]</label>
                        </control>
                        <control type="label">
                            <description>current temp Value Units</description>
                            <left>270</left>
                            <width>auto</width>
                            <height>216</height>
                            <font>font16</font>
                            <label>$INFO[System.TemperatureUnits]</label>
                        </control>
						<control type="label">
							<description>weather alerts</description>
							<width>auto</width>	
							<left>270</left>
							<height>216</height>
							<font>font16</font>
							<label>  [COLOR yellow]Weather Alert![/COLOR]</label>
							<visible>!String.IsEmpty(Window(weather).Property(Alerts.IsFetched))</visible>
					</control>
                    </control>
                    <control type="label">
                        <description>current condition label</description>
                        <top>210</top>
                        <left>350</left>
                        <width>800</width>
                        <height>60</height>
                        <label>$INFO[Window(weather).Property(Current.Condition)], $LOCALIZE[402] $INFO[Window(weather).Property(Current.FeelsLike)]$INFO[System.TemperatureUnits]</label>
						<scroll>true</scroll>
                        <font>font30</font>
                    </control>
                    <control type="grouplist">
                        <left>900</left>
                        <top>60</top>
                        <width>438</width>
                        <itemgap>20</itemgap>
                        <control type="label">
                            <label>[COLOR highlight]$LOCALIZE[406]: [/COLOR]$INFO[Window(weather).Property(Current.Humidity)]</label>
                            <width>438</width>
                            <height>40</height>
                            <align>right</align>
                            <font>font14</font>
                        </control>
                        <control type="label">
                            <label>[COLOR highlight]$LOCALIZE[404]:[/COLOR] $INFO[Window(weather).Property(Current.Wind)]</label>
                            <width>438</width>
                            <height>40</height>
                            <align>right</align>
                            <font>font14</font>
                        </control>
                        <control type="label">
                        	<visible>!String.IsEmpty(Window(weather).Property(Today.Sunrise))</visible>
                            <label>[COLOR highlight]$LOCALIZE[33027]:[/COLOR] [LOWERCASE]$INFO[Window(weather).Property(Today.Sunrise)][/LOWERCASE]</label>
                            <width>438</width>
                            <height>40</height>
                            <align>right</align>
                            <font>font14</font>
                        </control>
                        <control type="label">
                        	<visible>!String.IsEmpty(Window(weather).Property(Today.Sunset))</visible>
                            <label>[COLOR highlight]$LOCALIZE[33028]:[/COLOR] [LOWERCASE]$INFO[Window(weather).Property(Today.Sunset)][/LOWERCASE]</label>
                            <width>438</width>
                            <height>40</height>
                            <align>right</align>
                            <font>font14</font>
                        </control>
                    </control>
                </control>
                <control type="image">
                    <visible>Control.HasFocus(8013$SKINSHORTCUTS[id]) + !Container(8013$SKINSHORTCUTS[id]).IsUpdating</visible>
                    <animation effect="fade" time="320" delay="200">Visible</animation>
                    <animation effect="fade" time="200">Hidden</animation>
                    <left>504</left>
                    <top>10</top>
                    <width>330</width>
                    <height>240</height>
                    <include>FocusedBackgroundFade</include>
                    <texture colordiffuse="highlight" border="5">listselect_fo.png</texture>
                    <animation effect="slide" end="0,260" time="300" tween="cubic" easing="inout" condition="Integer.IsGreater(Container(8013$SKINSHORTCUTS[id]).Row,1)">Conditional</animation>
                    <animation effect="slide" end="0,260" time="300" tween="cubic" easing="inout" condition="Integer.IsGreater(Container(8013$SKINSHORTCUTS[id]).Row,0)">Conditional</animation>
                    <animation effect="slide" end="350,0" time="300" tween="cubic" easing="inout" condition="Integer.IsGreater(Container(8013$SKINSHORTCUTS[id]).Column,3)">Conditional</animation>
                    <animation effect="slide" end="350,0" time="300" tween="cubic" easing="inout" condition="Integer.IsGreater(Container(8013$SKINSHORTCUTS[id]).Column,2)">Conditional</animation>
                    <animation effect="slide" end="350,0" time="300" tween="cubic" easing="inout" condition="Integer.IsGreater(Container(8013$SKINSHORTCUTS[id]).Column,1)">Conditional</animation>
                    <animation effect="slide" end="350,0" time="300" tween="cubic" easing="inout" condition="Integer.IsGreater(Container(8013$SKINSHORTCUTS[id]).Column,0)">Conditional</animation>
                </control>
                <control type="panel" id="8013$SKINSHORTCUTS[id]">
                    <skinshortcuts>visibility</skinshortcuts>
                    <include content="SettingsWidgetContents">
                        <param name="id">8013$SKINSHORTCUTS[id]</param>
                        <param name="left">494</param>
                        <param name="width">1400</param>
                        <param name="onup">8013$SKINSHORTCUTS[id]</param>
                        <param name="ondown">8013$SKINSHORTCUTS[id]</param>
                        <param name="onleft">9000</param>
                        <param name="onright">8013$SKINSHORTCUTS[id]</param>
                    </include>
                </control>
            </control>
        </controls>
    </other>
    <other include="widget-horizontal">
        <property name="id" tag="mainmenuid" />
        <property name="path" tag="property" attribute="name|widgetPath" />
        <property name="target" tag="property" attribute="name|widgetTarget" />
        <property name="sortby" tag="property" attribute="name|widgetSortBy" />
        <property name="limit" tag="property" attribute="name|widgetLimit" />
        <property name="sortdirection" tag="property" attribute="name|widgetSortDirection" />
        <property name="path"></property>
        <property name="target"></property>
        <controls>
            <include content="WidgetBusyAnimation">
                <param name="id">8011$SKINSHORTCUTS[id]</param>
            </include>
            <control type="group">
                <visible>![Window.IsVisible(favourites) | Window.IsVisible(script-globalsearch-main.xml) | Window.IsVisible(script-lazytv-main.xml) | Window.IsVisible(script-lazytv-BigScreenList.xml) | Window.IsVisible(movieinformation) | Window.IsVisible(musicinformation) | Window.IsVisible(songinformation) | Window.IsActive(addoninformation)]</visible>
                <include>Animation.Common</include>
                <top>147</top>
                <control type="image">
                    <visible>Control.HasFocus(8011$SKINSHORTCUTS[id]) + !Container(8011$SKINSHORTCUTS[id]).IsUpdating + [[String.IsEqual(Container(9000).ListItem.Property(widgetIcon),$LOCALIZE[21371]) + ![String.Contains(Container(9000).ListItem.Property(widgetPath),recentlyaddedepisodes) | String.Contains(Container(9000).ListItem.Property(widgetType),episodes)]] | String.IsEmpty(Container(9000).ListItem.Property(widgetIcon))]</visible>
                    <animation effect="fade" time="320" delay="200">Visible</animation>
                    <animation effect="fade" time="200">Hidden</animation>
                    <left>95</left>
                    <top>10</top>
                    <width>330</width>
                    <height>370</height>
                    <texture colordiffuse="highlight" border="5">listselect_fo.png</texture>
                    <animation effect="slide" end="0,390" time="300" tween="cubic" easing="inout" condition="Integer.IsGreater(Container(8011$SKINSHORTCUTS[id]).Row,0)">Conditional</animation>
                    <animation effect="slide" end="350,0" time="300" tween="cubic" easing="inout" condition="Integer.IsGreater(Container(8011$SKINSHORTCUTS[id]).Column,3)">Conditional</animation>
                    <animation effect="slide" end="350,0" time="300" tween="cubic" easing="inout" condition="Integer.IsGreater(Container(8011$SKINSHORTCUTS[id]).Column,2)">Conditional</animation>
                    <animation effect="slide" end="350,0" time="300" tween="cubic" easing="inout" condition="Integer.IsGreater(Container(8011$SKINSHORTCUTS[id]).Column,1)">Conditional</animation>
                    <animation effect="slide" end="350,0" time="300" tween="cubic" easing="inout" condition="Integer.IsGreater(Container(8011$SKINSHORTCUTS[id]).Column,0)">Conditional</animation>
                </control>
                <control type="image">
                    <visible>Control.HasFocus(8011$SKINSHORTCUTS[id]) + !Container(8011$SKINSHORTCUTS[id]).IsUpdating + String.IsEqual(Container(9000).ListItem.Property(widgetIcon),$LOCALIZE[20021])</visible>
                    <animation effect="fade" time="320" delay="200">Visible</animation>
                    <animation effect="fade" time="200">Hidden</animation>
                    <left>95</left>
                    <top>10</top>
                    <width>855</width>
                    <height>370</height>
                    <include>FocusedBackgroundFade</include>
                    <texture colordiffuse="highlight" border="5">listselect_fo.png</texture>
                    <animation effect="slide" end="0,390" time="300" tween="cubic" easing="inout" condition="Integer.IsGreater(Container(8011$SKINSHORTCUTS[id]).Row,0)">Conditional</animation>
                    <animation effect="slide" end="875,0" time="300" tween="cubic" easing="inout" condition="Integer.IsGreater(Container(8011$SKINSHORTCUTS[id]).Column,0)">Conditional</animation>
                </control>
                <control type="image">
                    <visible>Control.HasFocus(8011$SKINSHORTCUTS[id]) + !Container(8011$SKINSHORTCUTS[id]).IsUpdating + [String.IsEqual(Container(9000).ListItem.Property(widgetIcon),$LOCALIZE[20445]) | String.IsEqual(Container(9000).ListItem.Property(widgetIcon),$LOCALIZE[31100]) | String.IsEqual(Container(9000).ListItem.Property(widgetIcon),$LOCALIZE[31088]) | [String.IsEqual(Container(9000).ListItem.Property(widgetIcon),$LOCALIZE[21371]) + [String.Contains(Container(9000).ListItem.Property(widgetPath),recentlyaddedepisodes) | String.Contains(Container(9000).ListItem.Property(widgetType),episodes)]]]</visible>
                    <animation effect="fade" time="320" delay="200">Visible</animation>
                    <animation effect="fade" time="200">Hidden</animation>
                    <left>95</left>
                    <top>10</top>
                    <width>330</width>
                    <height>240</height>
                    <texture colordiffuse="highlight" border="5">listselect_fo.png</texture>
                    <animation effect="slide" end="0,260" time="300" tween="cubic" easing="inout" condition="Integer.IsGreater(Container(8011$SKINSHORTCUTS[id]).Row,1)">Conditional</animation>
                    <animation effect="slide" end="0,260" time="300" tween="cubic" easing="inout" condition="Integer.IsGreater(Container(8011$SKINSHORTCUTS[id]).Row,0)">Conditional</animation>
                    <animation effect="slide" end="350,0" time="300" tween="cubic" easing="inout" condition="Integer.IsGreater(Container(8011$SKINSHORTCUTS[id]).Column,3)">Conditional</animation>
                    <animation effect="slide" end="350,0" time="300" tween="cubic" easing="inout" condition="Integer.IsGreater(Container(8011$SKINSHORTCUTS[id]).Column,2)">Conditional</animation>
                    <animation effect="slide" end="350,0" time="300" tween="cubic" easing="inout" condition="Integer.IsGreater(Container(8011$SKINSHORTCUTS[id]).Column,1)">Conditional</animation>
                    <animation effect="slide" end="350,0" time="300" tween="cubic" easing="inout" condition="Integer.IsGreater(Container(8011$SKINSHORTCUTS[id]).Column,0)">Conditional</animation>
                </control>
                <control type="panel" id="8011$SKINSHORTCUTS[id]">
                    <skinshortcuts>visibility</skinshortcuts>
                    <include content="WidgetContents">
                        <param name="id">8011$SKINSHORTCUTS[id]</param>
                        <param name="onup">8011$SKINSHORTCUTS[id]</param>
                        <param name="ondown">9000</param>
                        <param name="onleft">8011$SKINSHORTCUTS[id]</param>
                        <param name="onright">8011$SKINSHORTCUTS[id]</param>
                        <param name="width">1750</param>
                        <param name="left">85</param>
                        <param name="orientation">horizontal</param>
                    </include>
                    <content limit="$SKINSHORTCUTS[limit]" sortby="$SKINSHORTCUTS[sortby]" sortorder="$SKINSHORTCUTS[sortdirection]" target="$SKINSHORTCUTS[target]">$SKINSHORTCUTS[path]</content>
                </control>
                <control type="group">
                    <include>VisibleFadeEffect</include>
                    <visible>Control.HasFocus(8011$SKINSHORTCUTS[id]) | Control.HasFocus(8013$SKINSHORTCUTS[id])</visible>
                    <height>30</height>
                    <top>375</top>
                    <left>30</left>
                    <control type="label">
                        <visible>[Control.HasFocus(8011$SKINSHORTCUTS[id]) + Container(8011$SKINSHORTCUTS[id]).HasPrevious] | [Control.HasFocus(8013$SKINSHORTCUTS[id]) + Container(8013$SKINSHORTCUTS[id]).HasPrevious]</visible>
                        <width>30</width>
                        <height>30</height>
                        <align>center</align>
                        <label>a</label>
                        <font>IconTiny</font>
                        <textcolor>disabled</textcolor>
                    </control>
                    <control type="label">
                        <visible>[Control.HasFocus(8011$SKINSHORTCUTS[id]) + Container(8011$SKINSHORTCUTS[id]).HasNext] | [Control.HasFocus(8013$SKINSHORTCUTS[id]) + Container(8013$SKINSHORTCUTS[id]).HasNext]</visible>
                        <left>1830</left>
                        <width>30</width>
                        <height>30</height>
                        <align>center</align>
                        <label>b</label>
                        <font>IconTiny</font>
                        <textcolor>disabled</textcolor>
                    </control>
                </control>
                <control type="group">
                    <skinshortcuts>visibility</skinshortcuts>
                    <visible>Integer.IsGreater(Container(8011$SKINSHORTCUTS[id]).NumItems,0) | Control.IsVisible(8012$SKINSHORTCUTS[id]) | Control.IsVisible(8013$SKINSHORTCUTS[id])</visible>
                    <control type="label">
                        <visible>Control.HasFocus(9000) | Control.HasFocus(9010)</visible>
                        <include>VisibleFadeEffect</include>
                        <left>1885</left>
                        <top>10</top>
                        <width>780</width>
                        <height>40</height>
                        <font>font15_title</font>
                        <angle>-90</angle>
                        <aligny>top</aligny>
                        <textcolor>disabled</textcolor>
                        <label>[LOWERCASE]$VAR[WidgetNameLabelVar][/LOWERCASE]</label>
                    </control>
                </control>
                <control type="image">
                    <visible>Control.HasFocus(8012$SKINSHORTCUTS[id]) + !Container(8012$SKINSHORTCUTS[id]).IsUpdating</visible>
                    <animation effect="fade" time="320" delay="200">Visible</animation>
                    <animation effect="fade" time="200">Hidden</animation>
                    <left>95</left>
                    <top>400</top>
                    <width>330</width>
                    <height>370</height>
                    <include>FocusedBackgroundFade</include>
                    <texture colordiffuse="highlight" border="5">listselect_fo.png</texture>
                    <animation effect="slide" end="350,0" time="300" tween="cubic" easing="inout" condition="Integer.IsGreater(Container(8012$SKINSHORTCUTS[id]).Column,3)">Conditional</animation>
                    <animation effect="slide" end="350,0" time="300" tween="cubic" easing="inout" condition="Integer.IsGreater(Container(8012$SKINSHORTCUTS[id]).Column,2)">Conditional</animation>
                    <animation effect="slide" end="350,0" time="300" tween="cubic" easing="inout" condition="Integer.IsGreater(Container(8012$SKINSHORTCUTS[id]).Column,1)">Conditional</animation>
                    <animation effect="slide" end="350,0" time="300" tween="cubic" easing="inout" condition="Integer.IsGreater(Container(8012$SKINSHORTCUTS[id]).Column,0)">Conditional</animation>
                </control>
                <control type="panel" id="8012$SKINSHORTCUTS[id]">
                    <skinshortcuts>visibility</skinshortcuts>
                    <include content="WeatherWidgetContents">
                        <param name="id">8012$SKINSHORTCUTS[id]</param>
                        <param name="left">85</param>
                        <param name="width">1750</param>
                    </include>
                </control>
                <control type="group">
                	<description>Weather Widget</description>
                    <visible>Control.IsVisible(8012$SKINSHORTCUTS[id])</visible>
                    <top>0</top>
                    <left>85</left>
                    <width>1750</width>
                    <height>390</height>
                    <top>370</top>
                    <control type="image">
                        <left>10</left>
                        <top>10</top>
                        <right>10</right>
                        <bottom>10</bottom>
                        <texture colordiffuse="33787878" border="5">listselect_fo.png</texture>
                    </control>
                    <control type="image">
                        <left>20</left>
                        <top>20</top>
                        <right>20</right>
                        <height>310</height>
                        <texture colordiffuse="background" border="5">thumbnail_bg.png</texture>
                    </control>
                    <control type="image">
                        <top>20</top>
                        <left>20</left>
                        <right>20</right>
                        <height>310</height>
                        <texture border="5">overlays/diffuse-overlay.png</texture>
                    </control>
                    <control type="grouplist">
                        <left>20</left>
                        <right>20</right>
                        <top>327</top>
                        <height>50</height>
                        <orientation>horizontal</orientation>
                        <control type="label">
                            <width>auto</width>
                            <font>font13</font>
                            <label>$LOCALIZE[31204]</label>
                        </control>
                        <control type="label">
                            <width>auto</width>
                            <font>font13</font>
                            <label> $LOCALIZE[19107] </label>
                            <visible>!String.IsEmpty(Window(weather).Property(Location))</visible>
                        </control>
                        <control type="label">
                            <width>auto</width>
                            <font>font13</font>
                            <label>$INFO[Window(weather).Property(Location)]</label>
                        </control>
                    </control>
                    <control type="image">
                        <left>40</left>
                        <top>40</top>
                        <height>270</height>
                        <aspectratio scalediffuse="false" align="left" aligny="center">keep</aspectratio>
						<texture background="true">$INFO[Window(weather).Property(Current.RemoteIcon)]</texture>
						<visible>Skin.HasSetting(Enable.RemoteWeatherIcons)</visible>
                    </control>
                    <control type="image">
                        <left>40</left>
                        <top>40</top>
                        <height>270</height>
                        <aspectratio scalediffuse="false" align="left" aligny="center">keep</aspectratio>
                        <texture background="true">$VAR[WeatherIconVar]$INFO[Window(weather).Property(Current.FanartCode),,.png]</texture>
 						<visible>!Skin.HasSetting(Enable.RemoteWeatherIcons)</visible>
                    </control>

                    <control type="grouplist">
                        <top>0</top>
                        <left>350</left>
                        <orientation>horizontal</orientation>
                        <control type="label">
                            <description>current temp Value</description>
                            <width>auto</width>
                            <height>270</height>
                            <font>WeatherTemp</font>
                            <label>$INFO[Window(weather).Property(Current.Temperature)]</label>
                        </control>
                        <control type="label">
                            <description>current temp Value Units</description>
                            <left>270</left>
                            <width>auto</width>
                            <height>216</height>
                            <font>font16</font>
                            <label>$INFO[System.TemperatureUnits]</label>
                        </control>
                    </control>
                    <control type="label">
                        <description>current condition label</description>
                        <top>210</top>
                        <left>350</left>
                        <width>800</width>
                        <height>60</height>
                        <label>$INFO[Window(weather).Property(Current.Condition)], $LOCALIZE[402] $INFO[Window(weather).Property(Current.FeelsLike)]$INFO[System.TemperatureUnits]</label>
						<scroll>true</scroll>
                        <font>font30</font>
                    </control>
                    <control type="grouplist">
                        <left>1250</left>
                        <top>60</top>
                        <width>438</width>
                        <itemgap>20</itemgap>
                        <control type="label">
                            <label>[COLOR highlight]$LOCALIZE[406]: [/COLOR]$INFO[Window(weather).Property(Current.Humidity)]</label>
                            <width>438</width>
                            <height>40</height>
                            <align>right</align>
                            <font>font14</font>
                        </control>
                        <control type="label">
                            <label>[COLOR highlight]$LOCALIZE[404]:[/COLOR] $INFO[Window(weather).Property(Current.Wind)]</label>
                            <width>438</width>
                            <height>40</height>
                            <align>right</align>
                            <font>font14</font>
                        </control>
                        <control type="label">
                        	<visible>!String.IsEmpty(Window(weather).Property(Today.Sunrise))</visible>
                            <label>[COLOR highlight]$LOCALIZE[33027]:[/COLOR] $INFO[Window(weather).Property(Today.Sunrise)]</label>
                            <width>438</width>
                            <height>40</height>
                            <align>right</align>
                            <font>font14</font>
                        </control>
                        <control type="label">
                        	<visible>!String.IsEmpty(Window(weather).Property(Today.Sunset))</visible>
                            <label>[COLOR highlight]$LOCALIZE[33028]:[/COLOR] $INFO[Window(weather).Property(Today.Sunset)]</label>
                            <width>438</width>
                            <height>40</height>
                            <align>right</align>
                            <font>font14</font>
                        </control>
                    </control>
                </control>
                <control type="image">
                    <visible>Control.HasFocus(8013$SKINSHORTCUTS[id]) + !Container(8013$SKINSHORTCUTS[id]).IsUpdating</visible>
                    <animation effect="fade" time="320" delay="200">Visible</animation>
                    <animation effect="fade" time="200">Hidden</animation>
                    <left>95</left>
                    <top>10</top>
                    <width>330</width>
                    <height>370</height>
                    <include>FocusedBackgroundFade</include>
                    <texture colordiffuse="highlight" border="5">listselect_fo.png</texture>
                    <animation effect="slide" end="0,390" time="300" tween="cubic" easing="inout" condition="Integer.IsGreater(Container(8013$SKINSHORTCUTS[id]).Row,0)">Conditional</animation>
                    <animation effect="slide" end="350,0" time="300" tween="cubic" easing="inout" condition="Integer.IsGreater(Container(8013$SKINSHORTCUTS[id]).Column,3)">Conditional</animation>
                    <animation effect="slide" end="350,0" time="300" tween="cubic" easing="inout" condition="Integer.IsGreater(Container(8013$SKINSHORTCUTS[id]).Column,2)">Conditional</animation>
                    <animation effect="slide" end="350,0" time="300" tween="cubic" easing="inout" condition="Integer.IsGreater(Container(8013$SKINSHORTCUTS[id]).Column,1)">Conditional</animation>
                    <animation effect="slide" end="350,0" time="300" tween="cubic" easing="inout" condition="Integer.IsGreater(Container(8013$SKINSHORTCUTS[id]).Column,0)">Conditional</animation>
                </control>
                <control type="panel" id="8013$SKINSHORTCUTS[id]">
                    <skinshortcuts>visibility</skinshortcuts>
                    <include content="SettingsWidgetContents">
                        <param name="id">8013$SKINSHORTCUTS[id]</param>
                        <param name="left">85</param>
                        <param name="width">1750</param>
                        <param name="onup">8013$SKINSHORTCUTS[id]</param>
                        <param name="ondown">9000</param>
                        <param name="onleft">8013$SKINSHORTCUTS[id]</param>
                        <param name="onright">8013$SKINSHORTCUTS[id]</param>
                    </include>
                </control>
            </control>
        </controls>
    </other>
    <other include="WidgetFanart">
        <property name="id" tag="mainmenuid" />
        <property name="visible">Control.HasFocus(8011$SKINSHORTCUTS[id]) + !String.IsEmpty(Container(8011$SKINSHORTCUTS[id]).ListItem.Art(fanart))</property>
        <property name="imagepath">$INFO[Container(8011$SKINSHORTCUTS[id]).ListItem.Art(fanart)]</property>
        <controls>
             <control type="multiimage">
                <include>BackgroundFadeAnimation</include>
                <visible>$SKINSHORTCUTS[visible]</visible>
                <include>FullscreenDimensions</include>
                <description>Widget Background Image</description>
                <imagepath background="true">$SKINSHORTCUTS[imagepath]</imagepath>
            </control>
        </controls>
    </other>
</template>