<?xml version="1.0" encoding="UTF-8"?>
<includes>
	<include name="DetailedForecast">
		<control type="group">
			<visible>Container(9000).HasFocus(11)</visible>
			<include>SettingsFadeEffect</include>
			<left>470</left>
			<top>0</top>
			<width>1400</width>
			<height>780</height>
			
			<control type="image">
				<visible>Control.HasFocus(307) + !Container(307).IsUpdating</visible>
				<animation effect="fade" time="320" delay="200">Visible</animation>
				<animation effect="fade" time="200">Hidden</animation>
				<left>0</left>
				<top>0</top>
				<width>1400</width>
				<height>360</height>
				<include>FocusedBackgroundFade</include>
				<texture colordiffuse="highlight" border="5">listselect_fo.png</texture>
				<animation effect="slide" end="0,360" time="300"
					tween="cubic" easing="inout"
					condition="Integer.IsGreater(Container(307).Row,1)">Conditional</animation>
				<animation effect="slide" end="0,360" time="300"
					tween="cubic" easing="inout"
					condition="Integer.IsGreater(Container(307).Row,0)">Conditional</animation>
				<animation effect="slide" end="700,0" time="300"
					tween="cubic" easing="inout"
					condition="Integer.IsGreater(Container(307).Column,0)">Conditional</animation>
			</control>

			<control type="panel" id="307">
				<left>0</left>
				<top>0</top>
				<width>1400</width>
				<height>780</height>
				<onup>307</onup>
				<ondown>307</ondown>
				<onleft>9000</onleft>
				<orientation>vertical</orientation>
				<scrolltime tween="quadratic" easing="out">200</scrolltime>
				<itemlayout height="360" width="1400">
					<control type="image">
						<left>10</left>
						<top>10</top>
						<right>10</right>
						<bottom>10</bottom>
						<texture colordiffuse="33787878" border="5">listselect_fo.png</texture>
					</control>
					<control type="image">
						<left>20</left>
						<top>20</top>
						<right>20</right>
						<bottom>20</bottom>
						<texture colordiffuse="background" border="5">thumbnail_bg.png</texture>
					</control>

					<control type="image">
						<description>current weather icon</description>
						<left>40</left>
						<top>80</top>
						<width>220</width>
						<height>220</height>
						<texture>$INFO[ListItem.Icon]</texture>
						<aspectratio align="center" aligny="center">keep</aspectratio>
					</control>
					<control type="label">
						<left>40</left>
						<right>20</right>
						<top>20</top>
						<width>1060</width>
						<height>50</height>
						<font>font16</font>
<!-- 						<color>highlight</color> -->
						<label>$INFO[ListItem.Label]</label>
					</control>
					<control type="label">
						<right>60</right>
						<top>40</top>
						<height>50</height>
						<font>font36</font>
						<align>right</align>
						<selectedcolor>highlight</selectedcolor>
						<label>$INFO[ListItem.Property(HighTemperature),[COLOR invalid],[/COLOR]]$INFO[ListItem.Property(LowTemperature), [COLOR ff8de0ff],[/COLOR]]</label>
					</control>
					<control type="label">
						<width>1060</width>
						<left>320</left>
						<top>75</top>
						<height>30</height>
						<font>font15</font>
						<selectedcolor>highlight</selectedcolor>
						<label>$LOCALIZE[383]: $INFO[ListItem.Property(WindDirection)] $INFO[ListItem.Property(WindSpeed)]</label>
					</control>
					<control type="textbox">
						<width>1050</width>
						<left>320</left>
						<top>120</top>
						<height>200</height>
<!-- 						<font>font15</font> -->
						<selectedcolor>highlight</selectedcolor>
<!-- 						<scrolltime>200</scrolltime> -->
<!-- 					    <autoscroll delay="3000" time="1000" repeat="10000"></autoscroll> -->
						<label>$INFO[ListItem.Property(DetailedOutlook)]</label>
					</control>

					<control type="image">
						<top>20</top>
						<left>20</left>
						<right>20</right>
						<bottom>20</bottom>
						<texture border="5">overlays/diffuse-overlay.png</texture>
					</control>
				</itemlayout>
				<focusedlayout height="360" width="1400">
					<control type="image">
						<left>10</left>
						<top>10</top>
						<right>10</right>
						<bottom>10</bottom>
						<texture colordiffuse="33787878" border="5">listselect_fo.png</texture>
					</control>
					<control type="image">
						<left>20</left>
						<top>20</top>
						<right>20</right>
						<bottom>20</bottom>
						<texture colordiffuse="background" border="5">thumbnail_bg.png</texture>
					</control>

					<control type="image">
						<description>current weather icon</description>
						<left>40</left>
						<top>80</top>
						<width>220</width>
						<height>220</height>
						<texture>$INFO[ListItem.Icon]</texture>
						<aspectratio align="center" aligny="center">keep</aspectratio>
					</control>
					<control type="label">
						<left>40</left>
						<right>20</right>
						<top>20</top>
						<width>1060</width>
						<height>50</height>
 						<font>font16</font> 
 						<color>highlight</color> 
						<label>$INFO[ListItem.Label]</label>
					</control>
					<control type="label">
						<right>60</right>
						<top>40</top>
						<height>50</height>
						<font>font36</font>
						<align>right</align>
						<label>$INFO[ListItem.Property(HighTemperature),[COLOR invalid],[/COLOR]]$INFO[ListItem.Property(LowTemperature), [COLOR ff8de0ff],[/COLOR]]</label>
					</control>
					<control type="label">
						<width>1060</width>
						<left>320</left>
						<top>75</top>
						<height>30</height>
						<font>font15</font>
						<label>$LOCALIZE[383]: $INFO[ListItem.Property(WindDirection)] $INFO[ListItem.Property(WindSpeed)]</label>
					</control>
					<control type="textbox">
						<width>1050</width>
						<left>320</left>
						<top>120</top>
						<height>200</height>
<!-- 						<font>font15</font> -->
						<scrolltime>200</scrolltime>
					    <autoscroll delay="3000" time="1000" repeat="10000">true</autoscroll>
						<label>$INFO[ListItem.Property(DetailedOutlook)]</label>
					</control>

					<control type="image">
						<animation center="auto"
							condition="Control.HasFocus(301)" easing="inout" effect="fade"
							end="0" start="100" time="300" tween="sine">Focus</animation>
						<animation center="auto"
							condition="Control.HasFocus(301)" easing="inout" effect="fade"
							end="100" start="0" time="300" tween="sine">UnFocus</animation>
						<top>20</top>
						<left>20</left>
						<right>20</right>
						<bottom>20</bottom>
<!-- 						<height>370</height> -->
						<texture border="5">overlays/diffuse-overlay.png</texture>
					</control>
				</focusedlayout>
				<content>
					<item>
						<label>$LOCALIZE[31909]</label>
						<icon/>
						<visible>String.IsEmpty(Window.Property(Daily.IsFetched))</visible>
					</item>
					<include content="weather-daily-item">
						<param name="index" value="1" />
					</include>
					<include content="weather-daily-item">
						<param name="index" value="2" />
					</include>
					<include content="weather-daily-item">
						<param name="index" value="3" />
					</include>
					<include content="weather-daily-item">
						<param name="index" value="4" />
					</include>
					<include content="weather-daily-item">
						<param name="index" value="5" />
					</include>
					<include content="weather-daily-item">
						<param name="index" value="6" />
					</include>
					<include content="weather-daily-item">
						<param name="index" value="7" />
					</include>
					<include content="weather-daily-item">
						<param name="index" value="8" />
					</include>
					<include content="weather-daily-item">
						<param name="index" value="9" />
					</include>
					<include content="weather-daily-item">
						<param name="index" value="10" />
					</include>
					<include content="weather-daily-item">
						<param name="index" value="11" />
					</include>
					<include content="weather-daily-item">
						<param name="index" value="12" />
					</include>
					<include content="weather-daily-item">
						<param name="index" value="13" />
					</include>
					<include content="weather-daily-item">
						<param name="index" value="14" />
					</include>
					<include content="weather-daily-item">
						<param name="index" value="15" />
					</include>
					<include content="weather-daily-item">
						<param name="index" value="16" />
					</include>
					<include content="weather-daily-item">
						<param name="index" value="17" />
					</include>
					<include content="weather-daily-item">
						<param name="index" value="18" />
					</include>
					<include content="weather-daily-item">
						<param name="index" value="19" />
					</include>
					<include content="weather-daily-item">
						<param name="index" value="20" />
					</include>
					<include content="weather-daily-item">
						<param name="index" value="21" />
					</include>
					<include content="weather-daily-item">
						<param name="index" value="22" />
					</include>
					<include content="weather-daily-item">
						<param name="index" value="23" />
					</include>
					<include content="weather-daily-item">
						<param name="index" value="24" />
					</include>

				</content>
			</control>
		</control>
	</include>
</includes>
