<?xml version="1.0" encoding="UTF-8"?>
<includes>
	<include name="GenericFont">
		<param name="filename"/>
		<definition>
				<font>
					<name>font10</name>
					<filename>$PARAM[filename]</filename>
					<size>21</size>
				</font>
				<font>
					<name>font12</name>
					<filename>$PARAM[filename]</filename>
					<size>26</size>
				</font>
				<font>
					<name>font12plus</name>
					<filename>$PARAM[filename]</filename>
					<size>28</size>
				</font>
				<font>
					<name>font13</name>
					<filename>$PARAM[filename]</filename>
					<size>30</size>
				</font>
				<font>
					<name>font_Actor</name>
					<filename>$PARAM[filename]</filename>
					<size>30</size>
					<linespacing>1.0</linespacing>
				</font>
				<font>
					<name>font13_textbox</name>
					<filename>$PARAM[filename]</filename>
					<size>30</size>
					<linespacing>1.0</linespacing>
				</font>
				<font>
					<name>font13_widget</name>
					<filename>$PARAM[filename]</filename>
					<size>30</size>
					<linespacing>1.0</linespacing>
				</font>
				<font>
					<name>font14</name>
					<filename>$PARAM[filename]</filename>
					<size>33</size>
				</font>
				<font>
					<name>font14_textbox</name>
					<filename>$PARAM[filename]</filename>
					<size>33</size>
					<linespacing>1.25</linespacing>
				</font>
				<font>
					<name>font_TextViewer</name>
					<filename>$PARAM[filename]</filename>
					<size>33</size>
					<linespacing>1.25</linespacing>
				</font>
				<font>
					<name>font15</name>
					<filename>$PARAM[filename]</filename>
					<size>35</size>
				</font>
				<font>
					<name>font15_textbox</name>
					<filename>$PARAM[filename]</filename>
					<size>35</size>
					<linespacing>1.25</linespacing>
				</font>
				<font>
					<name>font16</name>
					<filename>$PARAM[filename]</filename>
					<size>38</size>
				</font>
				<font>
					<name>font18</name>
					<filename>$PARAM[filename]</filename>
					<size>40</size>
				</font>
				<font>
					<name>font30</name>
					<filename>$PARAM[filename]</filename>
					<size>45</size>
				</font>
				<font>
					<name>font32</name>
					<filename>$PARAM[filename]</filename>
					<size>50</size>
				</font>
				<font>
					<name>font36</name>
					<filename>$PARAM[filename]</filename>
					<size>55</size>
				</font>
				<font>
					<name>font48</name>
					<filename>$PARAM[filename]</filename>
					<size>60</size>
				</font>
				<font>
					<name>font52</name>
					<filename>$PARAM[filename]</filename>
					<size>65</size>
				</font>
				<font>
					<name>font54</name>
					<filename>$PARAM[filename]</filename>
					<size>70</size>
				</font>
				<font>
					<name>font60</name>
					<filename>$PARAM[filename]</filename>
					<size>80</size>
				</font>
				<font>
					<name>font12_title</name>
					<filename>$PARAM[filename]</filename>
					<style>uppercase</style>
					<size>30</size>
				</font>
				<font>
					<name>font13_title</name>
					<filename>$PARAM[filename]</filename>
					<style>uppercase</style>
					<size>33</size>
				</font>
				<font>
					<name>font15_title</name>
					<filename>$PARAM[filename]</filename>
					<style>uppercase</style>
					<size>35</size>
				</font>
				<font>
					<name>font35_title</name>
					<filename>$PARAM[filename]</filename>
					<style>uppercase</style>
					<size>52</size>
				</font>
				<font>
					<name>MainMenuFont</name>
					<filename>$PARAM[filename]</filename>
					<linespacing>0</linespacing>
					<size>55</size>
				</font>
				<font>
					<name>SubMenuFont</name>
					<filename>$PARAM[filename]</filename>
					<linespacing>0</linespacing>
					<size>40</size>
				</font>
				<font>
					<name>BigAssFont</name>
					<filename>$PARAM[filename]</filename>
					<size>600</size>
				</font>
				<font>
					<name>WeatherTempFont</name>
					<filename>$PARAM[filename]</filename>
					<size>120</size>
				</font>
				<include>CommonFonts</include>
		</definition>
	</include>
</includes>
	