<?xml version="1.0" encoding="UTF-8"?>

<includes>
	<include name="notoserif-font">
		<font>
			<name>font10</name>
			<filename>NotoSerif-Regular.ttf</filename>
			<size>18</size>
		</font>
		<font>
			<name>font12</name>
			<filename>NotoSerif-Regular.ttf</filename>
			<size>23</size>
		</font>
		<font>
			<name>font13</name>
			<filename>NotoSerif-Regular.ttf</filename>
			<size>27</size>
		</font>
		<font>
			<name>font_Actor</name>
			<filename>NotoSerif-Regular.ttf</filename>
			<size>27</size>
			<linespacing>1.27</linespacing>
		</font>
		<font>
			<name>font13_textbox</name>
			<filename>NotoSerif-Regular.ttf</filename>
			<size>27</size>
			<linespacing>1.2</linespacing>
		</font>
		<font>
			<name>font13_widget</name>
			<filename>NotoSerif-Regular.ttf</filename>
			<size>27</size>
			<linespacing>1.13</linespacing>
		</font>
		<font>
			<name>font14</name>
			<filename>NotoSerif-Regular.ttf</filename>
			<size>30</size>
		</font>
		<font>
			<name>font14_textbox</name>
			<filename>NotoSerif-Regular.ttf</filename>
			<size>30</size>
			<linespacing>1.35</linespacing>
		</font>
		<font>
			<name>font_TextViewer</name>
			<filename>NotoSerif-Regular.ttf</filename>
			<size>30</size>
			<linespacing>1.5</linespacing>
		</font>
		<font>
			<name>font15</name>
			<filename>NotoSerif-Regular.ttf</filename>
			<size>32</size>
		</font>
		<font>
			<name>font15_textbox</name>
			<filename>NotoSerif-Regular.ttf</filename>
			<size>32</size>
			<linespacing>1.30</linespacing>
		</font>
		<font>
			<name>font16</name>
			<filename>NotoSerif-Regular.ttf</filename>
			<size>35</size>
		</font>
		<font>
			<name>font30</name>
			<filename>NotoSerif-Regular.ttf</filename>
			<size>42</size>
		</font>
		<font>
			<name>font36</name>
			<filename>NotoSerif-Regular.ttf</filename>
			<size>52</size>
		</font>
		<font>
			<name>font12_title</name>
			<filename>NotoSerif-Regular.ttf</filename>
			<style>uppercase</style>
			<size>27</size>
		</font>
		<font>
			<name>font13_title</name>
			<filename>NotoSerif-Regular.ttf</filename>
			<style>uppercase</style>
			<size>30</size>
		</font>
		<font>
			<name>font15_title</name>
			<filename>NotoSerif-Regular.ttf</filename>
			<style>uppercase</style>
			<size>32</size>
		</font>
		<font>
			<name>font35_title</name>
			<filename>NotoSerif-Regular.ttf</filename>
			<style>uppercase</style>
			<size>49</size>
		</font>
		<font>
			<name>MainMenuFont</name>
			<filename>NotoSerif-Regular.ttf</filename>
			<linespacing>0</linespacing>
			<size>52</size>
		</font>
		<font>
			<name>SubMenuFont</name>
			<filename>NotoSerif-Regular.ttf</filename>
			<linespacing>0</linespacing>
			<size>37</size>
		</font>
		<font>
			<name>BigAssFont</name>
			<filename>NotoSerif-Regular.ttf</filename>
			<size>590</size>
		</font>
		<font>
			<name>WeatherTempFont</name>
			<filename>NotoSerif-Regular.ttf</filename>
			<size>110</size>
		</font>
		<include>CommonFonts</include>
	</include>
</includes>

