<?xml version="1.0" encoding="UTF-8"?>
<addon id="skin.lyrebird.rmod" name="Lyrebird rmod" version="2.0.3-b4" provider-name="Randall">
    <requires>
        <import addon="xbmc.gui" version="5.15.0"/>
		<import addon="resource.images.studios.white" version="0.0.25"/>
        <import addon="script.skinshortcuts" version="1.1.4"/>
        <import addon="script.toolbox" version="2.0.0"/>
        <import addon="script.image.resource.select" version="3.0.2"/>
    </requires>
    <extension point="xbmc.gui.skin" debugging="false" effectslowdown="0.75">
        <res width="1920" height="1080" aspect="16:9" default="true" folder="1080i" />
    </extension>
    <extension point="kodi.context.item">
      	<menu id="kodi.core.main">
      	<!-- 
      		<item library="scripts/context_menu_jumptoletter.py">
 				<label>$LOCALIZE[40165]</label>
 				<visible>!String.IsEmpty(Window(home).Property(CurrentSkin)) + [String.IsEqual(ListItem.dbtype,movie) | String.IsEqual(ListItem.dbtype,set) | String.IsEqual(ListItem.dbtype,tvshow) | String.IsEqual(ListItem.dbtype,artist) | String.IsEqual(ListItem.dbtype,album) | String.IsEqual(ListItem.dbtype,musicvideo) | Container.Content(addons)] + !Window.IsVisible(Home)</visible>
 			</item>
      		<item library="scripts/context_menu_moviessets.py">
 				<label>$LOCALIZE[40181]</label>
 				<visible>!String.IsEmpty(Window(home).Property(CurrentSkin)) + String.IsEqual(ListItem.DBType,set) + !Window.IsVisible(Home)</visible>
 			</item>
 			-->
      		<item library="scripts/context_menu_extendedinfo.py">
        		<label>$LOCALIZE[40182]</label>
        		<visible>System.HasAddon(script.extendedinfo) + [String.IsEqual(ListItem.dbtype,movie) | String.IsEqual(ListItem.dbtype,tvshow) | String.IsEqual(ListItem.dbtype,season) | String.IsEqual(ListItem.dbtype,actor) | String.IsEqual(ListItem.dbtype,director)]</visible>
      		</item>
    	</menu>
 	</extension>
    
    <extension point="xbmc.addon.metadata">
        <summary lang="en_GB">Lyrebird rmod</summary>
        <description lang="en_GB">Randalls Mod of Lyrebird</description>
        <platform>all</platform>
        <license>CC BY-NC-SA 4.0</license>
        <forum>http://forum.kodi.tv/forumdisplay.php?fid=218</forum>
        <website></website>
        <email></email>
        <source>https://github.com/randallspicher/skin.lyrebird.rmod</source>
        <assets>
            <icon>resources/icon.png</icon>
<!--             <fanart>resources/fanart.jpg</fanart> -->
        </assets>
        <news></news>
    </extension>
</addon>