<?xml version="1.0" encoding="UTF-8"?>
<includes>
	<!-- wide_icon -->
	<include name="Coverflow_Wide_Icon">
		<param name="bordertexture" default="" />
		<param name="colordiffuse" default="33787878" />
		<param name="diffuse" default="false" />
		<param name="flipy" default="false" />
		<param name="texture" default="$INFO[ListItem.Icon]" />
		<param name="top" default="0" />
		<definition>
			<left>0</left>
			<top>$PARAM[top]</top>
			<width>600</width>
			<height>440</height>
			<texture background="true" diffuse="$PARAM[diffuse]" flipy="$PARAM[flipy]">$PARAM[texture]</texture>
			<bordersize>10</bordersize>
			<bordertexture border="5" colordiffuse="$PARAM[colordiffuse]" diffuse="$PARAM[diffuse]">$PARAM[bordertexture]</bordertexture>
		</definition>
	</include>
	<!-- wide_onnext -->
	<include name="Coverflow_Wide_OnNext">
		<control type="group">
			<description>L4</description>
			<left>-240</left>
			<visible>Container.OnNext</visible>
			<animation type="Hidden" reversible="false">
				<effect type="fade" start="100" end="0" time="250" />
			</animation>
			<animation type="Conditional" condition="true" reversible="false">
				<effect type="rotatey" center="-270" end="-60" time="0" />
			</animation>			
			<control type="image">
				<include content="Coverflow_Wide_Icon">
					<param name="diffuse">diffuse/generic-diffuse.png</param>
					<param name="flipy">true</param>
					<param name="texture">$INFO[ListItem(-4).Icon]</param>
					<param name="top">440</param>
				</include>
			</control>
			<control type="image">
				<include content="Coverflow_Wide_Icon">
					<param name="diffuse">diffuse/generic-diffuse.png</param>
					<param name="flipy">true</param>
					<param name="texture">overlays/icon-overlay.png</param>
					<param name="top">440</param>
				</include>
				<visible>$EXP[CoverflowBrightIcons]</visible>
			</control>
			<control type="image">
				<include content="Coverflow_Wide_Icon">
					<param name="bordertexture">listselect_fo.png</param>
					<param name="texture">$INFO[ListItem(-4).Icon]</param>
				</include>
			</control>
			<control type="image">
				<include content="Coverflow_Wide_Icon">
					<param name="texture">overlays/icon-overlay.png</param>
				</include>
				<visible>$EXP[CoverflowBrightIcons]</visible>
			</control>
		</control>
		<control type="group">
			<description>L3</description>
			<left>60</left>
			<animation type="Conditional" condition="true" reversible="false">
				<effect type="rotatey" center="30" end="-60" time="0" />
			</animation>			
			<control type="image">
				<include content="Coverflow_Wide_Icon">
					<param name="diffuse">diffuse/generic-diffuse.png</param>
					<param name="flipy">true</param>
					<param name="texture">$INFO[ListItem(-3).Icon]</param>
					<param name="top">440</param>
				</include>
			</control>
			<control type="image">
				<include content="Coverflow_Wide_Icon">
					<param name="diffuse">diffuse/generic-diffuse.png</param>
					<param name="flipy">true</param>
					<param name="texture">overlays/icon-overlay.png</param>
					<param name="top">440</param>
				</include>
				<visible>$EXP[CoverflowBrightIcons]</visible>
			</control>
			<control type="image">
				<include content="Coverflow_Wide_Icon">
					<param name="bordertexture">listselect_fo.png</param>
					<param name="texture">$INFO[ListItem(-3).Icon]</param>
				</include>
			</control>
			<control type="image">
				<include content="Coverflow_Wide_Icon">
					<param name="texture">overlays/icon-overlay.png</param>
				</include>
				<visible>$EXP[CoverflowBrightIcons]</visible>
			</control>
		</control>
		<control type="group">
			<description>L2</description>
			<left>360</left>
			<animation type="Conditional" condition="true" reversible="false">
				<effect type="rotatey" center="330" end="-60" time="0" />
			</animation>			
			<control type="image">
				<include content="Coverflow_Wide_Icon">
					<param name="diffuse">diffuse/generic-diffuse.png</param>
					<param name="flipy">true</param>
					<param name="texture">$INFO[ListItem(-2).Icon]</param>
					<param name="top">440</param>
				</include>
			</control>
			<control type="image">
				<include content="Coverflow_Wide_Icon">
					<param name="diffuse">diffuse/generic-diffuse.png</param>
					<param name="flipy">true</param>
					<param name="texture">overlays/icon-overlay.png</param>
					<param name="top">440</param>
				</include>
				<visible>$EXP[CoverflowBrightIcons]</visible>
			</control>
			<control type="image">
				<include content="Coverflow_Wide_Icon">
					<param name="bordertexture">listselect_fo.png</param>
					<param name="texture">$INFO[ListItem(-2).Icon]</param>
				</include>
			</control>
			<control type="image">
				<include content="Coverflow_Wide_Icon">
					<param name="texture">overlays/icon-overlay.png</param>
				</include>
				<visible>$EXP[CoverflowBrightIcons]</visible>
			</control>
		</control>
		<control type="group">
			<description>R3</description>
			<left>1860</left>
			<animation type="Conditional" condition="Container.OnNext" reversible="false">
				<effect type="fade" start="0" end="100" time="250" />
			</animation>
			<animation type="Conditional" condition="!Container.OnNext" reversible="false">
				<effect type="fade" start="0" end="100" time="250" />
			</animation>
			<animation type="Conditional" condition="true" reversible="false">
				<effect type="rotatey" center="2490" end="60" time="0" />
			</animation>			
			<control type="image">
				<include content="Coverflow_Wide_Icon">
					<param name="diffuse">diffuse/generic-diffuse.png</param>
					<param name="flipy">true</param>
					<param name="texture">$INFO[ListItem(3).Icon]</param>
					<param name="top">440</param>
				</include>
			</control>
			<control type="image">
				<include content="Coverflow_Wide_Icon">
					<param name="diffuse">diffuse/generic-diffuse.png</param>
					<param name="flipy">true</param>
					<param name="texture">overlays/icon-overlay.png</param>
					<param name="top">440</param>
				</include>
				<visible>$EXP[CoverflowBrightIcons]</visible>
			</control>
			<control type="image">
				<include content="Coverflow_Wide_Icon">
					<param name="bordertexture">listselect_fo.png</param>
					<param name="texture">$INFO[ListItem(3).Icon]</param>
				</include>
			</control>
			<control type="image">
				<include content="Coverflow_Wide_Icon">
					<param name="texture">overlays/icon-overlay.png</param>
				</include>
				<visible>$EXP[CoverflowBrightIcons]</visible>
			</control>
		</control>
		<control type="group">
			<description>R2</description>
			<left>1560</left>
			<animation type="Conditional" condition="true" reversible="false">
				<effect type="rotatey" center="2190" end="60" time="0" />
			</animation>			
			<control type="image">
				<include content="Coverflow_Wide_Icon">
					<param name="diffuse">diffuse/generic-diffuse.png</param>
					<param name="flipy">true</param>
					<param name="texture">$INFO[ListItem(2).Icon]</param>
					<param name="top">440</param>
				</include>
			</control>
			<control type="image">
				<include content="Coverflow_Wide_Icon">
					<param name="diffuse">diffuse/generic-diffuse.png</param>
					<param name="flipy">true</param>
					<param name="texture">overlays/icon-overlay.png</param>
					<param name="top">440</param>
				</include>
				<visible>$EXP[CoverflowBrightIcons]</visible>
			</control>
			<control type="image">
				<include content="Coverflow_Wide_Icon">
					<param name="bordertexture">listselect_fo.png</param>
					<param name="texture">$INFO[ListItem(2).Icon]</param>
				</include>
			</control>
			<control type="image">
				<include content="Coverflow_Wide_Icon">
					<param name="texture">overlays/icon-overlay.png</param>
				</include>
				<visible>$EXP[CoverflowBrightIcons]</visible>
			</control>
		</control>
		<control type="group">
			<description>R1</description>
			<left>1260</left>
			<animation type="Conditional" condition="true" reversible="false">
				<effect type="rotatey" center="1890" end="60" time="0" />
			</animation>			
			<control type="image">
				<include content="Coverflow_Wide_Icon">
					<param name="diffuse">diffuse/generic-diffuse.png</param>
					<param name="flipy">true</param>
					<param name="texture">$INFO[ListItem(1).Icon]</param>
					<param name="top">440</param>
				</include>
			</control>
			<control type="image">
				<include content="Coverflow_Wide_Icon">
					<param name="diffuse">diffuse/generic-diffuse.png</param>
					<param name="flipy">true</param>
					<param name="texture">overlays/icon-overlay.png</param>
					<param name="top">440</param>
				</include>
				<visible>$EXP[CoverflowBrightIcons]</visible>
			</control>
			<control type="image">
				<include content="Coverflow_Wide_Icon">
					<param name="bordertexture">listselect_fo.png</param>
					<param name="texture">$INFO[ListItem(1).Icon]</param>
				</include>
			</control>
			<control type="image">
				<include content="Coverflow_Wide_Icon">
					<param name="texture">overlays/icon-overlay.png</param>
				</include>
				<visible>$EXP[CoverflowBrightIcons]</visible>
			</control>
		</control>
		<control type="group">
			<description>Arriving</description>
			<left>960</left>
			<visible>Container.OnNext</visible>
			<animation type="Hidden" reversible="false">
				<effect type="rotatey" center="1590" start="0" end="-60" time="250" tween="quadratic" easing="in" />
				</animation>
			<animation type="Conditional" condition="true" reversible="false">
				<effect type="rotatey" center="1590" end="60" time="0" />
			</animation>
			<control type="image">
				<include content="Coverflow_Wide_Icon">
					<param name="bordertexture">listselect_fo.png</param>
					<param name="colordiffuse">FF32C4FF</param>
					<param name="texture">black.png</param>
				</include>
				<animation type="Conditional" condition="Container.OnNext" reversible="false">
					<effect type="fade" start="0" end="100" time="250" />
				</animation>				
				<animation type="Conditional" condition="!Container.OnNext" reversible="false">
					<effect type="fade" start="0" end="100" time="250" />
				</animation>
			</control>
			<control type="image">
				<include content="Coverflow_Wide_Icon">
					<param name="diffuse">diffuse/generic-diffuse.png</param>
					<param name="flipy">true</param>
					<param name="texture">$INFO[ListItem(0).Icon]</param>
					<param name="top">440</param>
				</include>
			</control>
			<control type="image">
				<include content="Coverflow_Wide_Icon">
					<param name="diffuse">diffuse/generic-diffuse.png</param>
					<param name="flipy">true</param>
					<param name="texture">overlays/icon-overlay.png</param>
					<param name="top">440</param>
				</include>
				<animation type="Conditional" condition="Container.OnNext" reversible="false">
					<effect type="fade" start="100" end="0" time="250" />
				</animation>				
				<animation type="Conditional" condition="!Container.OnNext" reversible="false">
					<effect type="fade" start="100" end="0" time="250" />
				</animation>
				<visible>$EXP[CoverflowBrightIcons]</visible>
			</control>
			<control type="image">
				<include content="Coverflow_Wide_Icon">
					<param name="bordertexture">listselect_fo.png</param>
					<param name="texture">$INFO[ListItem(0).Icon]</param>
				</include>
			</control>
			<control type="image">
				<include content="Coverflow_Wide_Icon">
					<param name="texture">overlays/icon-overlay.png</param>
				</include>
				<animation type="Conditional" condition="Container.OnNext" reversible="false">
					<effect type="fade" start="100" end="0" time="250" />
				</animation>				
				<animation type="Conditional" condition="!Container.OnNext" reversible="false">
					<effect type="fade" start="100" end="0" time="250" />
				</animation>
				<visible>$EXP[CoverflowBrightIcons]</visible>
			</control>
		</control>
		<control type="group">
			<description>Leaving</description>
			<left>660</left>
			<visible>Container.OnNext</visible>
			<animation type="Hidden" reversible="false">
				<effect type="rotatey" center="630" start="0" end="-60" time="250" tween="quadratic" easing="in" />
			</animation>
			<control type="image">
				<include content="Coverflow_Wide_Icon">
					<param name="bordertexture">listselect_fo.png</param>
					<param name="colordiffuse">FF32C4FF</param>
					<param name="texture">black.png</param>
				</include>
				<animation type="Conditional" condition="Container.OnNext" reversible="false">
					<effect type="fade" start="100" end="0" time="250" />
				</animation>				
				<animation type="Conditional" condition="!Container.OnNext" reversible="false">
					<effect type="fade" start="100" end="0" time="250" />
				</animation>
			</control>
			<control type="image">
				<include content="Coverflow_Wide_Icon">
					<param name="diffuse">diffuse/generic-diffuse.png</param>
					<param name="flipy">true</param>
					<param name="texture">$INFO[ListItem(-1).Icon]</param>
					<param name="top">440</param>
				</include>
			</control>
			<control type="image">
				<include content="Coverflow_Wide_Icon">
					<param name="diffuse">diffuse/generic-diffuse.png</param>
					<param name="flipy">true</param>
					<param name="texture">overlays/icon-overlay.png</param>
					<param name="top">440</param>
				</include>
				<animation type="Conditional" condition="Container.OnNext" reversible="false">
					<effect type="fade" start="0" end="100" time="250" />
				</animation>
				<animation type="Conditional" condition="!Container.OnNext" reversible="false">
					<effect type="fade" start="0" end="100" time="250" />
				</animation>
				<visible>$EXP[CoverflowBrightIcons]</visible>
			</control>
			<control type="image">
				<include content="Coverflow_Wide_Icon">
					<param name="bordertexture">listselect_fo.png</param>
					<param name="texture">$INFO[ListItem(-1).Icon]</param>
				</include>
			</control>
			<control type="image">
				<include content="Coverflow_Wide_Icon">
					<param name="texture">overlays/icon-overlay.png</param>
				</include>
				<animation type="Conditional" condition="Container.OnNext" reversible="false">
					<effect type="fade" start="0" end="100" time="250" />
				</animation>
				<animation type="Conditional" condition="!Container.OnNext" reversible="false">
					<effect type="fade" start="0" end="100" time="250" />
				</animation>				
				<visible>$EXP[CoverflowBrightIcons]</visible>
			</control>
		</control>
	</include>
	<!-- wide_onprevious -->
	<include name="Coverflow_Wide_OnPrevious">
		<control type="group">
			<description>L3</description>
			<left>-540</left>
			<animation type="Conditional" condition="Container.OnPrevious" reversible="false">
				<effect type="fade" start="0" end="100" time="250" />
			</animation>
			<animation type="Conditional" condition="!Container.OnPrevious" reversible="false">
				<effect type="fade" start="0" end="100" time="250" />
			</animation>
			<animation type="Conditional" condition="true" reversible="false">
				<effect type="rotatey" center="-570" end="-60" time="0" />
			</animation>			
			<control type="image">
				<include content="Coverflow_Wide_Icon">
					<param name="diffuse">diffuse/generic-diffuse.png</param>
					<param name="flipy">true</param>
					<param name="texture">$INFO[ListItem(-3).Icon]</param>
					<param name="top">440</param>
				</include>
			</control>
			<control type="image">
				<include content="Coverflow_Wide_Icon">
					<param name="diffuse">diffuse/generic-diffuse.png</param>
					<param name="flipy">true</param>
					<param name="texture">overlays/icon-overlay.png</param>
					<param name="top">440</param>
				</include>
				<visible>$EXP[CoverflowBrightIcons]</visible>
			</control>
			<control type="image">
				<include content="Coverflow_Wide_Icon">
					<param name="bordertexture">listselect_fo.png</param>
					<param name="texture">$INFO[ListItem(-3).Icon]</param>
				</include>
			</control>
			<control type="image">
				<include content="Coverflow_Wide_Icon">
					<param name="texture">overlays/icon-overlay.png</param>
				</include>
				<visible>$EXP[CoverflowBrightIcons]</visible>
			</control>
		</control>
		<control type="group">
			<description>L2</description>
			<left>-240</left>
			<animation type="Conditional" condition="true" reversible="false">
				<effect type="rotatey" center="-270" end="-60" time="0" />
			</animation>			
			<control type="image">
				<include content="Coverflow_Wide_Icon">
					<param name="diffuse">diffuse/generic-diffuse.png</param>
					<param name="flipy">true</param>
					<param name="texture">$INFO[ListItem(-2).Icon]</param>
					<param name="top">440</param>
				</include>
			</control>
			<control type="image">
				<include content="Coverflow_Wide_Icon">
					<param name="diffuse">diffuse/generic-diffuse.png</param>
					<param name="flipy">true</param>
					<param name="texture">overlays/icon-overlay.png</param>
					<param name="top">440</param>
				</include>
				<visible>$EXP[CoverflowBrightIcons]</visible>
			</control>
			<control type="image">
				<include content="Coverflow_Wide_Icon">
					<param name="bordertexture">listselect_fo.png</param>
					<param name="texture">$INFO[ListItem(-2).Icon]</param>
				</include>
			</control>
			<control type="image">
				<include content="Coverflow_Wide_Icon">
					<param name="texture">overlays/icon-overlay.png</param>
				</include>
				<visible>$EXP[CoverflowBrightIcons]</visible>
			</control>
		</control>
		<control type="group">
			<description>L1</description>
			<left>60</left>
			<animation type="Conditional" condition="true" reversible="false">
				<effect type="rotatey" center="30" end="-60" time="0" />
			</animation>			
			<control type="image">
				<include content="Coverflow_Wide_Icon">
					<param name="diffuse">diffuse/generic-diffuse.png</param>
					<param name="flipy">true</param>
					<param name="texture">$INFO[ListItem(-1).Icon]</param>
					<param name="top">440</param>
				</include>
			</control>
			<control type="image">
				<include content="Coverflow_Wide_Icon">
					<param name="diffuse">diffuse/generic-diffuse.png</param>
					<param name="flipy">true</param>
					<param name="texture">overlays/icon-overlay.png</param>
					<param name="top">440</param>
				</include>
				<visible>$EXP[CoverflowBrightIcons]</visible>
			</control>
			<control type="image">
				<include content="Coverflow_Wide_Icon">
					<param name="bordertexture">listselect_fo.png</param>
					<param name="texture">$INFO[ListItem(-1).Icon]</param>
				</include>
			</control>
			<control type="image">
				<include content="Coverflow_Wide_Icon">
					<param name="texture">overlays/icon-overlay.png</param>
				</include>
				<visible>$EXP[CoverflowBrightIcons]</visible>
			</control>
		</control>
		<control type="group">
			<description>R4</description>
			<left>1560</left>
			<visible>Container.OnPrevious</visible>
			<animation type="Hidden" reversible="false">
				<effect type="fade" start="100" end="0" time="250" />
			</animation>
			<animation type="Conditional" condition="true" reversible="false">
				<effect type="rotatey" center="2190" end="60" time="0" />
			</animation>			
			<control type="image">
				<include content="Coverflow_Wide_Icon">
					<param name="diffuse">diffuse/generic-diffuse.png</param>
					<param name="flipy">true</param>
					<param name="texture">$INFO[ListItem(4).Icon]</param>
					<param name="top">440</param>
				</include>
			</control>
			<control type="image">
				<include content="Coverflow_Wide_Icon">
					<param name="diffuse">diffuse/generic-diffuse.png</param>
					<param name="flipy">true</param>
					<param name="texture">overlays/icon-overlay.png</param>
					<param name="top">440</param>
				</include>
				<visible>$EXP[CoverflowBrightIcons]</visible>
			</control>
			<control type="image">
				<include content="Coverflow_Wide_Icon">
					<param name="bordertexture">listselect_fo.png</param>
					<param name="texture">$INFO[ListItem(4).Icon]</param>
				</include>
			</control>
			<control type="image">
				<include content="Coverflow_Wide_Icon">
					<param name="texture">overlays/icon-overlay.png</param>
				</include>
				<visible>$EXP[CoverflowBrightIcons]</visible>
			</control>
		</control>
		<control type="group">
			<description>R3</description>
			<left>1260</left>
			<animation type="Conditional" condition="true" reversible="false">
				<effect type="rotatey" center="1890" end="60" time="0" />
			</animation>			
			<control type="image">
				<include content="Coverflow_Wide_Icon">
					<param name="diffuse">diffuse/generic-diffuse.png</param>
					<param name="flipy">true</param>
					<param name="texture">$INFO[ListItem(3).Icon]</param>
					<param name="top">440</param>
				</include>
			</control>
			<control type="image">
				<include content="Coverflow_Wide_Icon">
					<param name="diffuse">diffuse/generic-diffuse.png</param>
					<param name="flipy">true</param>
					<param name="texture">overlays/icon-overlay.png</param>
					<param name="top">440</param>
				</include>
				<visible>$EXP[CoverflowBrightIcons]</visible>
			</control>
			<control type="image">
				<include content="Coverflow_Wide_Icon">
					<param name="bordertexture">listselect_fo.png</param>
					<param name="texture">$INFO[ListItem(3).Icon]</param>
				</include>
			</control>
			<control type="image">
				<include content="Coverflow_Wide_Icon">
					<param name="texture">overlays/icon-overlay.png</param>
				</include>
				<visible>$EXP[CoverflowBrightIcons]</visible>
			</control>
		</control>
		<control type="group">
			<description>R2</description>
			<left>960</left>
			<animation type="Conditional" condition="true" reversible="false">
				<effect type="rotatey" center="1590" end="60" time="0" />
			</animation>			
			<control type="image">
				<include content="Coverflow_Wide_Icon">
					<param name="diffuse">diffuse/generic-diffuse.png</param>
					<param name="flipy">true</param>
					<param name="texture">$INFO[ListItem(2).Icon]</param>
					<param name="top">440</param>
				</include>
			</control>
			<control type="image">
				<include content="Coverflow_Wide_Icon">
					<param name="diffuse">diffuse/generic-diffuse.png</param>
					<param name="flipy">true</param>
					<param name="texture">overlays/icon-overlay.png</param>
					<param name="top">440</param>
				</include>
				<visible>$EXP[CoverflowBrightIcons]</visible>
			</control>
			<control type="image">
				<include content="Coverflow_Wide_Icon">
					<param name="bordertexture">listselect_fo.png</param>
					<param name="texture">$INFO[ListItem(2).Icon]</param>
				</include>
			</control>
			<control type="image">
				<include content="Coverflow_Wide_Icon">
					<param name="texture">overlays/icon-overlay.png</param>
				</include>
				<visible>$EXP[CoverflowBrightIcons]</visible>
			</control>
		</control>		
		<control type="group">
			<description>Arriving</description>
			<left>360</left>
			<visible>Container.OnPrevious</visible>
			<animation type="Hidden" reversible="false">
				<effect type="rotatey" center="330" start="0" end="60" time="250" tween="quadratic" easing="in" />
				</animation>			
			<animation type="Conditional" condition="true" reversible="false">
				<effect type="rotatey" center="330" end="-60" time="0" />
			</animation>
			<control type="image">
				<include content="Coverflow_Wide_Icon">
					<param name="bordertexture">listselect_fo.png</param>
					<param name="colordiffuse">FF32C4FF</param>
					<param name="texture">black.png</param>
				</include>
				<animation type="Conditional" condition="Container.OnPrevious" reversible="false">
					<effect type="fade" start="0" end="100" time="250" />
				</animation>				
				<animation type="Conditional" condition="!Container.OnPrevious" reversible="false">
					<effect type="fade" start="0" end="100" time="250" />
				</animation>
			</control>			
			<control type="image">
				<include content="Coverflow_Wide_Icon">
					<param name="diffuse">diffuse/generic-diffuse.png</param>
					<param name="flipy">true</param>
					<param name="texture">$INFO[ListItem(0).Icon]</param>
					<param name="top">440</param>
				</include>
			</control>
			<control type="image">
				<include content="Coverflow_Wide_Icon">
					<param name="diffuse">diffuse/generic-diffuse.png</param>
					<param name="flipy">true</param>
					<param name="texture">overlays/icon-overlay.png</param>
					<param name="top">440</param>
				</include>
				<animation type="Conditional" condition="Container.OnPrevious" reversible="false">
					<effect type="fade" start="100" end="0" time="250" />
				</animation>				
				<animation type="Conditional" condition="!Container.OnPrevious" reversible="false">
					<effect type="fade" start="100" end="0" time="250" />
				</animation>
				<visible>$EXP[CoverflowBrightIcons]</visible>
			</control>
			<control type="image">
				<include content="Coverflow_Wide_Icon">
					<param name="bordertexture">listselect_fo.png</param>
					<param name="texture">$INFO[ListItem(0).Icon]</param>
				</include>
			</control>
			<control type="image">
				<include content="Coverflow_Wide_Icon">
					<param name="texture">overlays/icon-overlay.png</param>
				</include>
				<animation type="Conditional" condition="Container.OnPrevious" reversible="false">
					<effect type="fade" start="100" end="0" time="250" />
				</animation>				
				<animation type="Conditional" condition="!Container.OnPrevious" reversible="false">
					<effect type="fade" start="100" end="0" time="250" />
				</animation>
				<visible>$EXP[CoverflowBrightIcons]</visible>
			</control>
		</control>
		<control type="group">
			<description>Leaving</description>
			<left>660</left>
			<visible>Container.OnPrevious</visible>
			<animation type="Hidden" reversible="false">
				<effect type="rotatey" center="1290" start="0" end="60" time="250" tween="quadratic" easing="in" />
			</animation>
			<control type="image">
				<include content="Coverflow_Wide_Icon">
					<param name="bordertexture">listselect_fo.png</param>
					<param name="colordiffuse">FF32C4FF</param>
					<param name="texture">black.png</param>
				</include>
				<animation type="Conditional" condition="Container.OnPrevious" reversible="false">
					<effect type="fade" start="100" end="0" time="250" />
				</animation>				
				<animation type="Conditional" condition="!Container.OnPrevious" reversible="false">
					<effect type="fade" start="100" end="0" time="250" />
				</animation>
			</control>
			<control type="image">
				<include content="Coverflow_Wide_Icon">
					<param name="diffuse">diffuse/generic-diffuse.png</param>
					<param name="flipy">true</param>
					<param name="texture">$INFO[ListItem(1).Icon]</param>
					<param name="top">440</param>
				</include>
			</control>
			<control type="image">
				<include content="Coverflow_Wide_Icon">
					<param name="diffuse">diffuse/generic-diffuse.png</param>
					<param name="flipy">true</param>
					<param name="texture">overlays/icon-overlay.png</param>
					<param name="top">440</param>
				</include>
				<animation type="Conditional" condition="Container.OnPrevious" reversible="false">
					<effect type="fade" start="0" end="100" time="250" />
				</animation>
				<animation type="Conditional" condition="!Container.OnPrevious" reversible="false">
					<effect type="fade" start="0" end="100" time="250" />
				</animation>
				<visible>$EXP[CoverflowBrightIcons]</visible>
			</control>
			<control type="image">
				<include content="Coverflow_Wide_Icon">
					<param name="bordertexture">listselect_fo.png</param>
					<param name="texture">$INFO[ListItem(1).Icon]</param>
				</include>
			</control>
			<control type="image">
				<include content="Coverflow_Wide_Icon">
					<param name="texture">overlays/icon-overlay.png</param>
				</include>
				<animation type="Conditional" condition="Container.OnPrevious" reversible="false">
					<effect type="fade" start="0" end="100" time="250" />
				</animation>
				<animation type="Conditional" condition="!Container.OnPrevious" reversible="false">
					<effect type="fade" start="0" end="100" time="250" />
				</animation>				
				<visible>$EXP[CoverflowBrightIcons]</visible>
			</control>
		</control>
	</include>
	<!-- wide_focus -->
	<include name="Coverflow_Wide_Focus">
		<control type="group">
			<description>L3</description>
			<left>-240</left>
			<animation type="Conditional" condition="true" reversible="false">
				<effect type="rotatey" center="-270" end="-60" time="0" />
			</animation>			
			<control type="image">
				<include content="Coverflow_Wide_Icon">
					<param name="diffuse">diffuse/generic-diffuse.png</param>
					<param name="flipy">true</param>
					<param name="texture">$INFO[ListItem(-3).Icon]</param>
					<param name="top">440</param>
				</include>
			</control>
			<control type="image">
				<include content="Coverflow_Wide_Icon">
					<param name="diffuse">diffuse/generic-diffuse.png</param>
					<param name="flipy">true</param>
					<param name="texture">overlays/icon-overlay.png</param>
					<param name="top">440</param>
				</include>
				<visible>$EXP[CoverflowBrightIcons]</visible>
			</control>
			<control type="image">
				<include content="Coverflow_Wide_Icon">
					<param name="bordertexture">listselect_fo.png</param>
					<param name="texture">$INFO[ListItem(-3).Icon]</param>
				</include>
			</control>
			<control type="image">
				<include content="Coverflow_Wide_Icon">
					<param name="texture">overlays/icon-overlay.png</param>
				</include>
				<visible>$EXP[CoverflowBrightIcons]</visible>
			</control>
		</control>
		<control type="group">
			<description>L2</description>
			<left>60</left>
			<animation type="Conditional" condition="true" reversible="false">
				<effect type="rotatey" center="30" end="-60" time="0" />
			</animation>			
			<control type="image">
				<include content="Coverflow_Wide_Icon">
					<param name="diffuse">diffuse/generic-diffuse.png</param>
					<param name="flipy">true</param>
					<param name="texture">$INFO[ListItem(-2).Icon]</param>
					<param name="top">440</param>
				</include>
			</control>
			<control type="image">
				<include content="Coverflow_Wide_Icon">
					<param name="diffuse">diffuse/generic-diffuse.png</param>
					<param name="flipy">true</param>
					<param name="texture">overlays/icon-overlay.png</param>
					<param name="top">440</param>
				</include>
				<visible>$EXP[CoverflowBrightIcons]</visible>
			</control>
			<control type="image">
				<include content="Coverflow_Wide_Icon">
					<param name="bordertexture">listselect_fo.png</param>
					<param name="texture">$INFO[ListItem(-2).Icon]</param>
				</include>
			</control>
			<control type="image">
				<include content="Coverflow_Wide_Icon">
					<param name="texture">overlays/icon-overlay.png</param>
				</include>
				<visible>$EXP[CoverflowBrightIcons]</visible>
			</control>
		</control>	
		<control type="group">
			<description>L1</description>
			<left>360</left>
			<animation type="Conditional" condition="true" reversible="false">
				<effect type="rotatey" center="330" end="-60" time="0" />
			</animation>			
			<control type="image">
				<include content="Coverflow_Wide_Icon">
					<param name="diffuse">diffuse/generic-diffuse.png</param>
					<param name="flipy">true</param>
					<param name="texture">$INFO[ListItem(-1).Icon]</param>
					<param name="top">440</param>
				</include>
			</control>
			<control type="image">
				<include content="Coverflow_Wide_Icon">
					<param name="diffuse">diffuse/generic-diffuse.png</param>
					<param name="flipy">true</param>
					<param name="texture">overlays/icon-overlay.png</param>
					<param name="top">440</param>
				</include>
				<visible>$EXP[CoverflowBrightIcons]</visible>
			</control>
			<control type="image">
				<include content="Coverflow_Wide_Icon">
					<param name="bordertexture">listselect_fo.png</param>
					<param name="texture">$INFO[ListItem(-1).Icon]</param>
				</include>
			</control>
			<control type="image">
				<include content="Coverflow_Wide_Icon">
					<param name="texture">overlays/icon-overlay.png</param>
				</include>
				<visible>$EXP[CoverflowBrightIcons]</visible>
			</control>
		</control>
		<control type="group">
			<description>R3</description>
			<left>1560</left>
			<animation type="Conditional" condition="true" reversible="false">
				<effect type="rotatey" center="2190" end="60" time="0" />
			</animation>			
			<control type="image">
				<include content="Coverflow_Wide_Icon">
					<param name="diffuse">diffuse/generic-diffuse.png</param>
					<param name="flipy">true</param>
					<param name="texture">$INFO[ListItem(3).Icon]</param>
					<param name="top">440</param>
				</include>
			</control>
			<control type="image">
				<include content="Coverflow_Wide_Icon">
					<param name="diffuse">diffuse/generic-diffuse.png</param>
					<param name="flipy">true</param>
					<param name="texture">overlays/icon-overlay.png</param>
					<param name="top">440</param>
				</include>
				<visible>$EXP[CoverflowBrightIcons]</visible>
			</control>
			<control type="image">
				<include content="Coverflow_Wide_Icon">
					<param name="bordertexture">listselect_fo.png</param>
					<param name="texture">$INFO[ListItem(3).Icon]</param>
				</include>
			</control>
			<control type="image">
				<include content="Coverflow_Wide_Icon">
					<param name="texture">overlays/icon-overlay.png</param>
				</include>
				<visible>$EXP[CoverflowBrightIcons]</visible>
			</control>
		</control>
		<control type="group">
			<description>R2</description>
			<left>1260</left>
			<animation type="Conditional" condition="true" reversible="false">
				<effect type="rotatey" center="1890" end="60" time="0" />
			</animation>			
			<control type="image">
				<include content="Coverflow_Wide_Icon">
					<param name="diffuse">diffuse/generic-diffuse.png</param>
					<param name="flipy">true</param>
					<param name="texture">$INFO[ListItem(2).Icon]</param>
					<param name="top">440</param>
				</include>
			</control>
			<control type="image">
				<include content="Coverflow_Wide_Icon">
					<param name="diffuse">diffuse/generic-diffuse.png</param>
					<param name="flipy">true</param>
					<param name="texture">overlays/icon-overlay.png</param>
					<param name="top">440</param>
				</include>
				<visible>$EXP[CoverflowBrightIcons]</visible>
			</control>
			<control type="image">
				<include content="Coverflow_Wide_Icon">
					<param name="bordertexture">listselect_fo.png</param>
					<param name="texture">$INFO[ListItem(2).Icon]</param>
				</include>
			</control>
			<control type="image">
				<include content="Coverflow_Wide_Icon">
					<param name="texture">overlays/icon-overlay.png</param>
				</include>
				<visible>$EXP[CoverflowBrightIcons]</visible>
			</control>
		</control>
		<control type="group">
			<description>R1</description>
			<left>960</left>
			<animation type="Conditional" condition="true" reversible="false">
				<effect type="rotatey" center="1590" end="60" time="0" />
			</animation>			
			<control type="image">
				<include content="Coverflow_Wide_Icon">
					<param name="diffuse">diffuse/generic-diffuse.png</param>
					<param name="flipy">true</param>
					<param name="texture">$INFO[ListItem(1).Icon]</param>
					<param name="top">440</param>
				</include>
			</control>
			<control type="image">
				<include content="Coverflow_Wide_Icon">
					<param name="diffuse">diffuse/generic-diffuse.png</param>
					<param name="flipy">true</param>
					<param name="texture">overlays/icon-overlay.png</param>
					<param name="top">440</param>
				</include>
				<visible>$EXP[CoverflowBrightIcons]</visible>
			</control>
			<control type="image">
				<include content="Coverflow_Wide_Icon">
					<param name="bordertexture">listselect_fo.png</param>
					<param name="texture">$INFO[ListItem(1).Icon]</param>
				</include>
			</control>
			<control type="image">
				<include content="Coverflow_Wide_Icon">
					<param name="texture">overlays/icon-overlay.png</param>
				</include>
				<visible>$EXP[CoverflowBrightIcons]</visible>
			</control>
		</control>		
		<control type="group">
			<description>Focus</description>
			<left>660</left>
			<control type="image">
				<include content="Coverflow_Wide_Icon">
					<param name="bordertexture">listselect_fo.png</param>
					<param name="colordiffuse">FF32C4FF</param>
					<param name="texture">black.png</param>
				</include>
				<animation effect="fade" time="400">VisibleChange</animation>
				<visible>Control.HasFocus(903) + Container(903).HasFocus(0)</visible>
			</control>
			<control type="image">
				<include content="Coverflow_Wide_Icon">
					<param name="diffuse">diffuse/generic-diffuse.png</param>
					<param name="flipy">true</param>
					<param name="texture">$INFO[ListItem.Icon]</param>
					<param name="top">440</param>
				</include>
			</control>
			<control type="image">
				<include content="Coverflow_Wide_Icon">
					<param name="diffuse">diffuse/generic-diffuse.png</param>
					<param name="flipy">true</param>
					<param name="texture">overlays/icon-overlay.png</param>
					<param name="top">440</param>
				</include>
				<animation type="Conditional" condition="Control.HasFocus(903) + [!Container.OnNext + !Container.OnPrevious]" reversible="false">
					<effect type="fade" start="100" end="0" time="400" />
				</animation>
				<visible>$EXP[CoverflowBrightIcons]</visible>
			</control>
			<control type="image">
				<include content="Coverflow_Wide_Icon">
					<param name="bordertexture">listselect_fo.png</param>
				</include>
			</control>
			<control type="image">
				<include content="Coverflow_Wide_Icon">
					<param name="texture">overlays/icon-overlay.png</param>
				</include>
				<animation type="Conditional" condition="Control.HasFocus(903) + [!Container.OnNext + !Container.OnPrevious]" reversible="false">
					<effect type="fade" start="100" end="0" time="400" />
				</animation>
				<visible>$EXP[CoverflowBrightIcons]</visible>
			</control>
		</control>
	</include>
</includes>