<colors>
	<color name="TitleTextColor">FFE8E8E8</color>
	<color name="NormalTextColor">FFE8E8E8</color>
	<color name="AltTextColor">FFD57630</color>
	<color name="LabelTextColor">FFD56620</color>
	<color name="FocusColor">FFC55610</color>
	<color name="SelectedColor">FFC55610</color>
	<color name="DisabledColor">FF606060</color>
	<color name="black">FF000000</color>
	<color name="invalid">FFFF6666</color>
	<color name="shadow">AA000000</color>
	<color name="background">FF1B1B1B</color>
	<color name="dialog">FF3A3A3A</color>
	<color name="white11">11FFFFFF</color>
	<color name="blue">FF6DB9E5</color>
</colors>