<?xml version="1.0" encoding="UTF-8"?>
<includes>
    <default type="image">
        <left>0</left>
        <top>0</top>
        <texture />
    </default>
    <default type="multiimage">
        <left>0</left>
        <top>0</top>
        <aspectratio align="center">scale</aspectratio>
        <fadetime>FanartCrossfadeTime</fadetime>
        <include>FullscreenDimensions</include>
        <timeperimage>12000</timeperimage>
        <randomize>true</randomize>
    </default>
    <default type="label">
        <left>0</left>
        <top>0</top>
        <align>left</align>
        <aligny>center</aligny>
        <label />
        <font>font13</font>
        <textcolor>NormalTextColor</textcolor>
        <selectedcolor>TitleTextColor</selectedcolor>
        <disabledcolor>DisabledColor</disabledcolor>
        <scrollspeed>30</scrollspeed>
        <shadowcolor>shadow</shadowcolor>
    </default>
    <default type="fadelabel">
        <left>120</left>
        <top>90</top>
        <font>font13</font>
        <textcolor>TitleTextColor</textcolor>
        <disabledcolor>DisabledColor</disabledcolor>
        <scrollspeed>40</scrollspeed>
        <shadowcolor>shadow</shadowcolor>
    </default>
    <default type="button">
        <left>0</left>
        <top>0</top>
        <width>450</width>
        <height>60</height>
        <texturefocus border="5">listselect_fo.png</texturefocus>
        <font>font14</font>
        <textcolor>NormalTextColor</textcolor>
        <focusedcolor>TitleTextColor</focusedcolor>
        <disabledcolor>DisabledColor</disabledcolor>
        <textoffsetx>15</textoffsetx>
        <aligny>center</aligny>
        <pulseonselect>false</pulseonselect>
        <colordiffuse>FocusColor</colordiffuse>
        <shadowcolor>shadow</shadowcolor>
    </default>
    <default type="togglebutton">
        <left>0</left>
        <top>0</top>
        <width>30</width>
        <height>60</height>
        <textoffsetx>15</textoffsetx>
        <texturefocus border="5">listselect_fo.png</texturefocus>
        <alttexturefocus border="5">listselect_fo.png</alttexturefocus>
        <textcolor>TitleTextColor</textcolor>
        <focusedcolor>TitleTextColor</focusedcolor>
        <disabledcolor>DisabledColor</disabledcolor>
        <label />
        <aligny>center</aligny>
        <font>font14</font>
        <pulseonselect>false</pulseonselect>
        <colordiffuse>FocusColor</colordiffuse>
        <shadowcolor>shadow</shadowcolor>
    </default>
    <default type="textbox">
        <left>0</left>
        <top>0</top>
        <width>615</width>
        <height>322</height>
        <align>left</align>
        <textcolor>NormalTextColor</textcolor>
        <selectedcolor>TitleTextColor</selectedcolor>
        <font>font15_textbox</font>
        <shadowcolor>shadow</shadowcolor>
    </default>
    <default type="progress">
        <left>0</left>
        <top>0</top>
        <texturebg colordiffuse="1A898989" border="5">osd/midtexture.png</texturebg>
        <lefttexture />
        <midtexture colordiffuse="FocusColor" border="5">osd/midtexture.png</midtexture>
        <righttexture />
        <overlaytexture />
    </default>
    <default type="spincontrol">
        <left>0</left>
        <top>0</top>
        <textureup colordiffuse="TitleTextColor">osd/numberpicker_up_normal_holo_dark.png</textureup>
        <texturedown colordiffuse="TitleTextColor">osd/numberpicker_down_normal_holo_dark.png</texturedown>
        <textureupfocus colordiffuse="background">osd/numberpicker_up_normal_holo_dark.png</textureupfocus>
        <texturedownfocus colordiffuse="background">osd/numberpicker_down_normal_holo_dark.png</texturedownfocus>
        <textureupdisabled colordiffuse="DisabledColor">osd/numberpicker_up_normal_holo_dark.png</textureupdisabled>
        <texturedowndisabled colordiffuse="DisabledColor">osd/numberpicker_down_normal_holo_dark.png</texturedowndisabled>
        <align>right</align>
        <width>40</width>
        <height>25</height>
        <font>font14</font>
        <reverse>yes</reverse>
        <textcolor>NormalTextColor</textcolor>
        <focusedcolor>TitleTextColor</focusedcolor>
        <disabledcolor>DisabledColor</disabledcolor>
        <subtype>text</subtype>
        <textoffsetx>0</textoffsetx>
        <textoffsety>0</textoffsety>
        <aligny>center</aligny>
        <pulseonselect>false</pulseonselect>
    </default>
    <default type="spincontrolex">
        <left>0</left>
        <top>0</top>
        <width>450</width>
        <height>60</height>
        <spinwidth>40</spinwidth>
        <spinheight>25</spinheight>
        <texturefocus border="5">listselect_fo.png</texturefocus>
        <textureup colordiffuse="TitleTextColor">osd/numberpicker_up_normal_holo_dark.png</textureup>
        <texturedown colordiffuse="TitleTextColor">osd/numberpicker_down_normal_holo_dark.png</texturedown>
        <textureupfocus colordiffuse="background">osd/numberpicker_up_normal_holo_dark.png</textureupfocus>
        <texturedownfocus colordiffuse="background">osd/numberpicker_down_normal_holo_dark.png</texturedownfocus>
        <textureupdisabled colordiffuse="DisabledColor">osd/numberpicker_up_normal_holo_dark.png</textureupdisabled>
        <texturedowndisabled colordiffuse="DisabledColor">osd/numberpicker_down_normal_holo_dark.png</texturedowndisabled>
        <font>font14</font>
        <textcolor>NormalTextColor</textcolor>
        <focusedcolor>TitleTextColor</focusedcolor>
        <disabledcolor>DisabledColor</disabledcolor>
        <invalidcolor>invalid</invalidcolor>
        <textoffsetx>15</textoffsetx>
        <aligny>center</aligny>
        <reverse>yes</reverse>
        <pulseonselect>false</pulseonselect>
        <colordiffuse>FocusColor</colordiffuse>
        <shadowcolor>shadow</shadowcolor>
    </default>
    <default type="radiobutton">
        <left>0</left>
        <top>0</top>
        <width>450</width>
        <height>60</height>
        <radiowidth />
        <radioheight />
        <texturefocus border="5">listselect_fo.png</texturefocus>
        <label>215</label>
        <font>font14</font>
        <textcolor>NormalTextColor</textcolor>
        <focusedcolor>TitleTextColor</focusedcolor>
        <disabledcolor>DisabledColor</disabledcolor>
        <textoffsetx>15</textoffsetx>
        <aligny>center</aligny>
        <pulseonselect>false</pulseonselect>
        <colordiffuse>FocusColor</colordiffuse>
        <shadowcolor>shadow</shadowcolor>
    </default>
    <default type="slider">
        <left>0</left>
        <top>0</top>
        <controloffsetx>75</controloffsetx>
        <controloffsety>0</controloffsety>
        <orientation>horizontal</orientation>
    </default>
    <default type="sliderex">
        <left>0</left>
        <top>0</top>
        <height>60</height>
        <textoffsetx>15</textoffsetx>
        <aligny>center</aligny>
        <texturefocus colordiffuse="FocusColor" border="5">listselect_fo.png</texturefocus>
        <sliderwidth>150</sliderwidth>
        <sliderheight>20</sliderheight>
        <texturesliderbar>osd_slider_bg.png</texturesliderbar>
        <textureslidernib colordiffuse="FocusColor">osd_slider_nibNF.png</textureslidernib>
        <textureslidernibfocus>osd_slider_nib.png</textureslidernibfocus>
        <font>font14</font>
        <textcolor>NormalTextColor</textcolor>
        <focusedcolor>TitleTextColor</focusedcolor>
        <disabledcolor>DisabledColor</disabledcolor>
        <invalidcolor>invalid</invalidcolor>
        <pulseonselect>false</pulseonselect>
    </default>
    <default type="mover">
        <left>0</left>
        <top>0</top>
        <texturefocus colordiffuse="FocusColor" border="5">listselect_fo.png</texturefocus>
        <pulseonselect>false</pulseonselect>
    </default>
    <default type="resize">
        <left>0</left>
        <top>0</top>
        <texturefocus colordiffuse="FocusColor" border="5">listselect_fo.png</texturefocus>
        <pulseonselect>false</pulseonselect>
    </default>
    <default type="edit">
        <left>0</left>
        <top>0</top>
        <width>450</width>
        <height>60</height>
        <texturefocus colordiffuse="FocusColor" border="5">listselect_fo.png</texturefocus>
        <font>font14</font>
        <textcolor>NormalTextColor</textcolor>
        <focusedcolor>TitleTextColor</focusedcolor>
        <disabledcolor>DisabledColor</disabledcolor>
        <invalidcolor>invalid</invalidcolor>
        <textoffsetx>15</textoffsetx>
        <aligny>center</aligny>
        <pulseonselect>false</pulseonselect>
        <shadowcolor>shadow</shadowcolor>
    </default>
    <default type="group">
        <left>0</left>
        <top>0</top>
    </default>
    <default type="grouplist">
        <left>0</left>
        <top>0</top>
        <itemgap>0</itemgap>
    </default>
    <default type="scrollbar">
        <showonepage>false</showonepage>
        <texturesliderbackground colordiffuse="white11" border="5">listselect_fo.png</texturesliderbackground>
        <texturesliderbar colordiffuse="22ffffff" border="5">listselect_fo.png</texturesliderbar>
        <texturesliderbarfocus colordiffuse="FocusColor" border="5">listselect_fo.png</texturesliderbarfocus>
    </default>
</includes>