<?xml version="1.0" encoding="UTF-8"?>
<window>
    <defaultcontrol>3</defaultcontrol>
    <coordinates>
        <left>148</left>
        <top>100</top>
    </coordinates>
    <include>Animation.Dialog</include>
    <controls>
        <include content="DialogBackgroundCommons">
            <param name="DialogBackgroundWidth" value="1624" />
            <param name="DialogBackgroundHeight" value="880" />
            <param name="DialogHeaderLabel" value="35058" />
            <param name="DialogHeaderId" value="2" />
        </include>
        <control type="group" id="9000">
            <left>0</left>
            <top>90</top>
            <control type="label">
                <description>Controller types heading</description>
                <top>8</top>
                <left>30</left>
                <width>330</width>
                <height>40</height>
                <font>font12_title</font>
                <label>35050</label>
                <align>center</align>
                <textcolor>LabelTextColor</textcolor>
            </control>
            <control type="scrollbar" id="30">
                <left>18</left>
                <top>60</top>
                <width>10</width>
                <height>600</height>
                <onleft>9001</onleft>
                <onright>3</onright>
                <ondown>3</ondown>
                <onup>3</onup>
                <orientation>vertical</orientation>
            </control>
            <control type="grouplist" id="3">
                <description>Controller types grouplist</description>
                <left>30</left>
                <top>60</top>
                <width>330</width>
                <height>600</height>
                <onleft>30</onleft>
                <onright>5</onright>
                <onup>3</onup>
                <ondown>3</ondown>
                <pagecontrol>30</pagecontrol>
            </control>
            <control type="button" id="10">
                <description>Default controller types button</description>
                <height>60</height>
                <width>330</width>
                <align>center</align>
                <aligny>center</aligny>
                <font>font13</font>
                <pulseonselect>false</pulseonselect>
            </control>
            <control type="gamecontroller" id="31">
                <left>452</left>
                <top>125</top>
                <width>720</width>
                <height>429</height>
                <include>VisibleFadeEffect</include>
            </control>
            <control type="label">
                <description>Feature types heading</description>
                <top>8</top>
                <left>1264</left>
                <width>330</width>
                <height>40</height>
                <font>font12_title</font>
                <label>35059</label>
                <align>center</align>
                <textcolor>LabelTextColor</textcolor>
            </control>
            <control type="scrollbar" id="50">
                <left>1598</left>
                <top>60</top>
                <width>10</width>
                <height>600</height>
                <onleft>5</onleft>
                <onright>9001</onright>
                <ondown>5</ondown>
                <onup>5</onup>
                <orientation>vertical</orientation>
            </control>
            <control type="grouplist" id="5">
                <description>Feature types grouplist</description>
                <left>1264</left>
                <top>60</top>
                <width>330</width>
                <height>600</height>
                <onleft>3</onleft>
                <onright>50</onright>
                <onup>5</onup>
                <ondown>5</ondown>
                <pagecontrol>50</pagecontrol>
            </control>
            <control type="button" id="7">
                <description>Default feature types button</description>
                <height>60</height>
                <width>330</width>
                <align>center</align>
                <aligny>center</aligny>
                <font>font13</font>
                <pulseonselect>false</pulseonselect>
            </control>
            <control type="label" id="8">
                <description>Feature group title</description>
                <height>60</height>
                <width>330</width>
                <label />
                <align>center</align>
                <font>font13</font>
                <textcolor>NormalTextColor</textcolor>
            </control>
            <control type="image" id="9">
                <include>HiddenObject</include>
            </control>
        </control>
        <control type="grouplist" id="9001">
            <left>29</left>
            <top>790</top>
            <width>1566</width>
            <height>60</height>
            <align>center</align>
            <itemgap>14</itemgap>
            <onup>5</onup>
            <ondown>5</ondown>
            <orientation>horizontal</orientation>
            <control type="button" id="18">
                <description>Ok Button</description>
                <width>381</width>
                <label>186</label>
                <font>font15_title</font>
                <align>center</align>
                <texturenofocus colordiffuse="33787878" border="5">listselect_fo.png</texturenofocus>
            </control>
            <control type="button" id="19">
                <description>Reset Button</description>
                <width>381</width>
                <label>10035</label>
                <font>font15_title</font>
                <align>center</align>
                <texturenofocus colordiffuse="33787878" border="5">listselect_fo.png</texturenofocus>
            </control>
            <control type="button" id="20">
                <description>Link to install more controllers</description>
                <width>381</width>
                <label>$LOCALIZE[21452]</label>
                <font>font15_title</font>
                <align>center</align>
                <texturenofocus colordiffuse="33787878" border="5">listselect_fo.png</texturenofocus>
            </control>
            <control type="button" id="17">
                <description>Help button</description>
                <width>381</width>
                <label>$LOCALIZE[10043]</label>
                <font>font15_title</font>
                <align>center</align>
                <texturenofocus colordiffuse="33787878" border="5">listselect_fo.png</texturenofocus>
            </control>
        </control>
    </controls>
</window>
