<?xml version="1.0" encoding="UTF-8"?>
<includes>
	<include name="Alerts">
		<control type="group">
			<visible>Container(9000).HasFocus(12)</visible>
			<include>SettingsFadeEffect</include>
			<left>470</left>
			<top>0</top>
			<width>1400</width>
			<height>780</height>
			
			<control type="image">
				<visible>Control.HasFocus(308) + !Container(308).IsUpdating</visible>
				<animation effect="fade" time="320" delay="200">Visible</animation>
				<animation effect="fade" time="200">Hidden</animation>
				<left>0</left>
				<top>0</top>
				<width>1400</width>
				<height>660</height>
				<include>FocusedBackgroundFade</include>
				<texture colordiffuse="highlight" border="5">listselect_fo.png</texture>
				<animation effect="slide" end="0,360" time="300"
					tween="cubic" easing="inout"
					condition="Integer.IsGreater(Container(308).Row,1)">Conditional</animation>
				<animation effect="slide" end="0,360" time="300"
					tween="cubic" easing="inout"
					condition="Integer.IsGreater(Container(308).Row,0)">Conditional</animation>
				<animation effect="slide" end="700,0" time="300"
					tween="cubic" easing="inout"
					condition="Integer.IsGreater(Container(308).Column,0)">Conditional</animation>
			</control>

			<control type="panel" id="308">
				<left>0</left>
				<top>0</top>
				<width>1400</width>
				<height>780</height>
				<onup>308</onup>
				<ondown>308</ondown>
				<onleft>9000</onleft>
				<orientation>vertical</orientation>
				<scrolltime tween="quadratic" easing="out">200</scrolltime>
				<itemlayout height="660" width="1400">
					<control type="image">
						<left>10</left>
						<top>10</top>
						<right>10</right>
						<bottom>10</bottom>
						<texture colordiffuse="33787878" border="5">listselect_fo.png</texture>
					</control>
					<control type="image">
						<left>280</left>
						<top>60</top>
						<right>20</right>
						<bottom>20</bottom>
						<texture colordiffuse="background" border="5">thumbnail_bg.png</texture>
					</control>

<!-- 
					<control type="image">
						<description>current weather icon</description>
						<left>40</left>
						<top>80</top>
						<width>220</width>
						<height>220</height>
						<texture>$INFO[ListItem.Icon]</texture>
						<aspectratio align="center" aligny="center">keep</aspectratio>
					</control>
-->					
					<control type="label">
						<left>320</left>
						<right>20</right>
						<top>20</top>
						<width>1060</width>
						<height>50</height>
						<font>font16</font>
						<selectedcolor>highlight</selectedcolor>
						<label>[COLOR yellow]$INFO[ListItem.Label][/COLOR]</label>
					</control>
					<control type="textbox">
						<width>1050</width>
						<left>320</left>
						<top>120</top>
						<height>500</height>
						<font>font15</font>
						<selectedcolor>highlight</selectedcolor>
						<scrolltime>200</scrolltime>
					    <autoscroll delay="3000" time="1000" repeat="10000"></autoscroll>
						<label>$INFO[ListItem.Property(description)]</label>
					</control>

					<control type="image">
						<top>20</top>
						<left>20</left>
						<right>20</right>
						<bottom>20</bottom>
						<texture border="5">overlays/diffuse-overlay.png</texture>
					</control>
				</itemlayout>
				<focusedlayout height="660" width="1400">
					<control type="image">
						<left>10</left>
						<top>10</top>
						<right>10</right>
						<bottom>10</bottom>
						<texture colordiffuse="33787878" border="5">listselect_fo.png</texture>
					</control>
					<control type="image">
						<left>280</left>
						<top>60</top>
						<right>20</right>
						<bottom>20</bottom>
						<texture colordiffuse="background" border="5">thumbnail_bg.png</texture>
					</control>

<!-- 
					<control type="image">
						<description>current weather icon</description>
						<left>40</left>
						<top>80</top>
						<width>220</width>
						<height>220</height>
						<texture>$INFO[ListItem.Icon]</texture>
						<aspectratio align="center" aligny="center">keep</aspectratio>
					</control>
-->					
					<control type="label">
						<left>320</left>
						<right>20</right>
						<top>20</top>
						<width>1060</width>
						<height>50</height>
						<font>font16</font>
						<color>highlight</color>
						<label>[COLOR yellow]$INFO[ListItem.Label][/COLOR]</label>
					</control>
					<control type="textbox">
						<width>1050</width>
						<left>320</left>
						<top>120</top>
						<height>500</height>
						<font>font15</font>
						<scrolltime>200</scrolltime>
					    <autoscroll delay="3000" time="1000" repeat="10000"></autoscroll>
						<label>$INFO[ListItem.Property(description)]</label>
					</control>

					<control type="image">
						<animation center="auto"
							condition="Control.HasFocus(301)" easing="inout" effect="fade"
							end="0" start="100" time="300" tween="sine">Focus</animation>
						<animation center="auto"
							condition="Control.HasFocus(301)" easing="inout" effect="fade"
							end="100" start="0" time="300" tween="sine">UnFocus</animation>
						<top>20</top>
						<left>20</left>
						<right>20</right>
						<height>660</height>
						<texture border="5">overlays/diffuse-overlay.png</texture>
					</control>
				</focusedlayout>
				<content>
					<item>
						<label>$LOCALIZE[31909]</label>
						<icon/>
						<visible>String.IsEmpty(Window.Property(Daily.IsFetched))</visible>
					</item>
					<include content="weather-alert-item">
						<param name="index" value="1" />
					</include>
					<include content="weather-alert-item">
						<param name="index" value="2" />
					</include>
					<include content="weather-alert-item">
						<param name="index" value="3" />
					</include>
					<include content="weather-alert-item">
						<param name="index" value="4" />
					</include>
					<include content="weather-alert-item">
						<param name="index" value="5" />
					</include>
					<include content="weather-alert-item">
						<param name="index" value="6" />
					</include>
					<include content="weather-alert-item">
						<param name="index" value="7" />
					</include>
					<include content="weather-alert-item">
						<param name="index" value="8" />
					</include>
					<include content="weather-alert-item">
						<param name="index" value="9" />
					</include>
					<include content="weather-alert-item">
						<param name="index" value="10" />
					</include>

				</content>
			</control>
		</control>
	</include>
</includes>
