<?xml version="1.0" encoding="UTF-8"?>
<includes>
    <include name="View_52_Thumbnail">
        <control type="group">
            <visible>Control.IsVisible(52) + !$EXP[isInfoDialog]</visible>
            <animation effect="slide" time="0" start="0,0" end="0,15" condition="Window.IsVisible(programs) | Window.IsVisible(addonbrowser)">Conditional</animation>
            <include>Animation.Common</include>
            <control type="group">
                <visible>Integer.IsGreater(Container(52).NumItems,0) + !Container.Content(episodes)</visible>
                <animation effect="fade" time="320" delay="300">Visible</animation>
                <control type="image">
                    <visible>Control.HasFocus(52)</visible>
                    <left>95</left>
                    <top>180</top>
                    <width>330</width>
                    <height>370</height>
                    <include>FocusedBackgroundFade</include>
                    <texture colordiffuse="highlight" border="5">listselect_fo.png</texture>
                    <animation effect="slide" end="0,390" time="300" tween="cubic" easing="inout" condition="Integer.IsGreater(Container(52).Row,0)">Conditional</animation>
                    <animation effect="slide" end="350,0" time="300" tween="cubic" easing="inout" condition="Integer.IsGreater(Container(52).Column,3)">Conditional</animation>
                    <animation effect="slide" end="350,0" time="300" tween="cubic" easing="inout" condition="Integer.IsGreater(Container(52).Column,2)">Conditional</animation>
                    <animation effect="slide" end="350,0" time="300" tween="cubic" easing="inout" condition="Integer.IsGreater(Container(52).Column,1)">Conditional</animation>
                    <animation effect="slide" end="350,0" time="300" tween="cubic" easing="inout" condition="Integer.IsGreater(Container(52).Column,0)">Conditional</animation>
                </control>
            </control>
            <control type="group">
                <visible>Integer.IsGreater(Container(52).NumItems,0) + Container.Content(episodes)</visible>
                <animation effect="fade" time="320" delay="300">Visible</animation>
                <control type="image">
                    <visible>Control.HasFocus(52)</visible>
                    <left>95</left>
                    <top>180</top>
                    <width>330</width>
                    <height>240</height>
                    <include>FocusedBackgroundFade</include>
                    <texture colordiffuse="highlight" border="5">listselect_fo.png</texture>
                    <animation effect="slide" end="0,260" time="300" tween="cubic" easing="inout" condition="Integer.IsGreater(Container(52).Row,1)">Conditional</animation>
                    <animation effect="slide" end="0,260" time="300" tween="cubic" easing="inout" condition="Integer.IsGreater(Container(52).Row,0)">Conditional</animation>
                    <animation effect="slide" end="350,0" time="300" tween="cubic" easing="inout" condition="Integer.IsGreater(Container(52).Column,3)">Conditional</animation>
                    <animation effect="slide" end="350,0" time="300" tween="cubic" easing="inout" condition="Integer.IsGreater(Container(52).Column,2)">Conditional</animation>
                    <animation effect="slide" end="350,0" time="300" tween="cubic" easing="inout" condition="Integer.IsGreater(Container(52).Column,1)">Conditional</animation>
                    <animation effect="slide" end="350,0" time="300" tween="cubic" easing="inout" condition="Integer.IsGreater(Container(52).Column,0)">Conditional</animation>
                </control>
            </control>
            <control type="panel" id="52">
                <top>170</top>
                <left>85</left>
                <width>1750</width>
                <height>780</height>
                <onup>52</onup>
                <ondown>52</ondown>
                <onleft>SetProperty(MediaMenu,True,home)</onleft>
                <onleft>SetFocus(9050)</onleft>
                <onright condition="Container(52).HasNext | Container(52).HasPrevious">60</onright>
                <oninfo condition="$EXP[PluginAdvancedLauncher] + System.HasAddon(script.toolbox)">RunScript(script.toolbox,info=textviewer,header='"$INFO[ListItem.Label]"',text='"$VAR[AdvancedLauncherPlotVar]"')</oninfo>
                <oninfo condition="System.HasAddon(script.extendedinfo) + Container.Content(actors)">RunScript(script.extendedinfo,info=extendedactorinfo,name=$INFO[ListItem.Label])</oninfo>
                <preloaditems>2</preloaditems>
                <pagecontrol>60</pagecontrol>
                <viewtype label="21371">list</viewtype>
                <scrolltime tween="quadratic" easing="out">300</scrolltime>
                <orientation>vertical</orientation>
                <itemlayout height="390" width="350" condition="!Container.Content(episodes)">
                    <include>ThumbnailItemBackground</include>
                    <control type="label">
                        <left>20</left>
                        <right>20</right>
                        <top>327</top>
                        <height>50</height>
                        <label>$VAR[ListMainLabelVar]</label>
                        <visible>![Window.IsActive(pictures) + Skin.HasSetting(PictureInfo.Disabled)]</visible>
                    </control>
                    <control type="image">
                        <left>20</left>
                        <top>20</top>
                        <right>20</right>
                        <height>310</height>
                        <aspectratio scalediffuse="false" align="center" aligny="center">keep</aspectratio>
                        <texture background="true" fallback="DefaultFolder.png" diffuse="diffuse/thumbnail.png">$VAR[ThumbViewImage]</texture>
                        <visible>!Container.Content(albums) + !Container.Content(artists) + !Container.Content(songs) + !Container.Content(addons)</visible>
                    </control>
                    <control type="image">
                        <left>20</left>
                        <top>20</top>
                        <right>20</right>
                        <height>310</height>
                        <aspectratio scalediffuse="false" align="center" aligny="center">scale</aspectratio>
                        <texture fallback="DefaultAudio.png" background="true" diffuse="diffuse/thumbnail.png">$VAR[ThumbViewImage]</texture>
                        <visible>Container.Content(albums) | Container.Content(artists) | Container.Content(songs)</visible>
                    </control>
                    <control type="image">
                        <left>20</left>
                        <top>20</top>
                        <right>20</right>
                        <height>310</height>
                        <aspectratio scalediffuse="false" align="center" aligny="center">scale</aspectratio>
                        <texture fallback="DefaultAddon.png" background="true" diffuse="diffuse/thumbnail.png">$VAR[ThumbViewImage]</texture>
                        <visible>Container.Content(addons)</visible>
                    </control>
                    <control type="image">
                        <top>20</top>
                        <left>20</left>
                        <right>20</right>
                        <height>310</height>
                        <texture border="5">overlays/diffuse-overlay.png</texture>
                    </control>
                    <include content="OverlayIcons">
                        <param name="OverlayLeft" value="272" />
                        <param name="OverlayTop" value="18" />
                    </include>
                </itemlayout>
                <focusedlayout height="390" width="350" condition="!Container.Content(episodes)">
                    <include>ThumbnailItemBackground</include>
                    <control type="label">
                        <left>20</left>
                        <right>20</right>
                        <top>327</top>
                        <height>50</height>
                        <label>$VAR[ListMainLabelVar]</label>
                        <visible>![Window.IsActive(pictures) + Skin.HasSetting(PictureInfo.Disabled)]</visible>
                    </control>
                    <control type="image">
                        <left>20</left>
                        <top>20</top>
                        <right>20</right>
                        <height>310</height>
                        <aspectratio scalediffuse="false" align="center" aligny="center">keep</aspectratio>
                        <texture background="true" fallback="DefaultFolder.png" diffuse="diffuse/thumbnail.png">$VAR[ThumbViewImage]</texture>
                        <visible>!Container.Content(albums) + !Container.Content(artists) + !Container.Content(songs) + !Container.Content(addons)</visible>
                    </control>
                    <control type="image">
                        <left>20</left>
                        <top>20</top>
                        <right>20</right>
                        <height>310</height>
                        <aspectratio scalediffuse="false" align="center" aligny="center">scale</aspectratio>
                        <texture fallback="DefaultAudio.png" background="true" diffuse="diffuse/thumbnail.png">$VAR[ThumbViewImage]</texture>
                        <visible>Container.Content(albums) | Container.Content(artists) | Container.Content(songs)</visible>
                    </control>
                    <control type="image">
                        <left>20</left>
                        <top>20</top>
                        <right>20</right>
                        <height>310</height>
                        <aspectratio scalediffuse="false" align="center" aligny="center">scale</aspectratio>
                        <texture fallback="DefaultAddon.png" background="true" diffuse="diffuse/thumbnail.png">$VAR[ThumbViewImage]</texture>
                        <visible>Container.Content(addons)</visible>
                    </control>
                    <control type="image">
                        <animation center="auto" condition="Control.HasFocus(52)" easing="inout" effect="fade" end="0" start="100" time="300" tween="sine">Focus</animation>
                        <animation center="auto" condition="Control.HasFocus(52)" easing="inout" effect="fade" end="100" start="0" time="300" tween="sine">UnFocus</animation>
                        <top>20</top>
                        <left>20</left>
                        <right>20</right>
                        <height>310</height>
                        <texture border="5">overlays/diffuse-overlay.png</texture>
                    </control>
                    <include content="OverlayIcons">
                        <param name="OverlayLeft" value="272" />
                        <param name="OverlayTop" value="18" />
                    </include>
                </focusedlayout>
                <itemlayout height="260" width="350" condition="Container.Content(episodes)">
                    <control type="image">
                        <left>10</left>
                        <top>10</top>
                        <right>10</right>
                        <bottom>10</bottom>
                        <texture colordiffuse="33787878" border="5">listselect_fo.png</texture>
                    </control>
                    <control type="image">
                        <left>20</left>
                        <top>20</top>
                        <right>20</right>
                        <height>180</height>
                        <texture colordiffuse="background" border="5">thumbnail_bg.png</texture>
                    </control>
                    <control type="label">
                        <left>20</left>
                        <right>20</right>
                        <top>197</top>
                        <height>50</height>
                        <label>$VAR[ListMainLabelVar]</label>
                    </control>
                    <control type="image">
                        <left>20</left>
                        <top>20</top>
                        <right>20</right>
                        <height>180</height>
                        <aspectratio scalediffuse="false" align="center" aligny="center">scale</aspectratio>
                        <texture background="true" diffuse="diffuse/fanart-widget.png">$INFO[ListItem.Art(thumb)]</texture>
                    </control>
                    <control type="image">
                        <visible>String.IsEmpty(ListItem.Art(thumb))</visible>
                        <left>20</left>
                        <top>20</top>
                        <right>20</right>
                        <height>180</height>
                        <aspectratio align="center" aligny="center">keep</aspectratio>
                        <texture background="true">$INFO[ListItem.Icon]</texture>
                    </control>
                    <control type="image">
                        <top>20</top>
                        <left>20</left>
                        <right>20</right>
                        <height>180</height>
                        <texture border="5">overlays/diffuse-overlay.png</texture>
                    </control>
                    <include content="OverlayIcons">
                        <param name="OverlayLeft" value="272" />
                        <param name="OverlayTop" value="18" />
                    </include>
                </itemlayout>
                <focusedlayout height="260" width="350" condition="Container.Content(episodes)">
                    <control type="image">
                        <left>10</left>
                        <top>10</top>
                        <right>10</right>
                        <bottom>10</bottom>
                        <texture colordiffuse="33787878" border="5">listselect_fo.png</texture>
                    </control>
                    <control type="image">
                        <left>20</left>
                        <top>20</top>
                        <right>20</right>
                        <height>180</height>
                        <texture colordiffuse="background" border="5">thumbnail_bg.png</texture>
                    </control>
                    <control type="label">
                        <left>20</left>
                        <right>20</right>
                        <top>197</top>
                        <height>50</height>
                        <label>$VAR[ListMainLabelVar]</label>
                    </control>
                    <control type="image">
                        <left>20</left>
                        <top>20</top>
                        <right>20</right>
                        <height>180</height>
                        <aspectratio scalediffuse="false" align="center" aligny="center">scale</aspectratio>
                        <texture background="true" diffuse="diffuse/fanart-widget.png">$INFO[ListItem.Art(thumb)]</texture>
                    </control>
                    <control type="image">
                        <visible>String.IsEmpty(ListItem.Art(thumb))</visible>
                        <left>20</left>
                        <top>20</top>
                        <right>20</right>
                        <height>180</height>
                        <aspectratio align="center" aligny="center">keep</aspectratio>
                        <texture background="true">$INFO[ListItem.Icon]</texture>
                    </control>
                    <control type="image">
                        <animation center="auto" condition="Control.HasFocus(52)" easing="inout" effect="fade" end="0" start="100" time="300" tween="sine">Focus</animation>
                        <animation center="auto" condition="Control.HasFocus(52)" easing="inout" effect="fade" end="100" start="0" time="300" tween="sine">UnFocus</animation>
                        <top>20</top>
                        <left>20</left>
                        <right>20</right>
                        <height>180</height>
                        <texture border="5">overlays/diffuse-overlay.png</texture>
                    </control>
                    <include content="OverlayIcons">
                        <param name="OverlayLeft" value="272" />
                        <param name="OverlayTop" value="18" />
                    </include>
                </focusedlayout>
            </control>
        </control>
        <control type="group">
            <animation effect="slide" time="0" start="0,0" end="0,15" condition="Window.IsVisible(programs) | Window.IsVisible(addonbrowser)">Conditional</animation>
            <visible>Control.IsVisible(52) + !$EXP[isInfoDialog]</visible>
            <top>-15</top>
            <include>Scrollbar_Vertical</include>
        </control>
    </include>
</includes>